ISO-10303-21;
HEADER;
FILE_DESCRIPTION(('KiCad electronic assembly'),'2;1');
FILE_NAME('buck-conv-actual.step','2024-09-18T14:37:47',('Pcbnew'),(
    'Kicad'),'Open CASCADE STEP processor 7.8','KiCad to STEP converter'
  ,'Unknown');
FILE_SCHEMA(('AUTOMOTIVE_DESIGN { 1 0 10303 214 1 1 1 1 }'));
ENDSEC;
DATA;
#1 = APPLICATION_PROTOCOL_DEFINITION('international standard',
  'automotive_design',2000,#2);
#2 = APPLICATION_CONTEXT(
  'core data for automotive mechanical design processes');
#3 = SHAPE_DEFINITION_REPRESENTATION(#4,#10);
#4 = PRODUCT_DEFINITION_SHAPE('','',#5);
#5 = PRODUCT_DEFINITION('design','',#6,#9);
#6 = PRODUCT_DEFINITION_FORMATION('','',#7);
#7 = PRODUCT('buck-conv-actual 1','buck-conv-actual 1','',(#8));
#8 = PRODUCT_CONTEXT('',#2,'mechanical');
#9 = PRODUCT_DEFINITION_CONTEXT('part definition',#2,'design');
#10 = SHAPE_REPRESENTATION('',(#11,#15,#19,#23),#27);
#11 = AXIS2_PLACEMENT_3D('',#12,#13,#14);
#12 = CARTESIAN_POINT('',(0.,0.,0.));
#13 = DIRECTION('',(0.,0.,1.));
#14 = DIRECTION('',(1.,0.,-0.));
#15 = AXIS2_PLACEMENT_3D('',#16,#17,#18);
#16 = CARTESIAN_POINT('',(20.32,3.8,-5.E-02));
#17 = DIRECTION('',(1.499759782662E-32,1.224646799147E-16,-1.));
#18 = DIRECTION('',(-1.,1.224646799147E-16,0.));
#19 = AXIS2_PLACEMENT_3D('',#20,#21,#22);
#20 = CARTESIAN_POINT('',(-17.78,3.8,-5.E-02));
#21 = DIRECTION('',(1.499759782662E-32,1.224646799147E-16,-1.));
#22 = DIRECTION('',(-1.,1.224646799147E-16,0.));
#23 = AXIS2_PLACEMENT_3D('',#24,#25,#26);
#24 = CARTESIAN_POINT('',(0.,0.,0.));
#25 = DIRECTION('',(0.,0.,1.));
#26 = DIRECTION('',(1.,0.,-0.));
#27 = ( GEOMETRIC_REPRESENTATION_CONTEXT(3) 
GLOBAL_UNCERTAINTY_ASSIGNED_CONTEXT((#31)) GLOBAL_UNIT_ASSIGNED_CONTEXT(
(#28,#29,#30)) REPRESENTATION_CONTEXT('Context #1',
  '3D Context with UNIT and UNCERTAINTY') );
#28 = ( LENGTH_UNIT() NAMED_UNIT(*) SI_UNIT(.MILLI.,.METRE.) );
#29 = ( NAMED_UNIT(*) PLANE_ANGLE_UNIT() SI_UNIT($,.RADIAN.) );
#30 = ( NAMED_UNIT(*) SI_UNIT($,.STERADIAN.) SOLID_ANGLE_UNIT() );
#31 = UNCERTAINTY_MEASURE_WITH_UNIT(LENGTH_MEASURE(1.E-07),#28,
  'distance_accuracy_value','confusion accuracy');
#32 = PRODUCT_RELATED_PRODUCT_CATEGORY('part',$,(#7));
#33 = SHAPE_DEFINITION_REPRESENTATION(#34,#40);
#34 = PRODUCT_DEFINITION_SHAPE('','',#35);
#35 = PRODUCT_DEFINITION('design','',#36,#39);
#36 = PRODUCT_DEFINITION_FORMATION('','',#37);
#37 = PRODUCT('PinHeader_2x04_P2.54mm_Vertical',
  'PinHeader_2x04_P2.54mm_Vertical','',(#38));
#38 = PRODUCT_CONTEXT('',#2,'mechanical');
#39 = PRODUCT_DEFINITION_CONTEXT('part definition',#2,'design');
#40 = SHAPE_REPRESENTATION('',(#11,#41),#45);
#41 = AXIS2_PLACEMENT_3D('',#42,#43,#44);
#42 = CARTESIAN_POINT('',(0.,0.,0.));
#43 = DIRECTION('',(0.,0.,1.));
#44 = DIRECTION('',(1.,0.,-0.));
#45 = ( GEOMETRIC_REPRESENTATION_CONTEXT(3) 
GLOBAL_UNCERTAINTY_ASSIGNED_CONTEXT((#49)) GLOBAL_UNIT_ASSIGNED_CONTEXT(
(#46,#47,#48)) REPRESENTATION_CONTEXT('Context #1',
  '3D Context with UNIT and UNCERTAINTY') );
#46 = ( LENGTH_UNIT() NAMED_UNIT(*) SI_UNIT(.MILLI.,.METRE.) );
#47 = ( NAMED_UNIT(*) PLANE_ANGLE_UNIT() SI_UNIT($,.RADIAN.) );
#48 = ( NAMED_UNIT(*) SI_UNIT($,.STERADIAN.) SOLID_ANGLE_UNIT() );
#49 = UNCERTAINTY_MEASURE_WITH_UNIT(LENGTH_MEASURE(1.E-07),#46,
  'distance_accuracy_value','confusion accuracy');
#50 = CONTEXT_DEPENDENT_SHAPE_REPRESENTATION(#51,#53);
#51 = ( REPRESENTATION_RELATIONSHIP('','',#40,#10) 
REPRESENTATION_RELATIONSHIP_WITH_TRANSFORMATION(#52) 
SHAPE_REPRESENTATION_RELATIONSHIP() );
#52 = ITEM_DEFINED_TRANSFORMATION('','',#11,#15);
#53 = PRODUCT_DEFINITION_SHAPE('Placement','Placement of an item',#54);
#54 = NEXT_ASSEMBLY_USAGE_OCCURRENCE('2','REF**','',#5,#35,$);
#55 = PRODUCT_RELATED_PRODUCT_CATEGORY('part',$,(#37));
#56 = SHAPE_DEFINITION_REPRESENTATION(#57,#63);
#57 = PRODUCT_DEFINITION_SHAPE('','',#58);
#58 = PRODUCT_DEFINITION('design','',#59,#62);
#59 = PRODUCT_DEFINITION_FORMATION('','',#60);
#60 = PRODUCT('PinHeader_2x04_P254mm_Vertical',
  'PinHeader_2x04_P254mm_Vertical','',(#61));
#61 = PRODUCT_CONTEXT('',#2,'mechanical');
#62 = PRODUCT_DEFINITION_CONTEXT('part definition',#2,'design');
#63 = ADVANCED_BREP_SHAPE_REPRESENTATION('',(#11,#64),#4748);
#64 = MANIFOLD_SOLID_BREP('',#65);
#65 = CLOSED_SHELL('',(#66,#106,#137,#168,#633,#1098,#1115,#1132,#1149,
    #1166,#1183,#1200,#1217,#1234,#1251,#1268,#1285,#1302,#1319,#1336,
    #1353,#1370,#1387,#1404,#1421,#1438,#1455,#1472,#1484,#1515,#1539,
    #1563,#1580,#1611,#1635,#1659,#1676,#1707,#1731,#1755,#1772,#1803,
    #1827,#1851,#1868,#1899,#1923,#1947,#1964,#1995,#2019,#2043,#2060,
    #2091,#2115,#2139,#2156,#2187,#2211,#2235,#2252,#2283,#2307,#2331,
    #2348,#2379,#2403,#2427,#2444,#2475,#2499,#2523,#2540,#2571,#2595,
    #2619,#2636,#2667,#2691,#2715,#2732,#2763,#2787,#2811,#2828,#2859,
    #2883,#2907,#2924,#2955,#2979,#3003,#3020,#3051,#3075,#3099,#3116,
    #3147,#3171,#3195,#3212,#3243,#3267,#3291,#3308,#3339,#3363,#3387,
    #3404,#3435,#3459,#3483,#3500,#3531,#3555,#3579,#3596,#3627,#3651,
    #3675,#3692,#3723,#3747,#3771,#3788,#3819,#3843,#3867,#3884,#3915,
    #3939,#3963,#3980,#4011,#4035,#4059,#4076,#4107,#4131,#4155,#4172,
    #4203,#4227,#4251,#4268,#4299,#4323,#4347,#4364,#4395,#4419,#4443,
    #4460,#4491,#4515,#4539,#4556,#4568,#4580,#4592,#4604,#4616,#4628,
    #4640,#4652,#4664,#4676,#4688,#4700,#4712,#4724,#4736));
#66 = ADVANCED_FACE('',(#67),#101,.F.);
#67 = FACE_BOUND('',#68,.F.);
#68 = EDGE_LOOP('',(#69,#79,#87,#95));
#69 = ORIENTED_EDGE('',*,*,#70,.T.);
#70 = EDGE_CURVE('',#71,#73,#75,.T.);
#71 = VERTEX_POINT('',#72);
#72 = CARTESIAN_POINT('',(-1.016,1.27,0.));
#73 = VERTEX_POINT('',#74);
#74 = CARTESIAN_POINT('',(-1.016,1.27,2.54));
#75 = LINE('',#76,#77);
#76 = CARTESIAN_POINT('',(-1.016,1.27,0.));
#77 = VECTOR('',#78,1.);
#78 = DIRECTION('',(0.,0.,1.));
#79 = ORIENTED_EDGE('',*,*,#80,.T.);
#80 = EDGE_CURVE('',#73,#81,#83,.T.);
#81 = VERTEX_POINT('',#82);
#82 = CARTESIAN_POINT('',(-1.27,1.016,2.54));
#83 = LINE('',#84,#85);
#84 = CARTESIAN_POINT('',(-1.016,1.27,2.54));
#85 = VECTOR('',#86,1.);
#86 = DIRECTION('',(-0.707106781187,-0.707106781187,0.));
#87 = ORIENTED_EDGE('',*,*,#88,.F.);
#88 = EDGE_CURVE('',#89,#81,#91,.T.);
#89 = VERTEX_POINT('',#90);
#90 = CARTESIAN_POINT('',(-1.27,1.016,0.));
#91 = LINE('',#92,#93);
#92 = CARTESIAN_POINT('',(-1.27,1.016,0.));
#93 = VECTOR('',#94,1.);
#94 = DIRECTION('',(0.,0.,1.));
#95 = ORIENTED_EDGE('',*,*,#96,.F.);
#96 = EDGE_CURVE('',#71,#89,#97,.T.);
#97 = LINE('',#98,#99);
#98 = CARTESIAN_POINT('',(-1.016,1.27,0.));
#99 = VECTOR('',#100,1.);
#100 = DIRECTION('',(-0.707106781187,-0.707106781187,0.));
#101 = PLANE('',#102);
#102 = AXIS2_PLACEMENT_3D('',#103,#104,#105);
#103 = CARTESIAN_POINT('',(-1.016,1.27,0.));
#104 = DIRECTION('',(0.707106781187,-0.707106781187,0.));
#105 = DIRECTION('',(-0.707106781187,-0.707106781187,0.));
#106 = ADVANCED_FACE('',(#107),#132,.F.);
#107 = FACE_BOUND('',#108,.F.);
#108 = EDGE_LOOP('',(#109,#119,#125,#126));
#109 = ORIENTED_EDGE('',*,*,#110,.T.);
#110 = EDGE_CURVE('',#111,#113,#115,.T.);
#111 = VERTEX_POINT('',#112);
#112 = CARTESIAN_POINT('',(3.556,1.27,0.));
#113 = VERTEX_POINT('',#114);
#114 = CARTESIAN_POINT('',(3.556,1.27,2.54));
#115 = LINE('',#116,#117);
#116 = CARTESIAN_POINT('',(3.556,1.27,0.));
#117 = VECTOR('',#118,1.);
#118 = DIRECTION('',(0.,0.,1.));
#119 = ORIENTED_EDGE('',*,*,#120,.T.);
#120 = EDGE_CURVE('',#113,#73,#121,.T.);
#121 = LINE('',#122,#123);
#122 = CARTESIAN_POINT('',(3.556,1.27,2.54));
#123 = VECTOR('',#124,1.);
#124 = DIRECTION('',(-1.,0.,0.));
#125 = ORIENTED_EDGE('',*,*,#70,.F.);
#126 = ORIENTED_EDGE('',*,*,#127,.F.);
#127 = EDGE_CURVE('',#111,#71,#128,.T.);
#128 = LINE('',#129,#130);
#129 = CARTESIAN_POINT('',(3.556,1.27,0.));
#130 = VECTOR('',#131,1.);
#131 = DIRECTION('',(-1.,0.,0.));
#132 = PLANE('',#133);
#133 = AXIS2_PLACEMENT_3D('',#134,#135,#136);
#134 = CARTESIAN_POINT('',(3.556,1.27,0.));
#135 = DIRECTION('',(0.,-1.,0.));
#136 = DIRECTION('',(-1.,0.,0.));
#137 = ADVANCED_FACE('',(#138),#163,.F.);
#138 = FACE_BOUND('',#139,.F.);
#139 = EDGE_LOOP('',(#140,#141,#149,#157));
#140 = ORIENTED_EDGE('',*,*,#88,.T.);
#141 = ORIENTED_EDGE('',*,*,#142,.T.);
#142 = EDGE_CURVE('',#81,#143,#145,.T.);
#143 = VERTEX_POINT('',#144);
#144 = CARTESIAN_POINT('',(-1.27,-1.016,2.54));
#145 = LINE('',#146,#147);
#146 = CARTESIAN_POINT('',(-1.27,1.016,2.54));
#147 = VECTOR('',#148,1.);
#148 = DIRECTION('',(0.,-1.,0.));
#149 = ORIENTED_EDGE('',*,*,#150,.F.);
#150 = EDGE_CURVE('',#151,#143,#153,.T.);
#151 = VERTEX_POINT('',#152);
#152 = CARTESIAN_POINT('',(-1.27,-1.016,0.));
#153 = LINE('',#154,#155);
#154 = CARTESIAN_POINT('',(-1.27,-1.016,0.));
#155 = VECTOR('',#156,1.);
#156 = DIRECTION('',(0.,0.,1.));
#157 = ORIENTED_EDGE('',*,*,#158,.F.);
#158 = EDGE_CURVE('',#89,#151,#159,.T.);
#159 = LINE('',#160,#161);
#160 = CARTESIAN_POINT('',(-1.27,1.016,0.));
#161 = VECTOR('',#162,1.);
#162 = DIRECTION('',(0.,-1.,0.));
#163 = PLANE('',#164);
#164 = AXIS2_PLACEMENT_3D('',#165,#166,#167);
#165 = CARTESIAN_POINT('',(-1.27,1.016,0.));
#166 = DIRECTION('',(1.,0.,0.));
#167 = DIRECTION('',(0.,-1.,0.));
#168 = ADVANCED_FACE('',(#169,#356,#390,#424,#458,#492,#526,#560,#594),
  #628,.F.);
#169 = FACE_BOUND('',#170,.F.);
#170 = EDGE_LOOP('',(#171,#172,#173,#181,#189,#197,#205,#213,#221,#229,
    #237,#245,#253,#261,#269,#277,#285,#293,#301,#309,#317,#325,#333,
    #341,#349,#355));
#171 = ORIENTED_EDGE('',*,*,#96,.T.);
#172 = ORIENTED_EDGE('',*,*,#158,.T.);
#173 = ORIENTED_EDGE('',*,*,#174,.T.);
#174 = EDGE_CURVE('',#151,#175,#177,.T.);
#175 = VERTEX_POINT('',#176);
#176 = CARTESIAN_POINT('',(-1.016,-1.27,0.));
#177 = LINE('',#178,#179);
#178 = CARTESIAN_POINT('',(-1.27,-1.016,0.));
#179 = VECTOR('',#180,1.);
#180 = DIRECTION('',(0.707106781187,-0.707106781187,0.));
#181 = ORIENTED_EDGE('',*,*,#182,.T.);
#182 = EDGE_CURVE('',#175,#183,#185,.T.);
#183 = VERTEX_POINT('',#184);
#184 = CARTESIAN_POINT('',(-1.27,-1.524,0.));
#185 = LINE('',#186,#187);
#186 = CARTESIAN_POINT('',(-1.016,-1.27,0.));
#187 = VECTOR('',#188,1.);
#188 = DIRECTION('',(-0.707106781187,-0.707106781187,0.));
#189 = ORIENTED_EDGE('',*,*,#190,.T.);
#190 = EDGE_CURVE('',#183,#191,#193,.T.);
#191 = VERTEX_POINT('',#192);
#192 = CARTESIAN_POINT('',(-1.27,-3.556,0.));
#193 = LINE('',#194,#195);
#194 = CARTESIAN_POINT('',(-1.27,-1.524,0.));
#195 = VECTOR('',#196,1.);
#196 = DIRECTION('',(0.,-1.,0.));
#197 = ORIENTED_EDGE('',*,*,#198,.T.);
#198 = EDGE_CURVE('',#191,#199,#201,.T.);
#199 = VERTEX_POINT('',#200);
#200 = CARTESIAN_POINT('',(-1.016,-3.81,0.));
#201 = LINE('',#202,#203);
#202 = CARTESIAN_POINT('',(-1.27,-3.556,0.));
#203 = VECTOR('',#204,1.);
#204 = DIRECTION('',(0.707106781187,-0.707106781187,0.));
#205 = ORIENTED_EDGE('',*,*,#206,.T.);
#206 = EDGE_CURVE('',#199,#207,#209,.T.);
#207 = VERTEX_POINT('',#208);
#208 = CARTESIAN_POINT('',(-1.27,-4.064,0.));
#209 = LINE('',#210,#211);
#210 = CARTESIAN_POINT('',(-1.016,-3.81,0.));
#211 = VECTOR('',#212,1.);
#212 = DIRECTION('',(-0.707106781187,-0.707106781187,0.));
#213 = ORIENTED_EDGE('',*,*,#214,.T.);
#214 = EDGE_CURVE('',#207,#215,#217,.T.);
#215 = VERTEX_POINT('',#216);
#216 = CARTESIAN_POINT('',(-1.27,-6.096,0.));
#217 = LINE('',#218,#219);
#218 = CARTESIAN_POINT('',(-1.27,-4.064,0.));
#219 = VECTOR('',#220,1.);
#220 = DIRECTION('',(0.,-1.,0.));
#221 = ORIENTED_EDGE('',*,*,#222,.T.);
#222 = EDGE_CURVE('',#215,#223,#225,.T.);
#223 = VERTEX_POINT('',#224);
#224 = CARTESIAN_POINT('',(-1.016,-6.35,0.));
#225 = LINE('',#226,#227);
#226 = CARTESIAN_POINT('',(-1.27,-6.096,0.));
#227 = VECTOR('',#228,1.);
#228 = DIRECTION('',(0.707106781187,-0.707106781187,0.));
#229 = ORIENTED_EDGE('',*,*,#230,.T.);
#230 = EDGE_CURVE('',#223,#231,#233,.T.);
#231 = VERTEX_POINT('',#232);
#232 = CARTESIAN_POINT('',(-1.27,-6.604,0.));
#233 = LINE('',#234,#235);
#234 = CARTESIAN_POINT('',(-1.016,-6.35,0.));
#235 = VECTOR('',#236,1.);
#236 = DIRECTION('',(-0.707106781187,-0.707106781187,0.));
#237 = ORIENTED_EDGE('',*,*,#238,.T.);
#238 = EDGE_CURVE('',#231,#239,#241,.T.);
#239 = VERTEX_POINT('',#240);
#240 = CARTESIAN_POINT('',(-1.27,-8.636,0.));
#241 = LINE('',#242,#243);
#242 = CARTESIAN_POINT('',(-1.27,-6.604,0.));
#243 = VECTOR('',#244,1.);
#244 = DIRECTION('',(0.,-1.,0.));
#245 = ORIENTED_EDGE('',*,*,#246,.T.);
#246 = EDGE_CURVE('',#239,#247,#249,.T.);
#247 = VERTEX_POINT('',#248);
#248 = CARTESIAN_POINT('',(-1.016,-8.89,0.));
#249 = LINE('',#250,#251);
#250 = CARTESIAN_POINT('',(-1.27,-8.636,0.));
#251 = VECTOR('',#252,1.);
#252 = DIRECTION('',(0.707106781187,-0.707106781187,0.));
#253 = ORIENTED_EDGE('',*,*,#254,.T.);
#254 = EDGE_CURVE('',#247,#255,#257,.T.);
#255 = VERTEX_POINT('',#256);
#256 = CARTESIAN_POINT('',(3.556,-8.89,0.));
#257 = LINE('',#258,#259);
#258 = CARTESIAN_POINT('',(-1.016,-8.89,0.));
#259 = VECTOR('',#260,1.);
#260 = DIRECTION('',(1.,0.,0.));
#261 = ORIENTED_EDGE('',*,*,#262,.T.);
#262 = EDGE_CURVE('',#255,#263,#265,.T.);
#263 = VERTEX_POINT('',#264);
#264 = CARTESIAN_POINT('',(3.81,-8.636,0.));
#265 = LINE('',#266,#267);
#266 = CARTESIAN_POINT('',(3.556,-8.89,0.));
#267 = VECTOR('',#268,1.);
#268 = DIRECTION('',(0.707106781187,0.707106781187,0.));
#269 = ORIENTED_EDGE('',*,*,#270,.T.);
#270 = EDGE_CURVE('',#263,#271,#273,.T.);
#271 = VERTEX_POINT('',#272);
#272 = CARTESIAN_POINT('',(3.81,-6.604,0.));
#273 = LINE('',#274,#275);
#274 = CARTESIAN_POINT('',(3.81,-8.636,0.));
#275 = VECTOR('',#276,1.);
#276 = DIRECTION('',(0.,1.,0.));
#277 = ORIENTED_EDGE('',*,*,#278,.T.);
#278 = EDGE_CURVE('',#271,#279,#281,.T.);
#279 = VERTEX_POINT('',#280);
#280 = CARTESIAN_POINT('',(3.556,-6.35,0.));
#281 = LINE('',#282,#283);
#282 = CARTESIAN_POINT('',(3.81,-6.604,0.));
#283 = VECTOR('',#284,1.);
#284 = DIRECTION('',(-0.707106781187,0.707106781187,0.));
#285 = ORIENTED_EDGE('',*,*,#286,.T.);
#286 = EDGE_CURVE('',#279,#287,#289,.T.);
#287 = VERTEX_POINT('',#288);
#288 = CARTESIAN_POINT('',(3.81,-6.096,0.));
#289 = LINE('',#290,#291);
#290 = CARTESIAN_POINT('',(3.556,-6.35,0.));
#291 = VECTOR('',#292,1.);
#292 = DIRECTION('',(0.707106781187,0.707106781187,0.));
#293 = ORIENTED_EDGE('',*,*,#294,.T.);
#294 = EDGE_CURVE('',#287,#295,#297,.T.);
#295 = VERTEX_POINT('',#296);
#296 = CARTESIAN_POINT('',(3.81,-4.064,0.));
#297 = LINE('',#298,#299);
#298 = CARTESIAN_POINT('',(3.81,-6.096,0.));
#299 = VECTOR('',#300,1.);
#300 = DIRECTION('',(0.,1.,0.));
#301 = ORIENTED_EDGE('',*,*,#302,.T.);
#302 = EDGE_CURVE('',#295,#303,#305,.T.);
#303 = VERTEX_POINT('',#304);
#304 = CARTESIAN_POINT('',(3.556,-3.81,0.));
#305 = LINE('',#306,#307);
#306 = CARTESIAN_POINT('',(3.81,-4.064,0.));
#307 = VECTOR('',#308,1.);
#308 = DIRECTION('',(-0.707106781187,0.707106781187,0.));
#309 = ORIENTED_EDGE('',*,*,#310,.T.);
#310 = EDGE_CURVE('',#303,#311,#313,.T.);
#311 = VERTEX_POINT('',#312);
#312 = CARTESIAN_POINT('',(3.81,-3.556,0.));
#313 = LINE('',#314,#315);
#314 = CARTESIAN_POINT('',(3.556,-3.81,0.));
#315 = VECTOR('',#316,1.);
#316 = DIRECTION('',(0.707106781187,0.707106781187,0.));
#317 = ORIENTED_EDGE('',*,*,#318,.T.);
#318 = EDGE_CURVE('',#311,#319,#321,.T.);
#319 = VERTEX_POINT('',#320);
#320 = CARTESIAN_POINT('',(3.81,-1.524,0.));
#321 = LINE('',#322,#323);
#322 = CARTESIAN_POINT('',(3.81,-3.556,0.));
#323 = VECTOR('',#324,1.);
#324 = DIRECTION('',(0.,1.,0.));
#325 = ORIENTED_EDGE('',*,*,#326,.T.);
#326 = EDGE_CURVE('',#319,#327,#329,.T.);
#327 = VERTEX_POINT('',#328);
#328 = CARTESIAN_POINT('',(3.556,-1.27,0.));
#329 = LINE('',#330,#331);
#330 = CARTESIAN_POINT('',(3.81,-1.524,0.));
#331 = VECTOR('',#332,1.);
#332 = DIRECTION('',(-0.707106781187,0.707106781187,0.));
#333 = ORIENTED_EDGE('',*,*,#334,.T.);
#334 = EDGE_CURVE('',#327,#335,#337,.T.);
#335 = VERTEX_POINT('',#336);
#336 = CARTESIAN_POINT('',(3.81,-1.016,0.));
#337 = LINE('',#338,#339);
#338 = CARTESIAN_POINT('',(3.556,-1.27,0.));
#339 = VECTOR('',#340,1.);
#340 = DIRECTION('',(0.707106781187,0.707106781187,0.));
#341 = ORIENTED_EDGE('',*,*,#342,.T.);
#342 = EDGE_CURVE('',#335,#343,#345,.T.);
#343 = VERTEX_POINT('',#344);
#344 = CARTESIAN_POINT('',(3.81,1.016,0.));
#345 = LINE('',#346,#347);
#346 = CARTESIAN_POINT('',(3.81,-1.016,0.));
#347 = VECTOR('',#348,1.);
#348 = DIRECTION('',(0.,1.,0.));
#349 = ORIENTED_EDGE('',*,*,#350,.T.);
#350 = EDGE_CURVE('',#343,#111,#351,.T.);
#351 = LINE('',#352,#353);
#352 = CARTESIAN_POINT('',(3.81,1.016,0.));
#353 = VECTOR('',#354,1.);
#354 = DIRECTION('',(-0.707106781187,0.707106781187,0.));
#355 = ORIENTED_EDGE('',*,*,#127,.T.);
#356 = FACE_BOUND('',#357,.F.);
#357 = EDGE_LOOP('',(#358,#368,#376,#384));
#358 = ORIENTED_EDGE('',*,*,#359,.F.);
#359 = EDGE_CURVE('',#360,#362,#364,.T.);
#360 = VERTEX_POINT('',#361);
#361 = CARTESIAN_POINT('',(2.86,-4.76,0.));
#362 = VERTEX_POINT('',#363);
#363 = CARTESIAN_POINT('',(2.22,-4.76,0.));
#364 = LINE('',#365,#366);
#365 = CARTESIAN_POINT('',(1.745,-4.76,0.));
#366 = VECTOR('',#367,1.);
#367 = DIRECTION('',(-1.,0.,0.));
#368 = ORIENTED_EDGE('',*,*,#369,.F.);
#369 = EDGE_CURVE('',#370,#360,#372,.T.);
#370 = VERTEX_POINT('',#371);
#371 = CARTESIAN_POINT('',(2.86,-5.4,0.));
#372 = LINE('',#373,#374);
#373 = CARTESIAN_POINT('',(2.86,-4.605,0.));
#374 = VECTOR('',#375,1.);
#375 = DIRECTION('',(0.,1.,0.));
#376 = ORIENTED_EDGE('',*,*,#377,.T.);
#377 = EDGE_CURVE('',#370,#378,#380,.T.);
#378 = VERTEX_POINT('',#379);
#379 = CARTESIAN_POINT('',(2.22,-5.4,0.));
#380 = LINE('',#381,#382);
#381 = CARTESIAN_POINT('',(1.745,-5.4,0.));
#382 = VECTOR('',#383,1.);
#383 = DIRECTION('',(-1.,0.,0.));
#384 = ORIENTED_EDGE('',*,*,#385,.T.);
#385 = EDGE_CURVE('',#378,#362,#386,.T.);
#386 = LINE('',#387,#388);
#387 = CARTESIAN_POINT('',(2.22,-4.605,0.));
#388 = VECTOR('',#389,1.);
#389 = DIRECTION('',(0.,1.,0.));
#390 = FACE_BOUND('',#391,.F.);
#391 = EDGE_LOOP('',(#392,#402,#410,#418));
#392 = ORIENTED_EDGE('',*,*,#393,.F.);
#393 = EDGE_CURVE('',#394,#396,#398,.T.);
#394 = VERTEX_POINT('',#395);
#395 = CARTESIAN_POINT('',(0.32,-5.4,0.));
#396 = VERTEX_POINT('',#397);
#397 = CARTESIAN_POINT('',(0.32,-4.76,0.));
#398 = LINE('',#399,#400);
#399 = CARTESIAN_POINT('',(0.32,-4.605,0.));
#400 = VECTOR('',#401,1.);
#401 = DIRECTION('',(0.,1.,0.));
#402 = ORIENTED_EDGE('',*,*,#403,.T.);
#403 = EDGE_CURVE('',#394,#404,#406,.T.);
#404 = VERTEX_POINT('',#405);
#405 = CARTESIAN_POINT('',(-0.32,-5.4,0.));
#406 = LINE('',#407,#408);
#407 = CARTESIAN_POINT('',(0.475,-5.4,0.));
#408 = VECTOR('',#409,1.);
#409 = DIRECTION('',(-1.,0.,0.));
#410 = ORIENTED_EDGE('',*,*,#411,.T.);
#411 = EDGE_CURVE('',#404,#412,#414,.T.);
#412 = VERTEX_POINT('',#413);
#413 = CARTESIAN_POINT('',(-0.32,-4.76,0.));
#414 = LINE('',#415,#416);
#415 = CARTESIAN_POINT('',(-0.32,-4.605,0.));
#416 = VECTOR('',#417,1.);
#417 = DIRECTION('',(0.,1.,0.));
#418 = ORIENTED_EDGE('',*,*,#419,.F.);
#419 = EDGE_CURVE('',#396,#412,#420,.T.);
#420 = LINE('',#421,#422);
#421 = CARTESIAN_POINT('',(0.475,-4.76,0.));
#422 = VECTOR('',#423,1.);
#423 = DIRECTION('',(-1.,0.,0.));
#424 = FACE_BOUND('',#425,.F.);
#425 = EDGE_LOOP('',(#426,#436,#444,#452));
#426 = ORIENTED_EDGE('',*,*,#427,.F.);
#427 = EDGE_CURVE('',#428,#430,#432,.T.);
#428 = VERTEX_POINT('',#429);
#429 = CARTESIAN_POINT('',(0.32,0.32,0.));
#430 = VERTEX_POINT('',#431);
#431 = CARTESIAN_POINT('',(-0.32,0.32,0.));
#432 = LINE('',#433,#434);
#433 = CARTESIAN_POINT('',(0.475,0.32,0.));
#434 = VECTOR('',#435,1.);
#435 = DIRECTION('',(-1.,0.,0.));
#436 = ORIENTED_EDGE('',*,*,#437,.F.);
#437 = EDGE_CURVE('',#438,#428,#440,.T.);
#438 = VERTEX_POINT('',#439);
#439 = CARTESIAN_POINT('',(0.32,-0.32,0.));
#440 = LINE('',#441,#442);
#441 = CARTESIAN_POINT('',(0.32,-2.065,0.));
#442 = VECTOR('',#443,1.);
#443 = DIRECTION('',(0.,1.,0.));
#444 = ORIENTED_EDGE('',*,*,#445,.T.);
#445 = EDGE_CURVE('',#438,#446,#448,.T.);
#446 = VERTEX_POINT('',#447);
#447 = CARTESIAN_POINT('',(-0.32,-0.32,0.));
#448 = LINE('',#449,#450);
#449 = CARTESIAN_POINT('',(0.475,-0.32,0.));
#450 = VECTOR('',#451,1.);
#451 = DIRECTION('',(-1.,0.,0.));
#452 = ORIENTED_EDGE('',*,*,#453,.T.);
#453 = EDGE_CURVE('',#446,#430,#454,.T.);
#454 = LINE('',#455,#456);
#455 = CARTESIAN_POINT('',(-0.32,-2.065,0.));
#456 = VECTOR('',#457,1.);
#457 = DIRECTION('',(0.,1.,0.));
#458 = FACE_BOUND('',#459,.F.);
#459 = EDGE_LOOP('',(#460,#470,#478,#486));
#460 = ORIENTED_EDGE('',*,*,#461,.F.);
#461 = EDGE_CURVE('',#462,#464,#466,.T.);
#462 = VERTEX_POINT('',#463);
#463 = CARTESIAN_POINT('',(0.32,-2.86,0.));
#464 = VERTEX_POINT('',#465);
#465 = CARTESIAN_POINT('',(0.32,-2.22,0.));
#466 = LINE('',#467,#468);
#467 = CARTESIAN_POINT('',(0.32,-3.335,0.));
#468 = VECTOR('',#469,1.);
#469 = DIRECTION('',(0.,1.,0.));
#470 = ORIENTED_EDGE('',*,*,#471,.T.);
#471 = EDGE_CURVE('',#462,#472,#474,.T.);
#472 = VERTEX_POINT('',#473);
#473 = CARTESIAN_POINT('',(-0.32,-2.86,0.));
#474 = LINE('',#475,#476);
#475 = CARTESIAN_POINT('',(0.475,-2.86,0.));
#476 = VECTOR('',#477,1.);
#477 = DIRECTION('',(-1.,0.,0.));
#478 = ORIENTED_EDGE('',*,*,#479,.T.);
#479 = EDGE_CURVE('',#472,#480,#482,.T.);
#480 = VERTEX_POINT('',#481);
#481 = CARTESIAN_POINT('',(-0.32,-2.22,0.));
#482 = LINE('',#483,#484);
#483 = CARTESIAN_POINT('',(-0.32,-3.335,0.));
#484 = VECTOR('',#485,1.);
#485 = DIRECTION('',(0.,1.,0.));
#486 = ORIENTED_EDGE('',*,*,#487,.F.);
#487 = EDGE_CURVE('',#464,#480,#488,.T.);
#488 = LINE('',#489,#490);
#489 = CARTESIAN_POINT('',(0.475,-2.22,0.));
#490 = VECTOR('',#491,1.);
#491 = DIRECTION('',(-1.,0.,0.));
#492 = FACE_BOUND('',#493,.F.);
#493 = EDGE_LOOP('',(#494,#504,#512,#520));
#494 = ORIENTED_EDGE('',*,*,#495,.F.);
#495 = EDGE_CURVE('',#496,#498,#500,.T.);
#496 = VERTEX_POINT('',#497);
#497 = CARTESIAN_POINT('',(2.86,0.32,0.));
#498 = VERTEX_POINT('',#499);
#499 = CARTESIAN_POINT('',(2.22,0.32,0.));
#500 = LINE('',#501,#502);
#501 = CARTESIAN_POINT('',(1.745,0.32,0.));
#502 = VECTOR('',#503,1.);
#503 = DIRECTION('',(-1.,0.,0.));
#504 = ORIENTED_EDGE('',*,*,#505,.F.);
#505 = EDGE_CURVE('',#506,#496,#508,.T.);
#506 = VERTEX_POINT('',#507);
#507 = CARTESIAN_POINT('',(2.86,-0.32,0.));
#508 = LINE('',#509,#510);
#509 = CARTESIAN_POINT('',(2.86,-2.065,0.));
#510 = VECTOR('',#511,1.);
#511 = DIRECTION('',(0.,1.,0.));
#512 = ORIENTED_EDGE('',*,*,#513,.T.);
#513 = EDGE_CURVE('',#506,#514,#516,.T.);
#514 = VERTEX_POINT('',#515);
#515 = CARTESIAN_POINT('',(2.22,-0.32,0.));
#516 = LINE('',#517,#518);
#517 = CARTESIAN_POINT('',(1.745,-0.32,0.));
#518 = VECTOR('',#519,1.);
#519 = DIRECTION('',(-1.,0.,0.));
#520 = ORIENTED_EDGE('',*,*,#521,.T.);
#521 = EDGE_CURVE('',#514,#498,#522,.T.);
#522 = LINE('',#523,#524);
#523 = CARTESIAN_POINT('',(2.22,-2.065,0.));
#524 = VECTOR('',#525,1.);
#525 = DIRECTION('',(0.,1.,0.));
#526 = FACE_BOUND('',#527,.F.);
#527 = EDGE_LOOP('',(#528,#538,#546,#554));
#528 = ORIENTED_EDGE('',*,*,#529,.F.);
#529 = EDGE_CURVE('',#530,#532,#534,.T.);
#530 = VERTEX_POINT('',#531);
#531 = CARTESIAN_POINT('',(2.86,-2.22,0.));
#532 = VERTEX_POINT('',#533);
#533 = CARTESIAN_POINT('',(2.22,-2.22,0.));
#534 = LINE('',#535,#536);
#535 = CARTESIAN_POINT('',(1.745,-2.22,0.));
#536 = VECTOR('',#537,1.);
#537 = DIRECTION('',(-1.,0.,0.));
#538 = ORIENTED_EDGE('',*,*,#539,.F.);
#539 = EDGE_CURVE('',#540,#530,#542,.T.);
#540 = VERTEX_POINT('',#541);
#541 = CARTESIAN_POINT('',(2.86,-2.86,0.));
#542 = LINE('',#543,#544);
#543 = CARTESIAN_POINT('',(2.86,-3.335,0.));
#544 = VECTOR('',#545,1.);
#545 = DIRECTION('',(0.,1.,0.));
#546 = ORIENTED_EDGE('',*,*,#547,.T.);
#547 = EDGE_CURVE('',#540,#548,#550,.T.);
#548 = VERTEX_POINT('',#549);
#549 = CARTESIAN_POINT('',(2.22,-2.86,0.));
#550 = LINE('',#551,#552);
#551 = CARTESIAN_POINT('',(1.745,-2.86,0.));
#552 = VECTOR('',#553,1.);
#553 = DIRECTION('',(-1.,0.,0.));
#554 = ORIENTED_EDGE('',*,*,#555,.T.);
#555 = EDGE_CURVE('',#548,#532,#556,.T.);
#556 = LINE('',#557,#558);
#557 = CARTESIAN_POINT('',(2.22,-3.335,0.));
#558 = VECTOR('',#559,1.);
#559 = DIRECTION('',(0.,1.,0.));
#560 = FACE_BOUND('',#561,.F.);
#561 = EDGE_LOOP('',(#562,#572,#580,#588));
#562 = ORIENTED_EDGE('',*,*,#563,.T.);
#563 = EDGE_CURVE('',#564,#566,#568,.T.);
#564 = VERTEX_POINT('',#565);
#565 = CARTESIAN_POINT('',(0.32,-7.94,0.));
#566 = VERTEX_POINT('',#567);
#567 = CARTESIAN_POINT('',(-0.32,-7.94,0.));
#568 = LINE('',#569,#570);
#569 = CARTESIAN_POINT('',(0.475,-7.94,0.));
#570 = VECTOR('',#571,1.);
#571 = DIRECTION('',(-1.,0.,0.));
#572 = ORIENTED_EDGE('',*,*,#573,.T.);
#573 = EDGE_CURVE('',#566,#574,#576,.T.);
#574 = VERTEX_POINT('',#575);
#575 = CARTESIAN_POINT('',(-0.32,-7.3,0.));
#576 = LINE('',#577,#578);
#577 = CARTESIAN_POINT('',(-0.32,-5.875,0.));
#578 = VECTOR('',#579,1.);
#579 = DIRECTION('',(0.,1.,0.));
#580 = ORIENTED_EDGE('',*,*,#581,.F.);
#581 = EDGE_CURVE('',#582,#574,#584,.T.);
#582 = VERTEX_POINT('',#583);
#583 = CARTESIAN_POINT('',(0.32,-7.3,0.));
#584 = LINE('',#585,#586);
#585 = CARTESIAN_POINT('',(0.475,-7.3,0.));
#586 = VECTOR('',#587,1.);
#587 = DIRECTION('',(-1.,0.,0.));
#588 = ORIENTED_EDGE('',*,*,#589,.F.);
#589 = EDGE_CURVE('',#564,#582,#590,.T.);
#590 = LINE('',#591,#592);
#591 = CARTESIAN_POINT('',(0.32,-5.875,0.));
#592 = VECTOR('',#593,1.);
#593 = DIRECTION('',(0.,1.,0.));
#594 = FACE_BOUND('',#595,.F.);
#595 = EDGE_LOOP('',(#596,#606,#614,#622));
#596 = ORIENTED_EDGE('',*,*,#597,.F.);
#597 = EDGE_CURVE('',#598,#600,#602,.T.);
#598 = VERTEX_POINT('',#599);
#599 = CARTESIAN_POINT('',(2.86,-7.3,0.));
#600 = VERTEX_POINT('',#601);
#601 = CARTESIAN_POINT('',(2.22,-7.3,0.));
#602 = LINE('',#603,#604);
#603 = CARTESIAN_POINT('',(1.745,-7.3,0.));
#604 = VECTOR('',#605,1.);
#605 = DIRECTION('',(-1.,0.,0.));
#606 = ORIENTED_EDGE('',*,*,#607,.F.);
#607 = EDGE_CURVE('',#608,#598,#610,.T.);
#608 = VERTEX_POINT('',#609);
#609 = CARTESIAN_POINT('',(2.86,-7.94,0.));
#610 = LINE('',#611,#612);
#611 = CARTESIAN_POINT('',(2.86,-5.875,0.));
#612 = VECTOR('',#613,1.);
#613 = DIRECTION('',(0.,1.,0.));
#614 = ORIENTED_EDGE('',*,*,#615,.T.);
#615 = EDGE_CURVE('',#608,#616,#618,.T.);
#616 = VERTEX_POINT('',#617);
#617 = CARTESIAN_POINT('',(2.22,-7.94,0.));
#618 = LINE('',#619,#620);
#619 = CARTESIAN_POINT('',(1.745,-7.94,0.));
#620 = VECTOR('',#621,1.);
#621 = DIRECTION('',(-1.,0.,0.));
#622 = ORIENTED_EDGE('',*,*,#623,.T.);
#623 = EDGE_CURVE('',#616,#600,#624,.T.);
#624 = LINE('',#625,#626);
#625 = CARTESIAN_POINT('',(2.22,-5.875,0.));
#626 = VECTOR('',#627,1.);
#627 = DIRECTION('',(0.,1.,0.));
#628 = PLANE('',#629);
#629 = AXIS2_PLACEMENT_3D('',#630,#631,#632);
#630 = CARTESIAN_POINT('',(1.27,-3.81,0.));
#631 = DIRECTION('',(0.,0.,1.));
#632 = DIRECTION('',(1.,0.,-0.));
#633 = ADVANCED_FACE('',(#634,#821,#855,#889,#923,#957,#991,#1025,#1059)
  ,#1093,.T.);
#634 = FACE_BOUND('',#635,.T.);
#635 = EDGE_LOOP('',(#636,#637,#638,#646,#654,#662,#670,#678,#686,#694,
    #702,#710,#718,#726,#734,#742,#750,#758,#766,#774,#782,#790,#798,
    #806,#814,#820));
#636 = ORIENTED_EDGE('',*,*,#80,.T.);
#637 = ORIENTED_EDGE('',*,*,#142,.T.);
#638 = ORIENTED_EDGE('',*,*,#639,.T.);
#639 = EDGE_CURVE('',#143,#640,#642,.T.);
#640 = VERTEX_POINT('',#641);
#641 = CARTESIAN_POINT('',(-1.016,-1.27,2.54));
#642 = LINE('',#643,#644);
#643 = CARTESIAN_POINT('',(-1.27,-1.016,2.54));
#644 = VECTOR('',#645,1.);
#645 = DIRECTION('',(0.707106781187,-0.707106781187,0.));
#646 = ORIENTED_EDGE('',*,*,#647,.T.);
#647 = EDGE_CURVE('',#640,#648,#650,.T.);
#648 = VERTEX_POINT('',#649);
#649 = CARTESIAN_POINT('',(-1.27,-1.524,2.54));
#650 = LINE('',#651,#652);
#651 = CARTESIAN_POINT('',(-1.016,-1.27,2.54));
#652 = VECTOR('',#653,1.);
#653 = DIRECTION('',(-0.707106781187,-0.707106781187,0.));
#654 = ORIENTED_EDGE('',*,*,#655,.T.);
#655 = EDGE_CURVE('',#648,#656,#658,.T.);
#656 = VERTEX_POINT('',#657);
#657 = CARTESIAN_POINT('',(-1.27,-3.556,2.54));
#658 = LINE('',#659,#660);
#659 = CARTESIAN_POINT('',(-1.27,-1.524,2.54));
#660 = VECTOR('',#661,1.);
#661 = DIRECTION('',(0.,-1.,0.));
#662 = ORIENTED_EDGE('',*,*,#663,.T.);
#663 = EDGE_CURVE('',#656,#664,#666,.T.);
#664 = VERTEX_POINT('',#665);
#665 = CARTESIAN_POINT('',(-1.016,-3.81,2.54));
#666 = LINE('',#667,#668);
#667 = CARTESIAN_POINT('',(-1.27,-3.556,2.54));
#668 = VECTOR('',#669,1.);
#669 = DIRECTION('',(0.707106781187,-0.707106781187,0.));
#670 = ORIENTED_EDGE('',*,*,#671,.T.);
#671 = EDGE_CURVE('',#664,#672,#674,.T.);
#672 = VERTEX_POINT('',#673);
#673 = CARTESIAN_POINT('',(-1.27,-4.064,2.54));
#674 = LINE('',#675,#676);
#675 = CARTESIAN_POINT('',(-1.016,-3.81,2.54));
#676 = VECTOR('',#677,1.);
#677 = DIRECTION('',(-0.707106781187,-0.707106781187,0.));
#678 = ORIENTED_EDGE('',*,*,#679,.T.);
#679 = EDGE_CURVE('',#672,#680,#682,.T.);
#680 = VERTEX_POINT('',#681);
#681 = CARTESIAN_POINT('',(-1.27,-6.096,2.54));
#682 = LINE('',#683,#684);
#683 = CARTESIAN_POINT('',(-1.27,-4.064,2.54));
#684 = VECTOR('',#685,1.);
#685 = DIRECTION('',(0.,-1.,0.));
#686 = ORIENTED_EDGE('',*,*,#687,.T.);
#687 = EDGE_CURVE('',#680,#688,#690,.T.);
#688 = VERTEX_POINT('',#689);
#689 = CARTESIAN_POINT('',(-1.016,-6.35,2.54));
#690 = LINE('',#691,#692);
#691 = CARTESIAN_POINT('',(-1.27,-6.096,2.54));
#692 = VECTOR('',#693,1.);
#693 = DIRECTION('',(0.707106781187,-0.707106781187,0.));
#694 = ORIENTED_EDGE('',*,*,#695,.T.);
#695 = EDGE_CURVE('',#688,#696,#698,.T.);
#696 = VERTEX_POINT('',#697);
#697 = CARTESIAN_POINT('',(-1.27,-6.604,2.54));
#698 = LINE('',#699,#700);
#699 = CARTESIAN_POINT('',(-1.016,-6.35,2.54));
#700 = VECTOR('',#701,1.);
#701 = DIRECTION('',(-0.707106781187,-0.707106781187,0.));
#702 = ORIENTED_EDGE('',*,*,#703,.T.);
#703 = EDGE_CURVE('',#696,#704,#706,.T.);
#704 = VERTEX_POINT('',#705);
#705 = CARTESIAN_POINT('',(-1.27,-8.636,2.54));
#706 = LINE('',#707,#708);
#707 = CARTESIAN_POINT('',(-1.27,-6.604,2.54));
#708 = VECTOR('',#709,1.);
#709 = DIRECTION('',(0.,-1.,0.));
#710 = ORIENTED_EDGE('',*,*,#711,.T.);
#711 = EDGE_CURVE('',#704,#712,#714,.T.);
#712 = VERTEX_POINT('',#713);
#713 = CARTESIAN_POINT('',(-1.016,-8.89,2.54));
#714 = LINE('',#715,#716);
#715 = CARTESIAN_POINT('',(-1.27,-8.636,2.54));
#716 = VECTOR('',#717,1.);
#717 = DIRECTION('',(0.707106781187,-0.707106781187,0.));
#718 = ORIENTED_EDGE('',*,*,#719,.T.);
#719 = EDGE_CURVE('',#712,#720,#722,.T.);
#720 = VERTEX_POINT('',#721);
#721 = CARTESIAN_POINT('',(3.556,-8.89,2.54));
#722 = LINE('',#723,#724);
#723 = CARTESIAN_POINT('',(-1.016,-8.89,2.54));
#724 = VECTOR('',#725,1.);
#725 = DIRECTION('',(1.,0.,0.));
#726 = ORIENTED_EDGE('',*,*,#727,.T.);
#727 = EDGE_CURVE('',#720,#728,#730,.T.);
#728 = VERTEX_POINT('',#729);
#729 = CARTESIAN_POINT('',(3.81,-8.636,2.54));
#730 = LINE('',#731,#732);
#731 = CARTESIAN_POINT('',(3.556,-8.89,2.54));
#732 = VECTOR('',#733,1.);
#733 = DIRECTION('',(0.707106781187,0.707106781187,0.));
#734 = ORIENTED_EDGE('',*,*,#735,.T.);
#735 = EDGE_CURVE('',#728,#736,#738,.T.);
#736 = VERTEX_POINT('',#737);
#737 = CARTESIAN_POINT('',(3.81,-6.604,2.54));
#738 = LINE('',#739,#740);
#739 = CARTESIAN_POINT('',(3.81,-8.636,2.54));
#740 = VECTOR('',#741,1.);
#741 = DIRECTION('',(0.,1.,0.));
#742 = ORIENTED_EDGE('',*,*,#743,.T.);
#743 = EDGE_CURVE('',#736,#744,#746,.T.);
#744 = VERTEX_POINT('',#745);
#745 = CARTESIAN_POINT('',(3.556,-6.35,2.54));
#746 = LINE('',#747,#748);
#747 = CARTESIAN_POINT('',(3.81,-6.604,2.54));
#748 = VECTOR('',#749,1.);
#749 = DIRECTION('',(-0.707106781187,0.707106781187,0.));
#750 = ORIENTED_EDGE('',*,*,#751,.T.);
#751 = EDGE_CURVE('',#744,#752,#754,.T.);
#752 = VERTEX_POINT('',#753);
#753 = CARTESIAN_POINT('',(3.81,-6.096,2.54));
#754 = LINE('',#755,#756);
#755 = CARTESIAN_POINT('',(3.556,-6.35,2.54));
#756 = VECTOR('',#757,1.);
#757 = DIRECTION('',(0.707106781187,0.707106781187,0.));
#758 = ORIENTED_EDGE('',*,*,#759,.T.);
#759 = EDGE_CURVE('',#752,#760,#762,.T.);
#760 = VERTEX_POINT('',#761);
#761 = CARTESIAN_POINT('',(3.81,-4.064,2.54));
#762 = LINE('',#763,#764);
#763 = CARTESIAN_POINT('',(3.81,-6.096,2.54));
#764 = VECTOR('',#765,1.);
#765 = DIRECTION('',(0.,1.,0.));
#766 = ORIENTED_EDGE('',*,*,#767,.T.);
#767 = EDGE_CURVE('',#760,#768,#770,.T.);
#768 = VERTEX_POINT('',#769);
#769 = CARTESIAN_POINT('',(3.556,-3.81,2.54));
#770 = LINE('',#771,#772);
#771 = CARTESIAN_POINT('',(3.81,-4.064,2.54));
#772 = VECTOR('',#773,1.);
#773 = DIRECTION('',(-0.707106781187,0.707106781187,0.));
#774 = ORIENTED_EDGE('',*,*,#775,.T.);
#775 = EDGE_CURVE('',#768,#776,#778,.T.);
#776 = VERTEX_POINT('',#777);
#777 = CARTESIAN_POINT('',(3.81,-3.556,2.54));
#778 = LINE('',#779,#780);
#779 = CARTESIAN_POINT('',(3.556,-3.81,2.54));
#780 = VECTOR('',#781,1.);
#781 = DIRECTION('',(0.707106781187,0.707106781187,0.));
#782 = ORIENTED_EDGE('',*,*,#783,.T.);
#783 = EDGE_CURVE('',#776,#784,#786,.T.);
#784 = VERTEX_POINT('',#785);
#785 = CARTESIAN_POINT('',(3.81,-1.524,2.54));
#786 = LINE('',#787,#788);
#787 = CARTESIAN_POINT('',(3.81,-3.556,2.54));
#788 = VECTOR('',#789,1.);
#789 = DIRECTION('',(0.,1.,0.));
#790 = ORIENTED_EDGE('',*,*,#791,.T.);
#791 = EDGE_CURVE('',#784,#792,#794,.T.);
#792 = VERTEX_POINT('',#793);
#793 = CARTESIAN_POINT('',(3.556,-1.27,2.54));
#794 = LINE('',#795,#796);
#795 = CARTESIAN_POINT('',(3.81,-1.524,2.54));
#796 = VECTOR('',#797,1.);
#797 = DIRECTION('',(-0.707106781187,0.707106781187,0.));
#798 = ORIENTED_EDGE('',*,*,#799,.T.);
#799 = EDGE_CURVE('',#792,#800,#802,.T.);
#800 = VERTEX_POINT('',#801);
#801 = CARTESIAN_POINT('',(3.81,-1.016,2.54));
#802 = LINE('',#803,#804);
#803 = CARTESIAN_POINT('',(3.556,-1.27,2.54));
#804 = VECTOR('',#805,1.);
#805 = DIRECTION('',(0.707106781187,0.707106781187,0.));
#806 = ORIENTED_EDGE('',*,*,#807,.T.);
#807 = EDGE_CURVE('',#800,#808,#810,.T.);
#808 = VERTEX_POINT('',#809);
#809 = CARTESIAN_POINT('',(3.81,1.016,2.54));
#810 = LINE('',#811,#812);
#811 = CARTESIAN_POINT('',(3.81,-1.016,2.54));
#812 = VECTOR('',#813,1.);
#813 = DIRECTION('',(0.,1.,0.));
#814 = ORIENTED_EDGE('',*,*,#815,.T.);
#815 = EDGE_CURVE('',#808,#113,#816,.T.);
#816 = LINE('',#817,#818);
#817 = CARTESIAN_POINT('',(3.81,1.016,2.54));
#818 = VECTOR('',#819,1.);
#819 = DIRECTION('',(-0.707106781187,0.707106781187,0.));
#820 = ORIENTED_EDGE('',*,*,#120,.T.);
#821 = FACE_BOUND('',#822,.T.);
#822 = EDGE_LOOP('',(#823,#833,#841,#849));
#823 = ORIENTED_EDGE('',*,*,#824,.F.);
#824 = EDGE_CURVE('',#825,#827,#829,.T.);
#825 = VERTEX_POINT('',#826);
#826 = CARTESIAN_POINT('',(2.86,-4.76,2.54));
#827 = VERTEX_POINT('',#828);
#828 = CARTESIAN_POINT('',(2.22,-4.76,2.54));
#829 = LINE('',#830,#831);
#830 = CARTESIAN_POINT('',(1.745,-4.76,2.54));
#831 = VECTOR('',#832,1.);
#832 = DIRECTION('',(-1.,0.,0.));
#833 = ORIENTED_EDGE('',*,*,#834,.F.);
#834 = EDGE_CURVE('',#835,#825,#837,.T.);
#835 = VERTEX_POINT('',#836);
#836 = CARTESIAN_POINT('',(2.86,-5.4,2.54));
#837 = LINE('',#838,#839);
#838 = CARTESIAN_POINT('',(2.86,-4.605,2.54));
#839 = VECTOR('',#840,1.);
#840 = DIRECTION('',(0.,1.,0.));
#841 = ORIENTED_EDGE('',*,*,#842,.T.);
#842 = EDGE_CURVE('',#835,#843,#845,.T.);
#843 = VERTEX_POINT('',#844);
#844 = CARTESIAN_POINT('',(2.22,-5.4,2.54));
#845 = LINE('',#846,#847);
#846 = CARTESIAN_POINT('',(1.745,-5.4,2.54));
#847 = VECTOR('',#848,1.);
#848 = DIRECTION('',(-1.,0.,0.));
#849 = ORIENTED_EDGE('',*,*,#850,.T.);
#850 = EDGE_CURVE('',#843,#827,#851,.T.);
#851 = LINE('',#852,#853);
#852 = CARTESIAN_POINT('',(2.22,-4.605,2.54));
#853 = VECTOR('',#854,1.);
#854 = DIRECTION('',(0.,1.,0.));
#855 = FACE_BOUND('',#856,.T.);
#856 = EDGE_LOOP('',(#857,#867,#875,#883));
#857 = ORIENTED_EDGE('',*,*,#858,.F.);
#858 = EDGE_CURVE('',#859,#861,#863,.T.);
#859 = VERTEX_POINT('',#860);
#860 = CARTESIAN_POINT('',(0.32,-5.4,2.54));
#861 = VERTEX_POINT('',#862);
#862 = CARTESIAN_POINT('',(0.32,-4.76,2.54));
#863 = LINE('',#864,#865);
#864 = CARTESIAN_POINT('',(0.32,-4.605,2.54));
#865 = VECTOR('',#866,1.);
#866 = DIRECTION('',(0.,1.,0.));
#867 = ORIENTED_EDGE('',*,*,#868,.T.);
#868 = EDGE_CURVE('',#859,#869,#871,.T.);
#869 = VERTEX_POINT('',#870);
#870 = CARTESIAN_POINT('',(-0.32,-5.4,2.54));
#871 = LINE('',#872,#873);
#872 = CARTESIAN_POINT('',(0.475,-5.4,2.54));
#873 = VECTOR('',#874,1.);
#874 = DIRECTION('',(-1.,0.,0.));
#875 = ORIENTED_EDGE('',*,*,#876,.T.);
#876 = EDGE_CURVE('',#869,#877,#879,.T.);
#877 = VERTEX_POINT('',#878);
#878 = CARTESIAN_POINT('',(-0.32,-4.76,2.54));
#879 = LINE('',#880,#881);
#880 = CARTESIAN_POINT('',(-0.32,-4.605,2.54));
#881 = VECTOR('',#882,1.);
#882 = DIRECTION('',(0.,1.,0.));
#883 = ORIENTED_EDGE('',*,*,#884,.F.);
#884 = EDGE_CURVE('',#861,#877,#885,.T.);
#885 = LINE('',#886,#887);
#886 = CARTESIAN_POINT('',(0.475,-4.76,2.54));
#887 = VECTOR('',#888,1.);
#888 = DIRECTION('',(-1.,0.,0.));
#889 = FACE_BOUND('',#890,.T.);
#890 = EDGE_LOOP('',(#891,#901,#909,#917));
#891 = ORIENTED_EDGE('',*,*,#892,.F.);
#892 = EDGE_CURVE('',#893,#895,#897,.T.);
#893 = VERTEX_POINT('',#894);
#894 = CARTESIAN_POINT('',(0.32,0.32,2.54));
#895 = VERTEX_POINT('',#896);
#896 = CARTESIAN_POINT('',(-0.32,0.32,2.54));
#897 = LINE('',#898,#899);
#898 = CARTESIAN_POINT('',(0.475,0.32,2.54));
#899 = VECTOR('',#900,1.);
#900 = DIRECTION('',(-1.,0.,0.));
#901 = ORIENTED_EDGE('',*,*,#902,.F.);
#902 = EDGE_CURVE('',#903,#893,#905,.T.);
#903 = VERTEX_POINT('',#904);
#904 = CARTESIAN_POINT('',(0.32,-0.32,2.54));
#905 = LINE('',#906,#907);
#906 = CARTESIAN_POINT('',(0.32,-2.065,2.54));
#907 = VECTOR('',#908,1.);
#908 = DIRECTION('',(0.,1.,0.));
#909 = ORIENTED_EDGE('',*,*,#910,.T.);
#910 = EDGE_CURVE('',#903,#911,#913,.T.);
#911 = VERTEX_POINT('',#912);
#912 = CARTESIAN_POINT('',(-0.32,-0.32,2.54));
#913 = LINE('',#914,#915);
#914 = CARTESIAN_POINT('',(0.475,-0.32,2.54));
#915 = VECTOR('',#916,1.);
#916 = DIRECTION('',(-1.,0.,0.));
#917 = ORIENTED_EDGE('',*,*,#918,.T.);
#918 = EDGE_CURVE('',#911,#895,#919,.T.);
#919 = LINE('',#920,#921);
#920 = CARTESIAN_POINT('',(-0.32,-2.065,2.54));
#921 = VECTOR('',#922,1.);
#922 = DIRECTION('',(0.,1.,0.));
#923 = FACE_BOUND('',#924,.T.);
#924 = EDGE_LOOP('',(#925,#935,#943,#951));
#925 = ORIENTED_EDGE('',*,*,#926,.F.);
#926 = EDGE_CURVE('',#927,#929,#931,.T.);
#927 = VERTEX_POINT('',#928);
#928 = CARTESIAN_POINT('',(0.32,-2.86,2.54));
#929 = VERTEX_POINT('',#930);
#930 = CARTESIAN_POINT('',(0.32,-2.22,2.54));
#931 = LINE('',#932,#933);
#932 = CARTESIAN_POINT('',(0.32,-3.335,2.54));
#933 = VECTOR('',#934,1.);
#934 = DIRECTION('',(0.,1.,0.));
#935 = ORIENTED_EDGE('',*,*,#936,.T.);
#936 = EDGE_CURVE('',#927,#937,#939,.T.);
#937 = VERTEX_POINT('',#938);
#938 = CARTESIAN_POINT('',(-0.32,-2.86,2.54));
#939 = LINE('',#940,#941);
#940 = CARTESIAN_POINT('',(0.475,-2.86,2.54));
#941 = VECTOR('',#942,1.);
#942 = DIRECTION('',(-1.,0.,0.));
#943 = ORIENTED_EDGE('',*,*,#944,.T.);
#944 = EDGE_CURVE('',#937,#945,#947,.T.);
#945 = VERTEX_POINT('',#946);
#946 = CARTESIAN_POINT('',(-0.32,-2.22,2.54));
#947 = LINE('',#948,#949);
#948 = CARTESIAN_POINT('',(-0.32,-3.335,2.54));
#949 = VECTOR('',#950,1.);
#950 = DIRECTION('',(0.,1.,0.));
#951 = ORIENTED_EDGE('',*,*,#952,.F.);
#952 = EDGE_CURVE('',#929,#945,#953,.T.);
#953 = LINE('',#954,#955);
#954 = CARTESIAN_POINT('',(0.475,-2.22,2.54));
#955 = VECTOR('',#956,1.);
#956 = DIRECTION('',(-1.,0.,0.));
#957 = FACE_BOUND('',#958,.T.);
#958 = EDGE_LOOP('',(#959,#969,#977,#985));
#959 = ORIENTED_EDGE('',*,*,#960,.F.);
#960 = EDGE_CURVE('',#961,#963,#965,.T.);
#961 = VERTEX_POINT('',#962);
#962 = CARTESIAN_POINT('',(2.86,0.32,2.54));
#963 = VERTEX_POINT('',#964);
#964 = CARTESIAN_POINT('',(2.22,0.32,2.54));
#965 = LINE('',#966,#967);
#966 = CARTESIAN_POINT('',(1.745,0.32,2.54));
#967 = VECTOR('',#968,1.);
#968 = DIRECTION('',(-1.,0.,0.));
#969 = ORIENTED_EDGE('',*,*,#970,.F.);
#970 = EDGE_CURVE('',#971,#961,#973,.T.);
#971 = VERTEX_POINT('',#972);
#972 = CARTESIAN_POINT('',(2.86,-0.32,2.54));
#973 = LINE('',#974,#975);
#974 = CARTESIAN_POINT('',(2.86,-2.065,2.54));
#975 = VECTOR('',#976,1.);
#976 = DIRECTION('',(0.,1.,0.));
#977 = ORIENTED_EDGE('',*,*,#978,.T.);
#978 = EDGE_CURVE('',#971,#979,#981,.T.);
#979 = VERTEX_POINT('',#980);
#980 = CARTESIAN_POINT('',(2.22,-0.32,2.54));
#981 = LINE('',#982,#983);
#982 = CARTESIAN_POINT('',(1.745,-0.32,2.54));
#983 = VECTOR('',#984,1.);
#984 = DIRECTION('',(-1.,0.,0.));
#985 = ORIENTED_EDGE('',*,*,#986,.T.);
#986 = EDGE_CURVE('',#979,#963,#987,.T.);
#987 = LINE('',#988,#989);
#988 = CARTESIAN_POINT('',(2.22,-2.065,2.54));
#989 = VECTOR('',#990,1.);
#990 = DIRECTION('',(0.,1.,0.));
#991 = FACE_BOUND('',#992,.T.);
#992 = EDGE_LOOP('',(#993,#1003,#1011,#1019));
#993 = ORIENTED_EDGE('',*,*,#994,.F.);
#994 = EDGE_CURVE('',#995,#997,#999,.T.);
#995 = VERTEX_POINT('',#996);
#996 = CARTESIAN_POINT('',(2.86,-2.22,2.54));
#997 = VERTEX_POINT('',#998);
#998 = CARTESIAN_POINT('',(2.22,-2.22,2.54));
#999 = LINE('',#1000,#1001);
#1000 = CARTESIAN_POINT('',(1.745,-2.22,2.54));
#1001 = VECTOR('',#1002,1.);
#1002 = DIRECTION('',(-1.,0.,0.));
#1003 = ORIENTED_EDGE('',*,*,#1004,.F.);
#1004 = EDGE_CURVE('',#1005,#995,#1007,.T.);
#1005 = VERTEX_POINT('',#1006);
#1006 = CARTESIAN_POINT('',(2.86,-2.86,2.54));
#1007 = LINE('',#1008,#1009);
#1008 = CARTESIAN_POINT('',(2.86,-3.335,2.54));
#1009 = VECTOR('',#1010,1.);
#1010 = DIRECTION('',(0.,1.,0.));
#1011 = ORIENTED_EDGE('',*,*,#1012,.T.);
#1012 = EDGE_CURVE('',#1005,#1013,#1015,.T.);
#1013 = VERTEX_POINT('',#1014);
#1014 = CARTESIAN_POINT('',(2.22,-2.86,2.54));
#1015 = LINE('',#1016,#1017);
#1016 = CARTESIAN_POINT('',(1.745,-2.86,2.54));
#1017 = VECTOR('',#1018,1.);
#1018 = DIRECTION('',(-1.,0.,0.));
#1019 = ORIENTED_EDGE('',*,*,#1020,.T.);
#1020 = EDGE_CURVE('',#1013,#997,#1021,.T.);
#1021 = LINE('',#1022,#1023);
#1022 = CARTESIAN_POINT('',(2.22,-3.335,2.54));
#1023 = VECTOR('',#1024,1.);
#1024 = DIRECTION('',(0.,1.,0.));
#1025 = FACE_BOUND('',#1026,.T.);
#1026 = EDGE_LOOP('',(#1027,#1037,#1045,#1053));
#1027 = ORIENTED_EDGE('',*,*,#1028,.T.);
#1028 = EDGE_CURVE('',#1029,#1031,#1033,.T.);
#1029 = VERTEX_POINT('',#1030);
#1030 = CARTESIAN_POINT('',(0.32,-7.94,2.54));
#1031 = VERTEX_POINT('',#1032);
#1032 = CARTESIAN_POINT('',(-0.32,-7.94,2.54));
#1033 = LINE('',#1034,#1035);
#1034 = CARTESIAN_POINT('',(0.475,-7.94,2.54));
#1035 = VECTOR('',#1036,1.);
#1036 = DIRECTION('',(-1.,0.,0.));
#1037 = ORIENTED_EDGE('',*,*,#1038,.T.);
#1038 = EDGE_CURVE('',#1031,#1039,#1041,.T.);
#1039 = VERTEX_POINT('',#1040);
#1040 = CARTESIAN_POINT('',(-0.32,-7.3,2.54));
#1041 = LINE('',#1042,#1043);
#1042 = CARTESIAN_POINT('',(-0.32,-5.875,2.54));
#1043 = VECTOR('',#1044,1.);
#1044 = DIRECTION('',(0.,1.,0.));
#1045 = ORIENTED_EDGE('',*,*,#1046,.F.);
#1046 = EDGE_CURVE('',#1047,#1039,#1049,.T.);
#1047 = VERTEX_POINT('',#1048);
#1048 = CARTESIAN_POINT('',(0.32,-7.3,2.54));
#1049 = LINE('',#1050,#1051);
#1050 = CARTESIAN_POINT('',(0.475,-7.3,2.54));
#1051 = VECTOR('',#1052,1.);
#1052 = DIRECTION('',(-1.,0.,0.));
#1053 = ORIENTED_EDGE('',*,*,#1054,.F.);
#1054 = EDGE_CURVE('',#1029,#1047,#1055,.T.);
#1055 = LINE('',#1056,#1057);
#1056 = CARTESIAN_POINT('',(0.32,-5.875,2.54));
#1057 = VECTOR('',#1058,1.);
#1058 = DIRECTION('',(0.,1.,0.));
#1059 = FACE_BOUND('',#1060,.T.);
#1060 = EDGE_LOOP('',(#1061,#1071,#1079,#1087));
#1061 = ORIENTED_EDGE('',*,*,#1062,.F.);
#1062 = EDGE_CURVE('',#1063,#1065,#1067,.T.);
#1063 = VERTEX_POINT('',#1064);
#1064 = CARTESIAN_POINT('',(2.86,-7.3,2.54));
#1065 = VERTEX_POINT('',#1066);
#1066 = CARTESIAN_POINT('',(2.22,-7.3,2.54));
#1067 = LINE('',#1068,#1069);
#1068 = CARTESIAN_POINT('',(1.745,-7.3,2.54));
#1069 = VECTOR('',#1070,1.);
#1070 = DIRECTION('',(-1.,0.,0.));
#1071 = ORIENTED_EDGE('',*,*,#1072,.F.);
#1072 = EDGE_CURVE('',#1073,#1063,#1075,.T.);
#1073 = VERTEX_POINT('',#1074);
#1074 = CARTESIAN_POINT('',(2.86,-7.94,2.54));
#1075 = LINE('',#1076,#1077);
#1076 = CARTESIAN_POINT('',(2.86,-5.875,2.54));
#1077 = VECTOR('',#1078,1.);
#1078 = DIRECTION('',(0.,1.,0.));
#1079 = ORIENTED_EDGE('',*,*,#1080,.T.);
#1080 = EDGE_CURVE('',#1073,#1081,#1083,.T.);
#1081 = VERTEX_POINT('',#1082);
#1082 = CARTESIAN_POINT('',(2.22,-7.94,2.54));
#1083 = LINE('',#1084,#1085);
#1084 = CARTESIAN_POINT('',(1.745,-7.94,2.54));
#1085 = VECTOR('',#1086,1.);
#1086 = DIRECTION('',(-1.,0.,0.));
#1087 = ORIENTED_EDGE('',*,*,#1088,.T.);
#1088 = EDGE_CURVE('',#1081,#1065,#1089,.T.);
#1089 = LINE('',#1090,#1091);
#1090 = CARTESIAN_POINT('',(2.22,-5.875,2.54));
#1091 = VECTOR('',#1092,1.);
#1092 = DIRECTION('',(0.,1.,0.));
#1093 = PLANE('',#1094);
#1094 = AXIS2_PLACEMENT_3D('',#1095,#1096,#1097);
#1095 = CARTESIAN_POINT('',(1.27,-3.81,2.54));
#1096 = DIRECTION('',(0.,0.,1.));
#1097 = DIRECTION('',(1.,0.,-0.));
#1098 = ADVANCED_FACE('',(#1099),#1110,.F.);
#1099 = FACE_BOUND('',#1100,.F.);
#1100 = EDGE_LOOP('',(#1101,#1107,#1108,#1109));
#1101 = ORIENTED_EDGE('',*,*,#1102,.T.);
#1102 = EDGE_CURVE('',#343,#808,#1103,.T.);
#1103 = LINE('',#1104,#1105);
#1104 = CARTESIAN_POINT('',(3.81,1.016,0.));
#1105 = VECTOR('',#1106,1.);
#1106 = DIRECTION('',(0.,0.,1.));
#1107 = ORIENTED_EDGE('',*,*,#815,.T.);
#1108 = ORIENTED_EDGE('',*,*,#110,.F.);
#1109 = ORIENTED_EDGE('',*,*,#350,.F.);
#1110 = PLANE('',#1111);
#1111 = AXIS2_PLACEMENT_3D('',#1112,#1113,#1114);
#1112 = CARTESIAN_POINT('',(3.81,1.016,0.));
#1113 = DIRECTION('',(-0.707106781187,-0.707106781187,0.));
#1114 = DIRECTION('',(-0.707106781187,0.707106781187,0.));
#1115 = ADVANCED_FACE('',(#1116),#1127,.F.);
#1116 = FACE_BOUND('',#1117,.F.);
#1117 = EDGE_LOOP('',(#1118,#1119,#1120,#1126));
#1118 = ORIENTED_EDGE('',*,*,#150,.T.);
#1119 = ORIENTED_EDGE('',*,*,#639,.T.);
#1120 = ORIENTED_EDGE('',*,*,#1121,.F.);
#1121 = EDGE_CURVE('',#175,#640,#1122,.T.);
#1122 = LINE('',#1123,#1124);
#1123 = CARTESIAN_POINT('',(-1.016,-1.27,0.));
#1124 = VECTOR('',#1125,1.);
#1125 = DIRECTION('',(0.,0.,1.));
#1126 = ORIENTED_EDGE('',*,*,#174,.F.);
#1127 = PLANE('',#1128);
#1128 = AXIS2_PLACEMENT_3D('',#1129,#1130,#1131);
#1129 = CARTESIAN_POINT('',(-1.27,-1.016,0.));
#1130 = DIRECTION('',(0.707106781187,0.707106781187,0.));
#1131 = DIRECTION('',(0.707106781187,-0.707106781187,0.));
#1132 = ADVANCED_FACE('',(#1133),#1144,.F.);
#1133 = FACE_BOUND('',#1134,.F.);
#1134 = EDGE_LOOP('',(#1135,#1141,#1142,#1143));
#1135 = ORIENTED_EDGE('',*,*,#1136,.T.);
#1136 = EDGE_CURVE('',#335,#800,#1137,.T.);
#1137 = LINE('',#1138,#1139);
#1138 = CARTESIAN_POINT('',(3.81,-1.016,0.));
#1139 = VECTOR('',#1140,1.);
#1140 = DIRECTION('',(0.,0.,1.));
#1141 = ORIENTED_EDGE('',*,*,#807,.T.);
#1142 = ORIENTED_EDGE('',*,*,#1102,.F.);
#1143 = ORIENTED_EDGE('',*,*,#342,.F.);
#1144 = PLANE('',#1145);
#1145 = AXIS2_PLACEMENT_3D('',#1146,#1147,#1148);
#1146 = CARTESIAN_POINT('',(3.81,-1.016,0.));
#1147 = DIRECTION('',(-1.,0.,0.));
#1148 = DIRECTION('',(0.,1.,0.));
#1149 = ADVANCED_FACE('',(#1150),#1161,.F.);
#1150 = FACE_BOUND('',#1151,.F.);
#1151 = EDGE_LOOP('',(#1152,#1153,#1154,#1160));
#1152 = ORIENTED_EDGE('',*,*,#1121,.T.);
#1153 = ORIENTED_EDGE('',*,*,#647,.T.);
#1154 = ORIENTED_EDGE('',*,*,#1155,.F.);
#1155 = EDGE_CURVE('',#183,#648,#1156,.T.);
#1156 = LINE('',#1157,#1158);
#1157 = CARTESIAN_POINT('',(-1.27,-1.524,0.));
#1158 = VECTOR('',#1159,1.);
#1159 = DIRECTION('',(0.,0.,1.));
#1160 = ORIENTED_EDGE('',*,*,#182,.F.);
#1161 = PLANE('',#1162);
#1162 = AXIS2_PLACEMENT_3D('',#1163,#1164,#1165);
#1163 = CARTESIAN_POINT('',(-1.016,-1.27,0.));
#1164 = DIRECTION('',(0.707106781187,-0.707106781187,0.));
#1165 = DIRECTION('',(-0.707106781187,-0.707106781187,0.));
#1166 = ADVANCED_FACE('',(#1167),#1178,.F.);
#1167 = FACE_BOUND('',#1168,.F.);
#1168 = EDGE_LOOP('',(#1169,#1175,#1176,#1177));
#1169 = ORIENTED_EDGE('',*,*,#1170,.T.);
#1170 = EDGE_CURVE('',#327,#792,#1171,.T.);
#1171 = LINE('',#1172,#1173);
#1172 = CARTESIAN_POINT('',(3.556,-1.27,0.));
#1173 = VECTOR('',#1174,1.);
#1174 = DIRECTION('',(0.,0.,1.));
#1175 = ORIENTED_EDGE('',*,*,#799,.T.);
#1176 = ORIENTED_EDGE('',*,*,#1136,.F.);
#1177 = ORIENTED_EDGE('',*,*,#334,.F.);
#1178 = PLANE('',#1179);
#1179 = AXIS2_PLACEMENT_3D('',#1180,#1181,#1182);
#1180 = CARTESIAN_POINT('',(3.556,-1.27,0.));
#1181 = DIRECTION('',(-0.707106781187,0.707106781187,0.));
#1182 = DIRECTION('',(0.707106781187,0.707106781187,0.));
#1183 = ADVANCED_FACE('',(#1184),#1195,.F.);
#1184 = FACE_BOUND('',#1185,.F.);
#1185 = EDGE_LOOP('',(#1186,#1187,#1188,#1194));
#1186 = ORIENTED_EDGE('',*,*,#1155,.T.);
#1187 = ORIENTED_EDGE('',*,*,#655,.T.);
#1188 = ORIENTED_EDGE('',*,*,#1189,.F.);
#1189 = EDGE_CURVE('',#191,#656,#1190,.T.);
#1190 = LINE('',#1191,#1192);
#1191 = CARTESIAN_POINT('',(-1.27,-3.556,0.));
#1192 = VECTOR('',#1193,1.);
#1193 = DIRECTION('',(0.,0.,1.));
#1194 = ORIENTED_EDGE('',*,*,#190,.F.);
#1195 = PLANE('',#1196);
#1196 = AXIS2_PLACEMENT_3D('',#1197,#1198,#1199);
#1197 = CARTESIAN_POINT('',(-1.27,-1.524,0.));
#1198 = DIRECTION('',(1.,0.,0.));
#1199 = DIRECTION('',(0.,-1.,0.));
#1200 = ADVANCED_FACE('',(#1201),#1212,.F.);
#1201 = FACE_BOUND('',#1202,.F.);
#1202 = EDGE_LOOP('',(#1203,#1209,#1210,#1211));
#1203 = ORIENTED_EDGE('',*,*,#1204,.T.);
#1204 = EDGE_CURVE('',#319,#784,#1205,.T.);
#1205 = LINE('',#1206,#1207);
#1206 = CARTESIAN_POINT('',(3.81,-1.524,0.));
#1207 = VECTOR('',#1208,1.);
#1208 = DIRECTION('',(0.,0.,1.));
#1209 = ORIENTED_EDGE('',*,*,#791,.T.);
#1210 = ORIENTED_EDGE('',*,*,#1170,.F.);
#1211 = ORIENTED_EDGE('',*,*,#326,.F.);
#1212 = PLANE('',#1213);
#1213 = AXIS2_PLACEMENT_3D('',#1214,#1215,#1216);
#1214 = CARTESIAN_POINT('',(3.81,-1.524,0.));
#1215 = DIRECTION('',(-0.707106781187,-0.707106781187,0.));
#1216 = DIRECTION('',(-0.707106781187,0.707106781187,0.));
#1217 = ADVANCED_FACE('',(#1218),#1229,.F.);
#1218 = FACE_BOUND('',#1219,.F.);
#1219 = EDGE_LOOP('',(#1220,#1221,#1222,#1228));
#1220 = ORIENTED_EDGE('',*,*,#1189,.T.);
#1221 = ORIENTED_EDGE('',*,*,#663,.T.);
#1222 = ORIENTED_EDGE('',*,*,#1223,.F.);
#1223 = EDGE_CURVE('',#199,#664,#1224,.T.);
#1224 = LINE('',#1225,#1226);
#1225 = CARTESIAN_POINT('',(-1.016,-3.81,0.));
#1226 = VECTOR('',#1227,1.);
#1227 = DIRECTION('',(0.,0.,1.));
#1228 = ORIENTED_EDGE('',*,*,#198,.F.);
#1229 = PLANE('',#1230);
#1230 = AXIS2_PLACEMENT_3D('',#1231,#1232,#1233);
#1231 = CARTESIAN_POINT('',(-1.27,-3.556,0.));
#1232 = DIRECTION('',(0.707106781187,0.707106781187,0.));
#1233 = DIRECTION('',(0.707106781187,-0.707106781187,0.));
#1234 = ADVANCED_FACE('',(#1235),#1246,.F.);
#1235 = FACE_BOUND('',#1236,.F.);
#1236 = EDGE_LOOP('',(#1237,#1243,#1244,#1245));
#1237 = ORIENTED_EDGE('',*,*,#1238,.T.);
#1238 = EDGE_CURVE('',#311,#776,#1239,.T.);
#1239 = LINE('',#1240,#1241);
#1240 = CARTESIAN_POINT('',(3.81,-3.556,0.));
#1241 = VECTOR('',#1242,1.);
#1242 = DIRECTION('',(0.,0.,1.));
#1243 = ORIENTED_EDGE('',*,*,#783,.T.);
#1244 = ORIENTED_EDGE('',*,*,#1204,.F.);
#1245 = ORIENTED_EDGE('',*,*,#318,.F.);
#1246 = PLANE('',#1247);
#1247 = AXIS2_PLACEMENT_3D('',#1248,#1249,#1250);
#1248 = CARTESIAN_POINT('',(3.81,-3.556,0.));
#1249 = DIRECTION('',(-1.,0.,0.));
#1250 = DIRECTION('',(0.,1.,0.));
#1251 = ADVANCED_FACE('',(#1252),#1263,.F.);
#1252 = FACE_BOUND('',#1253,.F.);
#1253 = EDGE_LOOP('',(#1254,#1255,#1256,#1262));
#1254 = ORIENTED_EDGE('',*,*,#1223,.T.);
#1255 = ORIENTED_EDGE('',*,*,#671,.T.);
#1256 = ORIENTED_EDGE('',*,*,#1257,.F.);
#1257 = EDGE_CURVE('',#207,#672,#1258,.T.);
#1258 = LINE('',#1259,#1260);
#1259 = CARTESIAN_POINT('',(-1.27,-4.064,0.));
#1260 = VECTOR('',#1261,1.);
#1261 = DIRECTION('',(0.,0.,1.));
#1262 = ORIENTED_EDGE('',*,*,#206,.F.);
#1263 = PLANE('',#1264);
#1264 = AXIS2_PLACEMENT_3D('',#1265,#1266,#1267);
#1265 = CARTESIAN_POINT('',(-1.016,-3.81,0.));
#1266 = DIRECTION('',(0.707106781187,-0.707106781187,0.));
#1267 = DIRECTION('',(-0.707106781187,-0.707106781187,0.));
#1268 = ADVANCED_FACE('',(#1269),#1280,.F.);
#1269 = FACE_BOUND('',#1270,.F.);
#1270 = EDGE_LOOP('',(#1271,#1277,#1278,#1279));
#1271 = ORIENTED_EDGE('',*,*,#1272,.T.);
#1272 = EDGE_CURVE('',#303,#768,#1273,.T.);
#1273 = LINE('',#1274,#1275);
#1274 = CARTESIAN_POINT('',(3.556,-3.81,0.));
#1275 = VECTOR('',#1276,1.);
#1276 = DIRECTION('',(0.,0.,1.));
#1277 = ORIENTED_EDGE('',*,*,#775,.T.);
#1278 = ORIENTED_EDGE('',*,*,#1238,.F.);
#1279 = ORIENTED_EDGE('',*,*,#310,.F.);
#1280 = PLANE('',#1281);
#1281 = AXIS2_PLACEMENT_3D('',#1282,#1283,#1284);
#1282 = CARTESIAN_POINT('',(3.556,-3.81,0.));
#1283 = DIRECTION('',(-0.707106781187,0.707106781187,0.));
#1284 = DIRECTION('',(0.707106781187,0.707106781187,0.));
#1285 = ADVANCED_FACE('',(#1286),#1297,.F.);
#1286 = FACE_BOUND('',#1287,.F.);
#1287 = EDGE_LOOP('',(#1288,#1289,#1290,#1296));
#1288 = ORIENTED_EDGE('',*,*,#1257,.T.);
#1289 = ORIENTED_EDGE('',*,*,#679,.T.);
#1290 = ORIENTED_EDGE('',*,*,#1291,.F.);
#1291 = EDGE_CURVE('',#215,#680,#1292,.T.);
#1292 = LINE('',#1293,#1294);
#1293 = CARTESIAN_POINT('',(-1.27,-6.096,0.));
#1294 = VECTOR('',#1295,1.);
#1295 = DIRECTION('',(0.,0.,1.));
#1296 = ORIENTED_EDGE('',*,*,#214,.F.);
#1297 = PLANE('',#1298);
#1298 = AXIS2_PLACEMENT_3D('',#1299,#1300,#1301);
#1299 = CARTESIAN_POINT('',(-1.27,-4.064,0.));
#1300 = DIRECTION('',(1.,0.,0.));
#1301 = DIRECTION('',(0.,-1.,0.));
#1302 = ADVANCED_FACE('',(#1303),#1314,.F.);
#1303 = FACE_BOUND('',#1304,.F.);
#1304 = EDGE_LOOP('',(#1305,#1311,#1312,#1313));
#1305 = ORIENTED_EDGE('',*,*,#1306,.T.);
#1306 = EDGE_CURVE('',#295,#760,#1307,.T.);
#1307 = LINE('',#1308,#1309);
#1308 = CARTESIAN_POINT('',(3.81,-4.064,0.));
#1309 = VECTOR('',#1310,1.);
#1310 = DIRECTION('',(0.,0.,1.));
#1311 = ORIENTED_EDGE('',*,*,#767,.T.);
#1312 = ORIENTED_EDGE('',*,*,#1272,.F.);
#1313 = ORIENTED_EDGE('',*,*,#302,.F.);
#1314 = PLANE('',#1315);
#1315 = AXIS2_PLACEMENT_3D('',#1316,#1317,#1318);
#1316 = CARTESIAN_POINT('',(3.81,-4.064,0.));
#1317 = DIRECTION('',(-0.707106781187,-0.707106781187,0.));
#1318 = DIRECTION('',(-0.707106781187,0.707106781187,0.));
#1319 = ADVANCED_FACE('',(#1320),#1331,.F.);
#1320 = FACE_BOUND('',#1321,.F.);
#1321 = EDGE_LOOP('',(#1322,#1323,#1324,#1330));
#1322 = ORIENTED_EDGE('',*,*,#1291,.T.);
#1323 = ORIENTED_EDGE('',*,*,#687,.T.);
#1324 = ORIENTED_EDGE('',*,*,#1325,.F.);
#1325 = EDGE_CURVE('',#223,#688,#1326,.T.);
#1326 = LINE('',#1327,#1328);
#1327 = CARTESIAN_POINT('',(-1.016,-6.35,0.));
#1328 = VECTOR('',#1329,1.);
#1329 = DIRECTION('',(0.,0.,1.));
#1330 = ORIENTED_EDGE('',*,*,#222,.F.);
#1331 = PLANE('',#1332);
#1332 = AXIS2_PLACEMENT_3D('',#1333,#1334,#1335);
#1333 = CARTESIAN_POINT('',(-1.27,-6.096,0.));
#1334 = DIRECTION('',(0.707106781187,0.707106781187,0.));
#1335 = DIRECTION('',(0.707106781187,-0.707106781187,0.));
#1336 = ADVANCED_FACE('',(#1337),#1348,.F.);
#1337 = FACE_BOUND('',#1338,.F.);
#1338 = EDGE_LOOP('',(#1339,#1345,#1346,#1347));
#1339 = ORIENTED_EDGE('',*,*,#1340,.T.);
#1340 = EDGE_CURVE('',#287,#752,#1341,.T.);
#1341 = LINE('',#1342,#1343);
#1342 = CARTESIAN_POINT('',(3.81,-6.096,0.));
#1343 = VECTOR('',#1344,1.);
#1344 = DIRECTION('',(0.,0.,1.));
#1345 = ORIENTED_EDGE('',*,*,#759,.T.);
#1346 = ORIENTED_EDGE('',*,*,#1306,.F.);
#1347 = ORIENTED_EDGE('',*,*,#294,.F.);
#1348 = PLANE('',#1349);
#1349 = AXIS2_PLACEMENT_3D('',#1350,#1351,#1352);
#1350 = CARTESIAN_POINT('',(3.81,-6.096,0.));
#1351 = DIRECTION('',(-1.,0.,0.));
#1352 = DIRECTION('',(0.,1.,0.));
#1353 = ADVANCED_FACE('',(#1354),#1365,.F.);
#1354 = FACE_BOUND('',#1355,.F.);
#1355 = EDGE_LOOP('',(#1356,#1357,#1358,#1364));
#1356 = ORIENTED_EDGE('',*,*,#1325,.T.);
#1357 = ORIENTED_EDGE('',*,*,#695,.T.);
#1358 = ORIENTED_EDGE('',*,*,#1359,.F.);
#1359 = EDGE_CURVE('',#231,#696,#1360,.T.);
#1360 = LINE('',#1361,#1362);
#1361 = CARTESIAN_POINT('',(-1.27,-6.604,0.));
#1362 = VECTOR('',#1363,1.);
#1363 = DIRECTION('',(0.,0.,1.));
#1364 = ORIENTED_EDGE('',*,*,#230,.F.);
#1365 = PLANE('',#1366);
#1366 = AXIS2_PLACEMENT_3D('',#1367,#1368,#1369);
#1367 = CARTESIAN_POINT('',(-1.016,-6.35,0.));
#1368 = DIRECTION('',(0.707106781187,-0.707106781187,0.));
#1369 = DIRECTION('',(-0.707106781187,-0.707106781187,0.));
#1370 = ADVANCED_FACE('',(#1371),#1382,.F.);
#1371 = FACE_BOUND('',#1372,.F.);
#1372 = EDGE_LOOP('',(#1373,#1379,#1380,#1381));
#1373 = ORIENTED_EDGE('',*,*,#1374,.T.);
#1374 = EDGE_CURVE('',#279,#744,#1375,.T.);
#1375 = LINE('',#1376,#1377);
#1376 = CARTESIAN_POINT('',(3.556,-6.35,0.));
#1377 = VECTOR('',#1378,1.);
#1378 = DIRECTION('',(0.,0.,1.));
#1379 = ORIENTED_EDGE('',*,*,#751,.T.);
#1380 = ORIENTED_EDGE('',*,*,#1340,.F.);
#1381 = ORIENTED_EDGE('',*,*,#286,.F.);
#1382 = PLANE('',#1383);
#1383 = AXIS2_PLACEMENT_3D('',#1384,#1385,#1386);
#1384 = CARTESIAN_POINT('',(3.556,-6.35,0.));
#1385 = DIRECTION('',(-0.707106781187,0.707106781187,0.));
#1386 = DIRECTION('',(0.707106781187,0.707106781187,0.));
#1387 = ADVANCED_FACE('',(#1388),#1399,.F.);
#1388 = FACE_BOUND('',#1389,.F.);
#1389 = EDGE_LOOP('',(#1390,#1391,#1392,#1398));
#1390 = ORIENTED_EDGE('',*,*,#1359,.T.);
#1391 = ORIENTED_EDGE('',*,*,#703,.T.);
#1392 = ORIENTED_EDGE('',*,*,#1393,.F.);
#1393 = EDGE_CURVE('',#239,#704,#1394,.T.);
#1394 = LINE('',#1395,#1396);
#1395 = CARTESIAN_POINT('',(-1.27,-8.636,0.));
#1396 = VECTOR('',#1397,1.);
#1397 = DIRECTION('',(0.,0.,1.));
#1398 = ORIENTED_EDGE('',*,*,#238,.F.);
#1399 = PLANE('',#1400);
#1400 = AXIS2_PLACEMENT_3D('',#1401,#1402,#1403);
#1401 = CARTESIAN_POINT('',(-1.27,-6.604,0.));
#1402 = DIRECTION('',(1.,0.,0.));
#1403 = DIRECTION('',(0.,-1.,0.));
#1404 = ADVANCED_FACE('',(#1405),#1416,.F.);
#1405 = FACE_BOUND('',#1406,.F.);
#1406 = EDGE_LOOP('',(#1407,#1413,#1414,#1415));
#1407 = ORIENTED_EDGE('',*,*,#1408,.T.);
#1408 = EDGE_CURVE('',#271,#736,#1409,.T.);
#1409 = LINE('',#1410,#1411);
#1410 = CARTESIAN_POINT('',(3.81,-6.604,0.));
#1411 = VECTOR('',#1412,1.);
#1412 = DIRECTION('',(0.,0.,1.));
#1413 = ORIENTED_EDGE('',*,*,#743,.T.);
#1414 = ORIENTED_EDGE('',*,*,#1374,.F.);
#1415 = ORIENTED_EDGE('',*,*,#278,.F.);
#1416 = PLANE('',#1417);
#1417 = AXIS2_PLACEMENT_3D('',#1418,#1419,#1420);
#1418 = CARTESIAN_POINT('',(3.81,-6.604,0.));
#1419 = DIRECTION('',(-0.707106781187,-0.707106781187,0.));
#1420 = DIRECTION('',(-0.707106781187,0.707106781187,0.));
#1421 = ADVANCED_FACE('',(#1422),#1433,.F.);
#1422 = FACE_BOUND('',#1423,.F.);
#1423 = EDGE_LOOP('',(#1424,#1425,#1426,#1432));
#1424 = ORIENTED_EDGE('',*,*,#1393,.T.);
#1425 = ORIENTED_EDGE('',*,*,#711,.T.);
#1426 = ORIENTED_EDGE('',*,*,#1427,.F.);
#1427 = EDGE_CURVE('',#247,#712,#1428,.T.);
#1428 = LINE('',#1429,#1430);
#1429 = CARTESIAN_POINT('',(-1.016,-8.89,0.));
#1430 = VECTOR('',#1431,1.);
#1431 = DIRECTION('',(0.,0.,1.));
#1432 = ORIENTED_EDGE('',*,*,#246,.F.);
#1433 = PLANE('',#1434);
#1434 = AXIS2_PLACEMENT_3D('',#1435,#1436,#1437);
#1435 = CARTESIAN_POINT('',(-1.27,-8.636,0.));
#1436 = DIRECTION('',(0.707106781187,0.707106781187,0.));
#1437 = DIRECTION('',(0.707106781187,-0.707106781187,0.));
#1438 = ADVANCED_FACE('',(#1439),#1450,.F.);
#1439 = FACE_BOUND('',#1440,.F.);
#1440 = EDGE_LOOP('',(#1441,#1447,#1448,#1449));
#1441 = ORIENTED_EDGE('',*,*,#1442,.T.);
#1442 = EDGE_CURVE('',#263,#728,#1443,.T.);
#1443 = LINE('',#1444,#1445);
#1444 = CARTESIAN_POINT('',(3.81,-8.636,0.));
#1445 = VECTOR('',#1446,1.);
#1446 = DIRECTION('',(0.,0.,1.));
#1447 = ORIENTED_EDGE('',*,*,#735,.T.);
#1448 = ORIENTED_EDGE('',*,*,#1408,.F.);
#1449 = ORIENTED_EDGE('',*,*,#270,.F.);
#1450 = PLANE('',#1451);
#1451 = AXIS2_PLACEMENT_3D('',#1452,#1453,#1454);
#1452 = CARTESIAN_POINT('',(3.81,-8.636,0.));
#1453 = DIRECTION('',(-1.,0.,0.));
#1454 = DIRECTION('',(0.,1.,0.));
#1455 = ADVANCED_FACE('',(#1456),#1467,.F.);
#1456 = FACE_BOUND('',#1457,.F.);
#1457 = EDGE_LOOP('',(#1458,#1459,#1460,#1466));
#1458 = ORIENTED_EDGE('',*,*,#1427,.T.);
#1459 = ORIENTED_EDGE('',*,*,#719,.T.);
#1460 = ORIENTED_EDGE('',*,*,#1461,.F.);
#1461 = EDGE_CURVE('',#255,#720,#1462,.T.);
#1462 = LINE('',#1463,#1464);
#1463 = CARTESIAN_POINT('',(3.556,-8.89,0.));
#1464 = VECTOR('',#1465,1.);
#1465 = DIRECTION('',(0.,0.,1.));
#1466 = ORIENTED_EDGE('',*,*,#254,.F.);
#1467 = PLANE('',#1468);
#1468 = AXIS2_PLACEMENT_3D('',#1469,#1470,#1471);
#1469 = CARTESIAN_POINT('',(-1.016,-8.89,0.));
#1470 = DIRECTION('',(0.,1.,0.));
#1471 = DIRECTION('',(1.,0.,0.));
#1472 = ADVANCED_FACE('',(#1473),#1479,.F.);
#1473 = FACE_BOUND('',#1474,.F.);
#1474 = EDGE_LOOP('',(#1475,#1476,#1477,#1478));
#1475 = ORIENTED_EDGE('',*,*,#1461,.T.);
#1476 = ORIENTED_EDGE('',*,*,#727,.T.);
#1477 = ORIENTED_EDGE('',*,*,#1442,.F.);
#1478 = ORIENTED_EDGE('',*,*,#262,.F.);
#1479 = PLANE('',#1480);
#1480 = AXIS2_PLACEMENT_3D('',#1481,#1482,#1483);
#1481 = CARTESIAN_POINT('',(3.556,-8.89,0.));
#1482 = DIRECTION('',(-0.707106781187,0.707106781187,0.));
#1483 = DIRECTION('',(0.707106781187,0.707106781187,0.));
#1484 = ADVANCED_FACE('',(#1485),#1510,.T.);
#1485 = FACE_BOUND('',#1486,.T.);
#1486 = EDGE_LOOP('',(#1487,#1495,#1503,#1509));
#1487 = ORIENTED_EDGE('',*,*,#1488,.F.);
#1488 = EDGE_CURVE('',#1489,#360,#1491,.T.);
#1489 = VERTEX_POINT('',#1490);
#1490 = CARTESIAN_POINT('',(2.86,-4.76,-2.84));
#1491 = LINE('',#1492,#1493);
#1492 = CARTESIAN_POINT('',(2.86,-4.76,-3.));
#1493 = VECTOR('',#1494,1.);
#1494 = DIRECTION('',(0.,0.,1.));
#1495 = ORIENTED_EDGE('',*,*,#1496,.F.);
#1496 = EDGE_CURVE('',#1497,#1489,#1499,.T.);
#1497 = VERTEX_POINT('',#1498);
#1498 = CARTESIAN_POINT('',(2.22,-4.76,-2.84));
#1499 = LINE('',#1500,#1501);
#1500 = CARTESIAN_POINT('',(2.22,-4.76,-2.84));
#1501 = VECTOR('',#1502,1.);
#1502 = DIRECTION('',(1.,0.,0.));
#1503 = ORIENTED_EDGE('',*,*,#1504,.T.);
#1504 = EDGE_CURVE('',#1497,#362,#1505,.T.);
#1505 = LINE('',#1506,#1507);
#1506 = CARTESIAN_POINT('',(2.22,-4.76,-3.));
#1507 = VECTOR('',#1508,1.);
#1508 = DIRECTION('',(0.,0.,1.));
#1509 = ORIENTED_EDGE('',*,*,#359,.F.);
#1510 = PLANE('',#1511);
#1511 = AXIS2_PLACEMENT_3D('',#1512,#1513,#1514);
#1512 = CARTESIAN_POINT('',(2.22,-4.76,-3.));
#1513 = DIRECTION('',(0.,1.,0.));
#1514 = DIRECTION('',(0.,-0.,1.));
#1515 = ADVANCED_FACE('',(#1516),#1534,.F.);
#1516 = FACE_BOUND('',#1517,.F.);
#1517 = EDGE_LOOP('',(#1518,#1526,#1532,#1533));
#1518 = ORIENTED_EDGE('',*,*,#1519,.F.);
#1519 = EDGE_CURVE('',#1520,#378,#1522,.T.);
#1520 = VERTEX_POINT('',#1521);
#1521 = CARTESIAN_POINT('',(2.22,-5.4,-2.84));
#1522 = LINE('',#1523,#1524);
#1523 = CARTESIAN_POINT('',(2.22,-5.4,-3.));
#1524 = VECTOR('',#1525,1.);
#1525 = DIRECTION('',(0.,0.,1.));
#1526 = ORIENTED_EDGE('',*,*,#1527,.T.);
#1527 = EDGE_CURVE('',#1520,#1497,#1528,.T.);
#1528 = LINE('',#1529,#1530);
#1529 = CARTESIAN_POINT('',(2.22,-5.4,-2.84));
#1530 = VECTOR('',#1531,1.);
#1531 = DIRECTION('',(0.,1.,0.));
#1532 = ORIENTED_EDGE('',*,*,#1504,.T.);
#1533 = ORIENTED_EDGE('',*,*,#385,.F.);
#1534 = PLANE('',#1535);
#1535 = AXIS2_PLACEMENT_3D('',#1536,#1537,#1538);
#1536 = CARTESIAN_POINT('',(2.22,-5.4,-3.));
#1537 = DIRECTION('',(1.,0.,0.));
#1538 = DIRECTION('',(0.,0.,1.));
#1539 = ADVANCED_FACE('',(#1540),#1558,.F.);
#1540 = FACE_BOUND('',#1541,.F.);
#1541 = EDGE_LOOP('',(#1542,#1550,#1556,#1557));
#1542 = ORIENTED_EDGE('',*,*,#1543,.F.);
#1543 = EDGE_CURVE('',#1544,#370,#1546,.T.);
#1544 = VERTEX_POINT('',#1545);
#1545 = CARTESIAN_POINT('',(2.86,-5.4,-2.84));
#1546 = LINE('',#1547,#1548);
#1547 = CARTESIAN_POINT('',(2.86,-5.4,-3.));
#1548 = VECTOR('',#1549,1.);
#1549 = DIRECTION('',(0.,0.,1.));
#1550 = ORIENTED_EDGE('',*,*,#1551,.F.);
#1551 = EDGE_CURVE('',#1520,#1544,#1552,.T.);
#1552 = LINE('',#1553,#1554);
#1553 = CARTESIAN_POINT('',(2.22,-5.4,-2.84));
#1554 = VECTOR('',#1555,1.);
#1555 = DIRECTION('',(1.,0.,0.));
#1556 = ORIENTED_EDGE('',*,*,#1519,.T.);
#1557 = ORIENTED_EDGE('',*,*,#377,.F.);
#1558 = PLANE('',#1559);
#1559 = AXIS2_PLACEMENT_3D('',#1560,#1561,#1562);
#1560 = CARTESIAN_POINT('',(2.22,-5.4,-3.));
#1561 = DIRECTION('',(0.,1.,0.));
#1562 = DIRECTION('',(0.,-0.,1.));
#1563 = ADVANCED_FACE('',(#1564),#1575,.T.);
#1564 = FACE_BOUND('',#1565,.T.);
#1565 = EDGE_LOOP('',(#1566,#1567,#1573,#1574));
#1566 = ORIENTED_EDGE('',*,*,#1543,.F.);
#1567 = ORIENTED_EDGE('',*,*,#1568,.T.);
#1568 = EDGE_CURVE('',#1544,#1489,#1569,.T.);
#1569 = LINE('',#1570,#1571);
#1570 = CARTESIAN_POINT('',(2.86,-5.4,-2.84));
#1571 = VECTOR('',#1572,1.);
#1572 = DIRECTION('',(0.,1.,0.));
#1573 = ORIENTED_EDGE('',*,*,#1488,.T.);
#1574 = ORIENTED_EDGE('',*,*,#369,.F.);
#1575 = PLANE('',#1576);
#1576 = AXIS2_PLACEMENT_3D('',#1577,#1578,#1579);
#1577 = CARTESIAN_POINT('',(2.86,-5.4,-3.));
#1578 = DIRECTION('',(1.,0.,0.));
#1579 = DIRECTION('',(0.,0.,1.));
#1580 = ADVANCED_FACE('',(#1581),#1606,.T.);
#1581 = FACE_BOUND('',#1582,.T.);
#1582 = EDGE_LOOP('',(#1583,#1591,#1599,#1605));
#1583 = ORIENTED_EDGE('',*,*,#1584,.F.);
#1584 = EDGE_CURVE('',#1585,#394,#1587,.T.);
#1585 = VERTEX_POINT('',#1586);
#1586 = CARTESIAN_POINT('',(0.32,-5.4,-2.84));
#1587 = LINE('',#1588,#1589);
#1588 = CARTESIAN_POINT('',(0.32,-5.4,-3.));
#1589 = VECTOR('',#1590,1.);
#1590 = DIRECTION('',(0.,0.,1.));
#1591 = ORIENTED_EDGE('',*,*,#1592,.T.);
#1592 = EDGE_CURVE('',#1585,#1593,#1595,.T.);
#1593 = VERTEX_POINT('',#1594);
#1594 = CARTESIAN_POINT('',(0.32,-4.76,-2.84));
#1595 = LINE('',#1596,#1597);
#1596 = CARTESIAN_POINT('',(0.32,-5.4,-2.84));
#1597 = VECTOR('',#1598,1.);
#1598 = DIRECTION('',(0.,1.,0.));
#1599 = ORIENTED_EDGE('',*,*,#1600,.T.);
#1600 = EDGE_CURVE('',#1593,#396,#1601,.T.);
#1601 = LINE('',#1602,#1603);
#1602 = CARTESIAN_POINT('',(0.32,-4.76,-3.));
#1603 = VECTOR('',#1604,1.);
#1604 = DIRECTION('',(0.,0.,1.));
#1605 = ORIENTED_EDGE('',*,*,#393,.F.);
#1606 = PLANE('',#1607);
#1607 = AXIS2_PLACEMENT_3D('',#1608,#1609,#1610);
#1608 = CARTESIAN_POINT('',(0.32,-5.4,-3.));
#1609 = DIRECTION('',(1.,0.,0.));
#1610 = DIRECTION('',(0.,0.,1.));
#1611 = ADVANCED_FACE('',(#1612),#1630,.T.);
#1612 = FACE_BOUND('',#1613,.T.);
#1613 = EDGE_LOOP('',(#1614,#1615,#1623,#1629));
#1614 = ORIENTED_EDGE('',*,*,#1600,.F.);
#1615 = ORIENTED_EDGE('',*,*,#1616,.F.);
#1616 = EDGE_CURVE('',#1617,#1593,#1619,.T.);
#1617 = VERTEX_POINT('',#1618);
#1618 = CARTESIAN_POINT('',(-0.32,-4.76,-2.84));
#1619 = LINE('',#1620,#1621);
#1620 = CARTESIAN_POINT('',(-0.32,-4.76,-2.84));
#1621 = VECTOR('',#1622,1.);
#1622 = DIRECTION('',(1.,0.,0.));
#1623 = ORIENTED_EDGE('',*,*,#1624,.T.);
#1624 = EDGE_CURVE('',#1617,#412,#1625,.T.);
#1625 = LINE('',#1626,#1627);
#1626 = CARTESIAN_POINT('',(-0.32,-4.76,-3.));
#1627 = VECTOR('',#1628,1.);
#1628 = DIRECTION('',(0.,0.,1.));
#1629 = ORIENTED_EDGE('',*,*,#419,.F.);
#1630 = PLANE('',#1631);
#1631 = AXIS2_PLACEMENT_3D('',#1632,#1633,#1634);
#1632 = CARTESIAN_POINT('',(-0.32,-4.76,-3.));
#1633 = DIRECTION('',(0.,1.,0.));
#1634 = DIRECTION('',(0.,-0.,1.));
#1635 = ADVANCED_FACE('',(#1636),#1654,.F.);
#1636 = FACE_BOUND('',#1637,.F.);
#1637 = EDGE_LOOP('',(#1638,#1646,#1652,#1653));
#1638 = ORIENTED_EDGE('',*,*,#1639,.F.);
#1639 = EDGE_CURVE('',#1640,#404,#1642,.T.);
#1640 = VERTEX_POINT('',#1641);
#1641 = CARTESIAN_POINT('',(-0.32,-5.4,-2.84));
#1642 = LINE('',#1643,#1644);
#1643 = CARTESIAN_POINT('',(-0.32,-5.4,-3.));
#1644 = VECTOR('',#1645,1.);
#1645 = DIRECTION('',(0.,0.,1.));
#1646 = ORIENTED_EDGE('',*,*,#1647,.T.);
#1647 = EDGE_CURVE('',#1640,#1617,#1648,.T.);
#1648 = LINE('',#1649,#1650);
#1649 = CARTESIAN_POINT('',(-0.32,-5.4,-2.84));
#1650 = VECTOR('',#1651,1.);
#1651 = DIRECTION('',(0.,1.,0.));
#1652 = ORIENTED_EDGE('',*,*,#1624,.T.);
#1653 = ORIENTED_EDGE('',*,*,#411,.F.);
#1654 = PLANE('',#1655);
#1655 = AXIS2_PLACEMENT_3D('',#1656,#1657,#1658);
#1656 = CARTESIAN_POINT('',(-0.32,-5.4,-3.));
#1657 = DIRECTION('',(1.,0.,0.));
#1658 = DIRECTION('',(0.,0.,1.));
#1659 = ADVANCED_FACE('',(#1660),#1671,.F.);
#1660 = FACE_BOUND('',#1661,.F.);
#1661 = EDGE_LOOP('',(#1662,#1663,#1669,#1670));
#1662 = ORIENTED_EDGE('',*,*,#1584,.F.);
#1663 = ORIENTED_EDGE('',*,*,#1664,.F.);
#1664 = EDGE_CURVE('',#1640,#1585,#1665,.T.);
#1665 = LINE('',#1666,#1667);
#1666 = CARTESIAN_POINT('',(-0.32,-5.4,-2.84));
#1667 = VECTOR('',#1668,1.);
#1668 = DIRECTION('',(1.,0.,0.));
#1669 = ORIENTED_EDGE('',*,*,#1639,.T.);
#1670 = ORIENTED_EDGE('',*,*,#403,.F.);
#1671 = PLANE('',#1672);
#1672 = AXIS2_PLACEMENT_3D('',#1673,#1674,#1675);
#1673 = CARTESIAN_POINT('',(-0.32,-5.4,-3.));
#1674 = DIRECTION('',(0.,1.,0.));
#1675 = DIRECTION('',(0.,-0.,1.));
#1676 = ADVANCED_FACE('',(#1677),#1702,.T.);
#1677 = FACE_BOUND('',#1678,.T.);
#1678 = EDGE_LOOP('',(#1679,#1687,#1695,#1701));
#1679 = ORIENTED_EDGE('',*,*,#1680,.F.);
#1680 = EDGE_CURVE('',#1681,#428,#1683,.T.);
#1681 = VERTEX_POINT('',#1682);
#1682 = CARTESIAN_POINT('',(0.32,0.32,-2.84));
#1683 = LINE('',#1684,#1685);
#1684 = CARTESIAN_POINT('',(0.32,0.32,-3.));
#1685 = VECTOR('',#1686,1.);
#1686 = DIRECTION('',(0.,0.,1.));
#1687 = ORIENTED_EDGE('',*,*,#1688,.F.);
#1688 = EDGE_CURVE('',#1689,#1681,#1691,.T.);
#1689 = VERTEX_POINT('',#1690);
#1690 = CARTESIAN_POINT('',(-0.32,0.32,-2.84));
#1691 = LINE('',#1692,#1693);
#1692 = CARTESIAN_POINT('',(-0.32,0.32,-2.84));
#1693 = VECTOR('',#1694,1.);
#1694 = DIRECTION('',(1.,0.,0.));
#1695 = ORIENTED_EDGE('',*,*,#1696,.T.);
#1696 = EDGE_CURVE('',#1689,#430,#1697,.T.);
#1697 = LINE('',#1698,#1699);
#1698 = CARTESIAN_POINT('',(-0.32,0.32,-3.));
#1699 = VECTOR('',#1700,1.);
#1700 = DIRECTION('',(0.,0.,1.));
#1701 = ORIENTED_EDGE('',*,*,#427,.F.);
#1702 = PLANE('',#1703);
#1703 = AXIS2_PLACEMENT_3D('',#1704,#1705,#1706);
#1704 = CARTESIAN_POINT('',(-0.32,0.32,-3.));
#1705 = DIRECTION('',(0.,1.,0.));
#1706 = DIRECTION('',(0.,-0.,1.));
#1707 = ADVANCED_FACE('',(#1708),#1726,.F.);
#1708 = FACE_BOUND('',#1709,.F.);
#1709 = EDGE_LOOP('',(#1710,#1718,#1724,#1725));
#1710 = ORIENTED_EDGE('',*,*,#1711,.F.);
#1711 = EDGE_CURVE('',#1712,#446,#1714,.T.);
#1712 = VERTEX_POINT('',#1713);
#1713 = CARTESIAN_POINT('',(-0.32,-0.32,-2.84));
#1714 = LINE('',#1715,#1716);
#1715 = CARTESIAN_POINT('',(-0.32,-0.32,-3.));
#1716 = VECTOR('',#1717,1.);
#1717 = DIRECTION('',(0.,0.,1.));
#1718 = ORIENTED_EDGE('',*,*,#1719,.T.);
#1719 = EDGE_CURVE('',#1712,#1689,#1720,.T.);
#1720 = LINE('',#1721,#1722);
#1721 = CARTESIAN_POINT('',(-0.32,-0.32,-2.84));
#1722 = VECTOR('',#1723,1.);
#1723 = DIRECTION('',(0.,1.,0.));
#1724 = ORIENTED_EDGE('',*,*,#1696,.T.);
#1725 = ORIENTED_EDGE('',*,*,#453,.F.);
#1726 = PLANE('',#1727);
#1727 = AXIS2_PLACEMENT_3D('',#1728,#1729,#1730);
#1728 = CARTESIAN_POINT('',(-0.32,-0.32,-3.));
#1729 = DIRECTION('',(1.,0.,0.));
#1730 = DIRECTION('',(0.,0.,1.));
#1731 = ADVANCED_FACE('',(#1732),#1750,.F.);
#1732 = FACE_BOUND('',#1733,.F.);
#1733 = EDGE_LOOP('',(#1734,#1742,#1748,#1749));
#1734 = ORIENTED_EDGE('',*,*,#1735,.F.);
#1735 = EDGE_CURVE('',#1736,#438,#1738,.T.);
#1736 = VERTEX_POINT('',#1737);
#1737 = CARTESIAN_POINT('',(0.32,-0.32,-2.84));
#1738 = LINE('',#1739,#1740);
#1739 = CARTESIAN_POINT('',(0.32,-0.32,-3.));
#1740 = VECTOR('',#1741,1.);
#1741 = DIRECTION('',(0.,0.,1.));
#1742 = ORIENTED_EDGE('',*,*,#1743,.F.);
#1743 = EDGE_CURVE('',#1712,#1736,#1744,.T.);
#1744 = LINE('',#1745,#1746);
#1745 = CARTESIAN_POINT('',(-0.32,-0.32,-2.84));
#1746 = VECTOR('',#1747,1.);
#1747 = DIRECTION('',(1.,0.,0.));
#1748 = ORIENTED_EDGE('',*,*,#1711,.T.);
#1749 = ORIENTED_EDGE('',*,*,#445,.F.);
#1750 = PLANE('',#1751);
#1751 = AXIS2_PLACEMENT_3D('',#1752,#1753,#1754);
#1752 = CARTESIAN_POINT('',(-0.32,-0.32,-3.));
#1753 = DIRECTION('',(0.,1.,0.));
#1754 = DIRECTION('',(0.,-0.,1.));
#1755 = ADVANCED_FACE('',(#1756),#1767,.T.);
#1756 = FACE_BOUND('',#1757,.T.);
#1757 = EDGE_LOOP('',(#1758,#1759,#1765,#1766));
#1758 = ORIENTED_EDGE('',*,*,#1735,.F.);
#1759 = ORIENTED_EDGE('',*,*,#1760,.T.);
#1760 = EDGE_CURVE('',#1736,#1681,#1761,.T.);
#1761 = LINE('',#1762,#1763);
#1762 = CARTESIAN_POINT('',(0.32,-0.32,-2.84));
#1763 = VECTOR('',#1764,1.);
#1764 = DIRECTION('',(0.,1.,0.));
#1765 = ORIENTED_EDGE('',*,*,#1680,.T.);
#1766 = ORIENTED_EDGE('',*,*,#437,.F.);
#1767 = PLANE('',#1768);
#1768 = AXIS2_PLACEMENT_3D('',#1769,#1770,#1771);
#1769 = CARTESIAN_POINT('',(0.32,-0.32,-3.));
#1770 = DIRECTION('',(1.,0.,0.));
#1771 = DIRECTION('',(0.,0.,1.));
#1772 = ADVANCED_FACE('',(#1773),#1798,.T.);
#1773 = FACE_BOUND('',#1774,.T.);
#1774 = EDGE_LOOP('',(#1775,#1783,#1791,#1797));
#1775 = ORIENTED_EDGE('',*,*,#1776,.F.);
#1776 = EDGE_CURVE('',#1777,#462,#1779,.T.);
#1777 = VERTEX_POINT('',#1778);
#1778 = CARTESIAN_POINT('',(0.32,-2.86,-2.84));
#1779 = LINE('',#1780,#1781);
#1780 = CARTESIAN_POINT('',(0.32,-2.86,-3.));
#1781 = VECTOR('',#1782,1.);
#1782 = DIRECTION('',(0.,0.,1.));
#1783 = ORIENTED_EDGE('',*,*,#1784,.T.);
#1784 = EDGE_CURVE('',#1777,#1785,#1787,.T.);
#1785 = VERTEX_POINT('',#1786);
#1786 = CARTESIAN_POINT('',(0.32,-2.22,-2.84));
#1787 = LINE('',#1788,#1789);
#1788 = CARTESIAN_POINT('',(0.32,-2.86,-2.84));
#1789 = VECTOR('',#1790,1.);
#1790 = DIRECTION('',(0.,1.,0.));
#1791 = ORIENTED_EDGE('',*,*,#1792,.T.);
#1792 = EDGE_CURVE('',#1785,#464,#1793,.T.);
#1793 = LINE('',#1794,#1795);
#1794 = CARTESIAN_POINT('',(0.32,-2.22,-3.));
#1795 = VECTOR('',#1796,1.);
#1796 = DIRECTION('',(0.,0.,1.));
#1797 = ORIENTED_EDGE('',*,*,#461,.F.);
#1798 = PLANE('',#1799);
#1799 = AXIS2_PLACEMENT_3D('',#1800,#1801,#1802);
#1800 = CARTESIAN_POINT('',(0.32,-2.86,-3.));
#1801 = DIRECTION('',(1.,0.,0.));
#1802 = DIRECTION('',(0.,0.,1.));
#1803 = ADVANCED_FACE('',(#1804),#1822,.T.);
#1804 = FACE_BOUND('',#1805,.T.);
#1805 = EDGE_LOOP('',(#1806,#1807,#1815,#1821));
#1806 = ORIENTED_EDGE('',*,*,#1792,.F.);
#1807 = ORIENTED_EDGE('',*,*,#1808,.F.);
#1808 = EDGE_CURVE('',#1809,#1785,#1811,.T.);
#1809 = VERTEX_POINT('',#1810);
#1810 = CARTESIAN_POINT('',(-0.32,-2.22,-2.84));
#1811 = LINE('',#1812,#1813);
#1812 = CARTESIAN_POINT('',(-0.32,-2.22,-2.84));
#1813 = VECTOR('',#1814,1.);
#1814 = DIRECTION('',(1.,0.,0.));
#1815 = ORIENTED_EDGE('',*,*,#1816,.T.);
#1816 = EDGE_CURVE('',#1809,#480,#1817,.T.);
#1817 = LINE('',#1818,#1819);
#1818 = CARTESIAN_POINT('',(-0.32,-2.22,-3.));
#1819 = VECTOR('',#1820,1.);
#1820 = DIRECTION('',(0.,0.,1.));
#1821 = ORIENTED_EDGE('',*,*,#487,.F.);
#1822 = PLANE('',#1823);
#1823 = AXIS2_PLACEMENT_3D('',#1824,#1825,#1826);
#1824 = CARTESIAN_POINT('',(-0.32,-2.22,-3.));
#1825 = DIRECTION('',(0.,1.,0.));
#1826 = DIRECTION('',(0.,-0.,1.));
#1827 = ADVANCED_FACE('',(#1828),#1846,.F.);
#1828 = FACE_BOUND('',#1829,.F.);
#1829 = EDGE_LOOP('',(#1830,#1838,#1844,#1845));
#1830 = ORIENTED_EDGE('',*,*,#1831,.F.);
#1831 = EDGE_CURVE('',#1832,#472,#1834,.T.);
#1832 = VERTEX_POINT('',#1833);
#1833 = CARTESIAN_POINT('',(-0.32,-2.86,-2.84));
#1834 = LINE('',#1835,#1836);
#1835 = CARTESIAN_POINT('',(-0.32,-2.86,-3.));
#1836 = VECTOR('',#1837,1.);
#1837 = DIRECTION('',(0.,0.,1.));
#1838 = ORIENTED_EDGE('',*,*,#1839,.T.);
#1839 = EDGE_CURVE('',#1832,#1809,#1840,.T.);
#1840 = LINE('',#1841,#1842);
#1841 = CARTESIAN_POINT('',(-0.32,-2.86,-2.84));
#1842 = VECTOR('',#1843,1.);
#1843 = DIRECTION('',(0.,1.,0.));
#1844 = ORIENTED_EDGE('',*,*,#1816,.T.);
#1845 = ORIENTED_EDGE('',*,*,#479,.F.);
#1846 = PLANE('',#1847);
#1847 = AXIS2_PLACEMENT_3D('',#1848,#1849,#1850);
#1848 = CARTESIAN_POINT('',(-0.32,-2.86,-3.));
#1849 = DIRECTION('',(1.,0.,0.));
#1850 = DIRECTION('',(0.,0.,1.));
#1851 = ADVANCED_FACE('',(#1852),#1863,.F.);
#1852 = FACE_BOUND('',#1853,.F.);
#1853 = EDGE_LOOP('',(#1854,#1855,#1861,#1862));
#1854 = ORIENTED_EDGE('',*,*,#1776,.F.);
#1855 = ORIENTED_EDGE('',*,*,#1856,.F.);
#1856 = EDGE_CURVE('',#1832,#1777,#1857,.T.);
#1857 = LINE('',#1858,#1859);
#1858 = CARTESIAN_POINT('',(-0.32,-2.86,-2.84));
#1859 = VECTOR('',#1860,1.);
#1860 = DIRECTION('',(1.,0.,0.));
#1861 = ORIENTED_EDGE('',*,*,#1831,.T.);
#1862 = ORIENTED_EDGE('',*,*,#471,.F.);
#1863 = PLANE('',#1864);
#1864 = AXIS2_PLACEMENT_3D('',#1865,#1866,#1867);
#1865 = CARTESIAN_POINT('',(-0.32,-2.86,-3.));
#1866 = DIRECTION('',(0.,1.,0.));
#1867 = DIRECTION('',(0.,-0.,1.));
#1868 = ADVANCED_FACE('',(#1869),#1894,.T.);
#1869 = FACE_BOUND('',#1870,.T.);
#1870 = EDGE_LOOP('',(#1871,#1879,#1887,#1893));
#1871 = ORIENTED_EDGE('',*,*,#1872,.F.);
#1872 = EDGE_CURVE('',#1873,#496,#1875,.T.);
#1873 = VERTEX_POINT('',#1874);
#1874 = CARTESIAN_POINT('',(2.86,0.32,-2.84));
#1875 = LINE('',#1876,#1877);
#1876 = CARTESIAN_POINT('',(2.86,0.32,-3.));
#1877 = VECTOR('',#1878,1.);
#1878 = DIRECTION('',(0.,0.,1.));
#1879 = ORIENTED_EDGE('',*,*,#1880,.F.);
#1880 = EDGE_CURVE('',#1881,#1873,#1883,.T.);
#1881 = VERTEX_POINT('',#1882);
#1882 = CARTESIAN_POINT('',(2.22,0.32,-2.84));
#1883 = LINE('',#1884,#1885);
#1884 = CARTESIAN_POINT('',(2.22,0.32,-2.84));
#1885 = VECTOR('',#1886,1.);
#1886 = DIRECTION('',(1.,0.,0.));
#1887 = ORIENTED_EDGE('',*,*,#1888,.T.);
#1888 = EDGE_CURVE('',#1881,#498,#1889,.T.);
#1889 = LINE('',#1890,#1891);
#1890 = CARTESIAN_POINT('',(2.22,0.32,-3.));
#1891 = VECTOR('',#1892,1.);
#1892 = DIRECTION('',(0.,0.,1.));
#1893 = ORIENTED_EDGE('',*,*,#495,.F.);
#1894 = PLANE('',#1895);
#1895 = AXIS2_PLACEMENT_3D('',#1896,#1897,#1898);
#1896 = CARTESIAN_POINT('',(2.22,0.32,-3.));
#1897 = DIRECTION('',(0.,1.,0.));
#1898 = DIRECTION('',(0.,-0.,1.));
#1899 = ADVANCED_FACE('',(#1900),#1918,.F.);
#1900 = FACE_BOUND('',#1901,.F.);
#1901 = EDGE_LOOP('',(#1902,#1910,#1916,#1917));
#1902 = ORIENTED_EDGE('',*,*,#1903,.F.);
#1903 = EDGE_CURVE('',#1904,#514,#1906,.T.);
#1904 = VERTEX_POINT('',#1905);
#1905 = CARTESIAN_POINT('',(2.22,-0.32,-2.84));
#1906 = LINE('',#1907,#1908);
#1907 = CARTESIAN_POINT('',(2.22,-0.32,-3.));
#1908 = VECTOR('',#1909,1.);
#1909 = DIRECTION('',(0.,0.,1.));
#1910 = ORIENTED_EDGE('',*,*,#1911,.T.);
#1911 = EDGE_CURVE('',#1904,#1881,#1912,.T.);
#1912 = LINE('',#1913,#1914);
#1913 = CARTESIAN_POINT('',(2.22,-0.32,-2.84));
#1914 = VECTOR('',#1915,1.);
#1915 = DIRECTION('',(0.,1.,0.));
#1916 = ORIENTED_EDGE('',*,*,#1888,.T.);
#1917 = ORIENTED_EDGE('',*,*,#521,.F.);
#1918 = PLANE('',#1919);
#1919 = AXIS2_PLACEMENT_3D('',#1920,#1921,#1922);
#1920 = CARTESIAN_POINT('',(2.22,-0.32,-3.));
#1921 = DIRECTION('',(1.,0.,0.));
#1922 = DIRECTION('',(0.,0.,1.));
#1923 = ADVANCED_FACE('',(#1924),#1942,.F.);
#1924 = FACE_BOUND('',#1925,.F.);
#1925 = EDGE_LOOP('',(#1926,#1934,#1940,#1941));
#1926 = ORIENTED_EDGE('',*,*,#1927,.F.);
#1927 = EDGE_CURVE('',#1928,#506,#1930,.T.);
#1928 = VERTEX_POINT('',#1929);
#1929 = CARTESIAN_POINT('',(2.86,-0.32,-2.84));
#1930 = LINE('',#1931,#1932);
#1931 = CARTESIAN_POINT('',(2.86,-0.32,-3.));
#1932 = VECTOR('',#1933,1.);
#1933 = DIRECTION('',(0.,0.,1.));
#1934 = ORIENTED_EDGE('',*,*,#1935,.F.);
#1935 = EDGE_CURVE('',#1904,#1928,#1936,.T.);
#1936 = LINE('',#1937,#1938);
#1937 = CARTESIAN_POINT('',(2.22,-0.32,-2.84));
#1938 = VECTOR('',#1939,1.);
#1939 = DIRECTION('',(1.,0.,0.));
#1940 = ORIENTED_EDGE('',*,*,#1903,.T.);
#1941 = ORIENTED_EDGE('',*,*,#513,.F.);
#1942 = PLANE('',#1943);
#1943 = AXIS2_PLACEMENT_3D('',#1944,#1945,#1946);
#1944 = CARTESIAN_POINT('',(2.22,-0.32,-3.));
#1945 = DIRECTION('',(0.,1.,0.));
#1946 = DIRECTION('',(0.,-0.,1.));
#1947 = ADVANCED_FACE('',(#1948),#1959,.T.);
#1948 = FACE_BOUND('',#1949,.T.);
#1949 = EDGE_LOOP('',(#1950,#1951,#1957,#1958));
#1950 = ORIENTED_EDGE('',*,*,#1927,.F.);
#1951 = ORIENTED_EDGE('',*,*,#1952,.T.);
#1952 = EDGE_CURVE('',#1928,#1873,#1953,.T.);
#1953 = LINE('',#1954,#1955);
#1954 = CARTESIAN_POINT('',(2.86,-0.32,-2.84));
#1955 = VECTOR('',#1956,1.);
#1956 = DIRECTION('',(0.,1.,0.));
#1957 = ORIENTED_EDGE('',*,*,#1872,.T.);
#1958 = ORIENTED_EDGE('',*,*,#505,.F.);
#1959 = PLANE('',#1960);
#1960 = AXIS2_PLACEMENT_3D('',#1961,#1962,#1963);
#1961 = CARTESIAN_POINT('',(2.86,-0.32,-3.));
#1962 = DIRECTION('',(1.,0.,0.));
#1963 = DIRECTION('',(0.,0.,1.));
#1964 = ADVANCED_FACE('',(#1965),#1990,.T.);
#1965 = FACE_BOUND('',#1966,.T.);
#1966 = EDGE_LOOP('',(#1967,#1975,#1983,#1989));
#1967 = ORIENTED_EDGE('',*,*,#1968,.F.);
#1968 = EDGE_CURVE('',#1969,#530,#1971,.T.);
#1969 = VERTEX_POINT('',#1970);
#1970 = CARTESIAN_POINT('',(2.86,-2.22,-2.84));
#1971 = LINE('',#1972,#1973);
#1972 = CARTESIAN_POINT('',(2.86,-2.22,-3.));
#1973 = VECTOR('',#1974,1.);
#1974 = DIRECTION('',(0.,0.,1.));
#1975 = ORIENTED_EDGE('',*,*,#1976,.F.);
#1976 = EDGE_CURVE('',#1977,#1969,#1979,.T.);
#1977 = VERTEX_POINT('',#1978);
#1978 = CARTESIAN_POINT('',(2.22,-2.22,-2.84));
#1979 = LINE('',#1980,#1981);
#1980 = CARTESIAN_POINT('',(2.22,-2.22,-2.84));
#1981 = VECTOR('',#1982,1.);
#1982 = DIRECTION('',(1.,0.,0.));
#1983 = ORIENTED_EDGE('',*,*,#1984,.T.);
#1984 = EDGE_CURVE('',#1977,#532,#1985,.T.);
#1985 = LINE('',#1986,#1987);
#1986 = CARTESIAN_POINT('',(2.22,-2.22,-3.));
#1987 = VECTOR('',#1988,1.);
#1988 = DIRECTION('',(0.,0.,1.));
#1989 = ORIENTED_EDGE('',*,*,#529,.F.);
#1990 = PLANE('',#1991);
#1991 = AXIS2_PLACEMENT_3D('',#1992,#1993,#1994);
#1992 = CARTESIAN_POINT('',(2.22,-2.22,-3.));
#1993 = DIRECTION('',(0.,1.,0.));
#1994 = DIRECTION('',(0.,-0.,1.));
#1995 = ADVANCED_FACE('',(#1996),#2014,.F.);
#1996 = FACE_BOUND('',#1997,.F.);
#1997 = EDGE_LOOP('',(#1998,#2006,#2012,#2013));
#1998 = ORIENTED_EDGE('',*,*,#1999,.F.);
#1999 = EDGE_CURVE('',#2000,#548,#2002,.T.);
#2000 = VERTEX_POINT('',#2001);
#2001 = CARTESIAN_POINT('',(2.22,-2.86,-2.84));
#2002 = LINE('',#2003,#2004);
#2003 = CARTESIAN_POINT('',(2.22,-2.86,-3.));
#2004 = VECTOR('',#2005,1.);
#2005 = DIRECTION('',(0.,0.,1.));
#2006 = ORIENTED_EDGE('',*,*,#2007,.T.);
#2007 = EDGE_CURVE('',#2000,#1977,#2008,.T.);
#2008 = LINE('',#2009,#2010);
#2009 = CARTESIAN_POINT('',(2.22,-2.86,-2.84));
#2010 = VECTOR('',#2011,1.);
#2011 = DIRECTION('',(0.,1.,0.));
#2012 = ORIENTED_EDGE('',*,*,#1984,.T.);
#2013 = ORIENTED_EDGE('',*,*,#555,.F.);
#2014 = PLANE('',#2015);
#2015 = AXIS2_PLACEMENT_3D('',#2016,#2017,#2018);
#2016 = CARTESIAN_POINT('',(2.22,-2.86,-3.));
#2017 = DIRECTION('',(1.,0.,0.));
#2018 = DIRECTION('',(0.,0.,1.));
#2019 = ADVANCED_FACE('',(#2020),#2038,.F.);
#2020 = FACE_BOUND('',#2021,.F.);
#2021 = EDGE_LOOP('',(#2022,#2030,#2036,#2037));
#2022 = ORIENTED_EDGE('',*,*,#2023,.F.);
#2023 = EDGE_CURVE('',#2024,#540,#2026,.T.);
#2024 = VERTEX_POINT('',#2025);
#2025 = CARTESIAN_POINT('',(2.86,-2.86,-2.84));
#2026 = LINE('',#2027,#2028);
#2027 = CARTESIAN_POINT('',(2.86,-2.86,-3.));
#2028 = VECTOR('',#2029,1.);
#2029 = DIRECTION('',(0.,0.,1.));
#2030 = ORIENTED_EDGE('',*,*,#2031,.F.);
#2031 = EDGE_CURVE('',#2000,#2024,#2032,.T.);
#2032 = LINE('',#2033,#2034);
#2033 = CARTESIAN_POINT('',(2.22,-2.86,-2.84));
#2034 = VECTOR('',#2035,1.);
#2035 = DIRECTION('',(1.,0.,0.));
#2036 = ORIENTED_EDGE('',*,*,#1999,.T.);
#2037 = ORIENTED_EDGE('',*,*,#547,.F.);
#2038 = PLANE('',#2039);
#2039 = AXIS2_PLACEMENT_3D('',#2040,#2041,#2042);
#2040 = CARTESIAN_POINT('',(2.22,-2.86,-3.));
#2041 = DIRECTION('',(0.,1.,0.));
#2042 = DIRECTION('',(0.,-0.,1.));
#2043 = ADVANCED_FACE('',(#2044),#2055,.T.);
#2044 = FACE_BOUND('',#2045,.T.);
#2045 = EDGE_LOOP('',(#2046,#2047,#2053,#2054));
#2046 = ORIENTED_EDGE('',*,*,#2023,.F.);
#2047 = ORIENTED_EDGE('',*,*,#2048,.T.);
#2048 = EDGE_CURVE('',#2024,#1969,#2049,.T.);
#2049 = LINE('',#2050,#2051);
#2050 = CARTESIAN_POINT('',(2.86,-2.86,-2.84));
#2051 = VECTOR('',#2052,1.);
#2052 = DIRECTION('',(0.,1.,0.));
#2053 = ORIENTED_EDGE('',*,*,#1968,.T.);
#2054 = ORIENTED_EDGE('',*,*,#539,.F.);
#2055 = PLANE('',#2056);
#2056 = AXIS2_PLACEMENT_3D('',#2057,#2058,#2059);
#2057 = CARTESIAN_POINT('',(2.86,-2.86,-3.));
#2058 = DIRECTION('',(1.,0.,0.));
#2059 = DIRECTION('',(0.,0.,1.));
#2060 = ADVANCED_FACE('',(#2061),#2086,.F.);
#2061 = FACE_BOUND('',#2062,.F.);
#2062 = EDGE_LOOP('',(#2063,#2071,#2079,#2085));
#2063 = ORIENTED_EDGE('',*,*,#2064,.F.);
#2064 = EDGE_CURVE('',#2065,#564,#2067,.T.);
#2065 = VERTEX_POINT('',#2066);
#2066 = CARTESIAN_POINT('',(0.32,-7.94,-2.84));
#2067 = LINE('',#2068,#2069);
#2068 = CARTESIAN_POINT('',(0.32,-7.94,-3.));
#2069 = VECTOR('',#2070,1.);
#2070 = DIRECTION('',(0.,0.,1.));
#2071 = ORIENTED_EDGE('',*,*,#2072,.F.);
#2072 = EDGE_CURVE('',#2073,#2065,#2075,.T.);
#2073 = VERTEX_POINT('',#2074);
#2074 = CARTESIAN_POINT('',(-0.32,-7.94,-2.84));
#2075 = LINE('',#2076,#2077);
#2076 = CARTESIAN_POINT('',(-0.32,-7.94,-2.84));
#2077 = VECTOR('',#2078,1.);
#2078 = DIRECTION('',(1.,0.,0.));
#2079 = ORIENTED_EDGE('',*,*,#2080,.T.);
#2080 = EDGE_CURVE('',#2073,#566,#2081,.T.);
#2081 = LINE('',#2082,#2083);
#2082 = CARTESIAN_POINT('',(-0.32,-7.94,-3.));
#2083 = VECTOR('',#2084,1.);
#2084 = DIRECTION('',(0.,0.,1.));
#2085 = ORIENTED_EDGE('',*,*,#563,.F.);
#2086 = PLANE('',#2087);
#2087 = AXIS2_PLACEMENT_3D('',#2088,#2089,#2090);
#2088 = CARTESIAN_POINT('',(-0.32,-7.94,-3.));
#2089 = DIRECTION('',(0.,1.,0.));
#2090 = DIRECTION('',(0.,-0.,1.));
#2091 = ADVANCED_FACE('',(#2092),#2110,.T.);
#2092 = FACE_BOUND('',#2093,.T.);
#2093 = EDGE_LOOP('',(#2094,#2095,#2103,#2109));
#2094 = ORIENTED_EDGE('',*,*,#2064,.F.);
#2095 = ORIENTED_EDGE('',*,*,#2096,.T.);
#2096 = EDGE_CURVE('',#2065,#2097,#2099,.T.);
#2097 = VERTEX_POINT('',#2098);
#2098 = CARTESIAN_POINT('',(0.32,-7.3,-2.84));
#2099 = LINE('',#2100,#2101);
#2100 = CARTESIAN_POINT('',(0.32,-7.94,-2.84));
#2101 = VECTOR('',#2102,1.);
#2102 = DIRECTION('',(0.,1.,0.));
#2103 = ORIENTED_EDGE('',*,*,#2104,.T.);
#2104 = EDGE_CURVE('',#2097,#582,#2105,.T.);
#2105 = LINE('',#2106,#2107);
#2106 = CARTESIAN_POINT('',(0.32,-7.3,-3.));
#2107 = VECTOR('',#2108,1.);
#2108 = DIRECTION('',(0.,0.,1.));
#2109 = ORIENTED_EDGE('',*,*,#589,.F.);
#2110 = PLANE('',#2111);
#2111 = AXIS2_PLACEMENT_3D('',#2112,#2113,#2114);
#2112 = CARTESIAN_POINT('',(0.32,-7.94,-3.));
#2113 = DIRECTION('',(1.,0.,0.));
#2114 = DIRECTION('',(0.,0.,1.));
#2115 = ADVANCED_FACE('',(#2116),#2134,.T.);
#2116 = FACE_BOUND('',#2117,.T.);
#2117 = EDGE_LOOP('',(#2118,#2119,#2127,#2133));
#2118 = ORIENTED_EDGE('',*,*,#2104,.F.);
#2119 = ORIENTED_EDGE('',*,*,#2120,.F.);
#2120 = EDGE_CURVE('',#2121,#2097,#2123,.T.);
#2121 = VERTEX_POINT('',#2122);
#2122 = CARTESIAN_POINT('',(-0.32,-7.3,-2.84));
#2123 = LINE('',#2124,#2125);
#2124 = CARTESIAN_POINT('',(-0.32,-7.3,-2.84));
#2125 = VECTOR('',#2126,1.);
#2126 = DIRECTION('',(1.,0.,0.));
#2127 = ORIENTED_EDGE('',*,*,#2128,.T.);
#2128 = EDGE_CURVE('',#2121,#574,#2129,.T.);
#2129 = LINE('',#2130,#2131);
#2130 = CARTESIAN_POINT('',(-0.32,-7.3,-3.));
#2131 = VECTOR('',#2132,1.);
#2132 = DIRECTION('',(0.,0.,1.));
#2133 = ORIENTED_EDGE('',*,*,#581,.F.);
#2134 = PLANE('',#2135);
#2135 = AXIS2_PLACEMENT_3D('',#2136,#2137,#2138);
#2136 = CARTESIAN_POINT('',(-0.32,-7.3,-3.));
#2137 = DIRECTION('',(0.,1.,0.));
#2138 = DIRECTION('',(0.,-0.,1.));
#2139 = ADVANCED_FACE('',(#2140),#2151,.F.);
#2140 = FACE_BOUND('',#2141,.F.);
#2141 = EDGE_LOOP('',(#2142,#2143,#2149,#2150));
#2142 = ORIENTED_EDGE('',*,*,#2080,.F.);
#2143 = ORIENTED_EDGE('',*,*,#2144,.T.);
#2144 = EDGE_CURVE('',#2073,#2121,#2145,.T.);
#2145 = LINE('',#2146,#2147);
#2146 = CARTESIAN_POINT('',(-0.32,-7.94,-2.84));
#2147 = VECTOR('',#2148,1.);
#2148 = DIRECTION('',(0.,1.,0.));
#2149 = ORIENTED_EDGE('',*,*,#2128,.T.);
#2150 = ORIENTED_EDGE('',*,*,#573,.F.);
#2151 = PLANE('',#2152);
#2152 = AXIS2_PLACEMENT_3D('',#2153,#2154,#2155);
#2153 = CARTESIAN_POINT('',(-0.32,-7.94,-3.));
#2154 = DIRECTION('',(1.,0.,0.));
#2155 = DIRECTION('',(0.,0.,1.));
#2156 = ADVANCED_FACE('',(#2157),#2182,.T.);
#2157 = FACE_BOUND('',#2158,.T.);
#2158 = EDGE_LOOP('',(#2159,#2167,#2175,#2181));
#2159 = ORIENTED_EDGE('',*,*,#2160,.F.);
#2160 = EDGE_CURVE('',#2161,#598,#2163,.T.);
#2161 = VERTEX_POINT('',#2162);
#2162 = CARTESIAN_POINT('',(2.86,-7.3,-2.84));
#2163 = LINE('',#2164,#2165);
#2164 = CARTESIAN_POINT('',(2.86,-7.3,-3.));
#2165 = VECTOR('',#2166,1.);
#2166 = DIRECTION('',(0.,0.,1.));
#2167 = ORIENTED_EDGE('',*,*,#2168,.F.);
#2168 = EDGE_CURVE('',#2169,#2161,#2171,.T.);
#2169 = VERTEX_POINT('',#2170);
#2170 = CARTESIAN_POINT('',(2.22,-7.3,-2.84));
#2171 = LINE('',#2172,#2173);
#2172 = CARTESIAN_POINT('',(2.22,-7.3,-2.84));
#2173 = VECTOR('',#2174,1.);
#2174 = DIRECTION('',(1.,0.,0.));
#2175 = ORIENTED_EDGE('',*,*,#2176,.T.);
#2176 = EDGE_CURVE('',#2169,#600,#2177,.T.);
#2177 = LINE('',#2178,#2179);
#2178 = CARTESIAN_POINT('',(2.22,-7.3,-3.));
#2179 = VECTOR('',#2180,1.);
#2180 = DIRECTION('',(0.,0.,1.));
#2181 = ORIENTED_EDGE('',*,*,#597,.F.);
#2182 = PLANE('',#2183);
#2183 = AXIS2_PLACEMENT_3D('',#2184,#2185,#2186);
#2184 = CARTESIAN_POINT('',(2.22,-7.3,-3.));
#2185 = DIRECTION('',(0.,1.,0.));
#2186 = DIRECTION('',(0.,-0.,1.));
#2187 = ADVANCED_FACE('',(#2188),#2206,.F.);
#2188 = FACE_BOUND('',#2189,.F.);
#2189 = EDGE_LOOP('',(#2190,#2198,#2204,#2205));
#2190 = ORIENTED_EDGE('',*,*,#2191,.F.);
#2191 = EDGE_CURVE('',#2192,#616,#2194,.T.);
#2192 = VERTEX_POINT('',#2193);
#2193 = CARTESIAN_POINT('',(2.22,-7.94,-2.84));
#2194 = LINE('',#2195,#2196);
#2195 = CARTESIAN_POINT('',(2.22,-7.94,-3.));
#2196 = VECTOR('',#2197,1.);
#2197 = DIRECTION('',(0.,0.,1.));
#2198 = ORIENTED_EDGE('',*,*,#2199,.T.);
#2199 = EDGE_CURVE('',#2192,#2169,#2200,.T.);
#2200 = LINE('',#2201,#2202);
#2201 = CARTESIAN_POINT('',(2.22,-7.94,-2.84));
#2202 = VECTOR('',#2203,1.);
#2203 = DIRECTION('',(0.,1.,0.));
#2204 = ORIENTED_EDGE('',*,*,#2176,.T.);
#2205 = ORIENTED_EDGE('',*,*,#623,.F.);
#2206 = PLANE('',#2207);
#2207 = AXIS2_PLACEMENT_3D('',#2208,#2209,#2210);
#2208 = CARTESIAN_POINT('',(2.22,-7.94,-3.));
#2209 = DIRECTION('',(1.,0.,0.));
#2210 = DIRECTION('',(0.,0.,1.));
#2211 = ADVANCED_FACE('',(#2212),#2230,.F.);
#2212 = FACE_BOUND('',#2213,.F.);
#2213 = EDGE_LOOP('',(#2214,#2222,#2228,#2229));
#2214 = ORIENTED_EDGE('',*,*,#2215,.F.);
#2215 = EDGE_CURVE('',#2216,#608,#2218,.T.);
#2216 = VERTEX_POINT('',#2217);
#2217 = CARTESIAN_POINT('',(2.86,-7.94,-2.84));
#2218 = LINE('',#2219,#2220);
#2219 = CARTESIAN_POINT('',(2.86,-7.94,-3.));
#2220 = VECTOR('',#2221,1.);
#2221 = DIRECTION('',(0.,0.,1.));
#2222 = ORIENTED_EDGE('',*,*,#2223,.F.);
#2223 = EDGE_CURVE('',#2192,#2216,#2224,.T.);
#2224 = LINE('',#2225,#2226);
#2225 = CARTESIAN_POINT('',(2.22,-7.94,-2.84));
#2226 = VECTOR('',#2227,1.);
#2227 = DIRECTION('',(1.,0.,0.));
#2228 = ORIENTED_EDGE('',*,*,#2191,.T.);
#2229 = ORIENTED_EDGE('',*,*,#615,.F.);
#2230 = PLANE('',#2231);
#2231 = AXIS2_PLACEMENT_3D('',#2232,#2233,#2234);
#2232 = CARTESIAN_POINT('',(2.22,-7.94,-3.));
#2233 = DIRECTION('',(0.,1.,0.));
#2234 = DIRECTION('',(0.,-0.,1.));
#2235 = ADVANCED_FACE('',(#2236),#2247,.T.);
#2236 = FACE_BOUND('',#2237,.T.);
#2237 = EDGE_LOOP('',(#2238,#2239,#2245,#2246));
#2238 = ORIENTED_EDGE('',*,*,#2215,.F.);
#2239 = ORIENTED_EDGE('',*,*,#2240,.T.);
#2240 = EDGE_CURVE('',#2216,#2161,#2241,.T.);
#2241 = LINE('',#2242,#2243);
#2242 = CARTESIAN_POINT('',(2.86,-7.94,-2.84));
#2243 = VECTOR('',#2244,1.);
#2244 = DIRECTION('',(0.,1.,0.));
#2245 = ORIENTED_EDGE('',*,*,#2160,.T.);
#2246 = ORIENTED_EDGE('',*,*,#607,.F.);
#2247 = PLANE('',#2248);
#2248 = AXIS2_PLACEMENT_3D('',#2249,#2250,#2251);
#2249 = CARTESIAN_POINT('',(2.86,-7.94,-3.));
#2250 = DIRECTION('',(1.,0.,0.));
#2251 = DIRECTION('',(0.,0.,1.));
#2252 = ADVANCED_FACE('',(#2253),#2278,.T.);
#2253 = FACE_BOUND('',#2254,.T.);
#2254 = EDGE_LOOP('',(#2255,#2263,#2264,#2272));
#2255 = ORIENTED_EDGE('',*,*,#2256,.F.);
#2256 = EDGE_CURVE('',#825,#2257,#2259,.T.);
#2257 = VERTEX_POINT('',#2258);
#2258 = CARTESIAN_POINT('',(2.86,-4.76,8.38));
#2259 = LINE('',#2260,#2261);
#2260 = CARTESIAN_POINT('',(2.86,-4.76,-3.));
#2261 = VECTOR('',#2262,1.);
#2262 = DIRECTION('',(0.,0.,1.));
#2263 = ORIENTED_EDGE('',*,*,#824,.T.);
#2264 = ORIENTED_EDGE('',*,*,#2265,.T.);
#2265 = EDGE_CURVE('',#827,#2266,#2268,.T.);
#2266 = VERTEX_POINT('',#2267);
#2267 = CARTESIAN_POINT('',(2.22,-4.76,8.38));
#2268 = LINE('',#2269,#2270);
#2269 = CARTESIAN_POINT('',(2.22,-4.76,-3.));
#2270 = VECTOR('',#2271,1.);
#2271 = DIRECTION('',(0.,0.,1.));
#2272 = ORIENTED_EDGE('',*,*,#2273,.T.);
#2273 = EDGE_CURVE('',#2266,#2257,#2274,.T.);
#2274 = LINE('',#2275,#2276);
#2275 = CARTESIAN_POINT('',(2.22,-4.76,8.38));
#2276 = VECTOR('',#2277,1.);
#2277 = DIRECTION('',(1.,0.,0.));
#2278 = PLANE('',#2279);
#2279 = AXIS2_PLACEMENT_3D('',#2280,#2281,#2282);
#2280 = CARTESIAN_POINT('',(2.22,-4.76,-3.));
#2281 = DIRECTION('',(0.,1.,0.));
#2282 = DIRECTION('',(0.,-0.,1.));
#2283 = ADVANCED_FACE('',(#2284),#2302,.F.);
#2284 = FACE_BOUND('',#2285,.F.);
#2285 = EDGE_LOOP('',(#2286,#2294,#2295,#2296));
#2286 = ORIENTED_EDGE('',*,*,#2287,.F.);
#2287 = EDGE_CURVE('',#843,#2288,#2290,.T.);
#2288 = VERTEX_POINT('',#2289);
#2289 = CARTESIAN_POINT('',(2.22,-5.4,8.38));
#2290 = LINE('',#2291,#2292);
#2291 = CARTESIAN_POINT('',(2.22,-5.4,-3.));
#2292 = VECTOR('',#2293,1.);
#2293 = DIRECTION('',(0.,0.,1.));
#2294 = ORIENTED_EDGE('',*,*,#850,.T.);
#2295 = ORIENTED_EDGE('',*,*,#2265,.T.);
#2296 = ORIENTED_EDGE('',*,*,#2297,.F.);
#2297 = EDGE_CURVE('',#2288,#2266,#2298,.T.);
#2298 = LINE('',#2299,#2300);
#2299 = CARTESIAN_POINT('',(2.22,-5.4,8.38));
#2300 = VECTOR('',#2301,1.);
#2301 = DIRECTION('',(0.,1.,0.));
#2302 = PLANE('',#2303);
#2303 = AXIS2_PLACEMENT_3D('',#2304,#2305,#2306);
#2304 = CARTESIAN_POINT('',(2.22,-5.4,-3.));
#2305 = DIRECTION('',(1.,0.,0.));
#2306 = DIRECTION('',(0.,0.,1.));
#2307 = ADVANCED_FACE('',(#2308),#2326,.F.);
#2308 = FACE_BOUND('',#2309,.F.);
#2309 = EDGE_LOOP('',(#2310,#2318,#2319,#2320));
#2310 = ORIENTED_EDGE('',*,*,#2311,.F.);
#2311 = EDGE_CURVE('',#835,#2312,#2314,.T.);
#2312 = VERTEX_POINT('',#2313);
#2313 = CARTESIAN_POINT('',(2.86,-5.4,8.38));
#2314 = LINE('',#2315,#2316);
#2315 = CARTESIAN_POINT('',(2.86,-5.4,-3.));
#2316 = VECTOR('',#2317,1.);
#2317 = DIRECTION('',(0.,0.,1.));
#2318 = ORIENTED_EDGE('',*,*,#842,.T.);
#2319 = ORIENTED_EDGE('',*,*,#2287,.T.);
#2320 = ORIENTED_EDGE('',*,*,#2321,.T.);
#2321 = EDGE_CURVE('',#2288,#2312,#2322,.T.);
#2322 = LINE('',#2323,#2324);
#2323 = CARTESIAN_POINT('',(2.22,-5.4,8.38));
#2324 = VECTOR('',#2325,1.);
#2325 = DIRECTION('',(1.,0.,0.));
#2326 = PLANE('',#2327);
#2327 = AXIS2_PLACEMENT_3D('',#2328,#2329,#2330);
#2328 = CARTESIAN_POINT('',(2.22,-5.4,-3.));
#2329 = DIRECTION('',(0.,1.,0.));
#2330 = DIRECTION('',(0.,-0.,1.));
#2331 = ADVANCED_FACE('',(#2332),#2343,.T.);
#2332 = FACE_BOUND('',#2333,.T.);
#2333 = EDGE_LOOP('',(#2334,#2335,#2336,#2337));
#2334 = ORIENTED_EDGE('',*,*,#2311,.F.);
#2335 = ORIENTED_EDGE('',*,*,#834,.T.);
#2336 = ORIENTED_EDGE('',*,*,#2256,.T.);
#2337 = ORIENTED_EDGE('',*,*,#2338,.F.);
#2338 = EDGE_CURVE('',#2312,#2257,#2339,.T.);
#2339 = LINE('',#2340,#2341);
#2340 = CARTESIAN_POINT('',(2.86,-5.4,8.38));
#2341 = VECTOR('',#2342,1.);
#2342 = DIRECTION('',(0.,1.,0.));
#2343 = PLANE('',#2344);
#2344 = AXIS2_PLACEMENT_3D('',#2345,#2346,#2347);
#2345 = CARTESIAN_POINT('',(2.86,-5.4,-3.));
#2346 = DIRECTION('',(1.,0.,0.));
#2347 = DIRECTION('',(0.,0.,1.));
#2348 = ADVANCED_FACE('',(#2349),#2374,.T.);
#2349 = FACE_BOUND('',#2350,.T.);
#2350 = EDGE_LOOP('',(#2351,#2359,#2360,#2368));
#2351 = ORIENTED_EDGE('',*,*,#2352,.F.);
#2352 = EDGE_CURVE('',#859,#2353,#2355,.T.);
#2353 = VERTEX_POINT('',#2354);
#2354 = CARTESIAN_POINT('',(0.32,-5.4,8.38));
#2355 = LINE('',#2356,#2357);
#2356 = CARTESIAN_POINT('',(0.32,-5.4,-3.));
#2357 = VECTOR('',#2358,1.);
#2358 = DIRECTION('',(0.,0.,1.));
#2359 = ORIENTED_EDGE('',*,*,#858,.T.);
#2360 = ORIENTED_EDGE('',*,*,#2361,.T.);
#2361 = EDGE_CURVE('',#861,#2362,#2364,.T.);
#2362 = VERTEX_POINT('',#2363);
#2363 = CARTESIAN_POINT('',(0.32,-4.76,8.38));
#2364 = LINE('',#2365,#2366);
#2365 = CARTESIAN_POINT('',(0.32,-4.76,-3.));
#2366 = VECTOR('',#2367,1.);
#2367 = DIRECTION('',(0.,0.,1.));
#2368 = ORIENTED_EDGE('',*,*,#2369,.F.);
#2369 = EDGE_CURVE('',#2353,#2362,#2370,.T.);
#2370 = LINE('',#2371,#2372);
#2371 = CARTESIAN_POINT('',(0.32,-5.4,8.38));
#2372 = VECTOR('',#2373,1.);
#2373 = DIRECTION('',(0.,1.,0.));
#2374 = PLANE('',#2375);
#2375 = AXIS2_PLACEMENT_3D('',#2376,#2377,#2378);
#2376 = CARTESIAN_POINT('',(0.32,-5.4,-3.));
#2377 = DIRECTION('',(1.,0.,0.));
#2378 = DIRECTION('',(0.,0.,1.));
#2379 = ADVANCED_FACE('',(#2380),#2398,.T.);
#2380 = FACE_BOUND('',#2381,.T.);
#2381 = EDGE_LOOP('',(#2382,#2383,#2384,#2392));
#2382 = ORIENTED_EDGE('',*,*,#2361,.F.);
#2383 = ORIENTED_EDGE('',*,*,#884,.T.);
#2384 = ORIENTED_EDGE('',*,*,#2385,.T.);
#2385 = EDGE_CURVE('',#877,#2386,#2388,.T.);
#2386 = VERTEX_POINT('',#2387);
#2387 = CARTESIAN_POINT('',(-0.32,-4.76,8.38));
#2388 = LINE('',#2389,#2390);
#2389 = CARTESIAN_POINT('',(-0.32,-4.76,-3.));
#2390 = VECTOR('',#2391,1.);
#2391 = DIRECTION('',(0.,0.,1.));
#2392 = ORIENTED_EDGE('',*,*,#2393,.T.);
#2393 = EDGE_CURVE('',#2386,#2362,#2394,.T.);
#2394 = LINE('',#2395,#2396);
#2395 = CARTESIAN_POINT('',(-0.32,-4.76,8.38));
#2396 = VECTOR('',#2397,1.);
#2397 = DIRECTION('',(1.,0.,0.));
#2398 = PLANE('',#2399);
#2399 = AXIS2_PLACEMENT_3D('',#2400,#2401,#2402);
#2400 = CARTESIAN_POINT('',(-0.32,-4.76,-3.));
#2401 = DIRECTION('',(0.,1.,0.));
#2402 = DIRECTION('',(0.,-0.,1.));
#2403 = ADVANCED_FACE('',(#2404),#2422,.F.);
#2404 = FACE_BOUND('',#2405,.F.);
#2405 = EDGE_LOOP('',(#2406,#2414,#2415,#2416));
#2406 = ORIENTED_EDGE('',*,*,#2407,.F.);
#2407 = EDGE_CURVE('',#869,#2408,#2410,.T.);
#2408 = VERTEX_POINT('',#2409);
#2409 = CARTESIAN_POINT('',(-0.32,-5.4,8.38));
#2410 = LINE('',#2411,#2412);
#2411 = CARTESIAN_POINT('',(-0.32,-5.4,-3.));
#2412 = VECTOR('',#2413,1.);
#2413 = DIRECTION('',(0.,0.,1.));
#2414 = ORIENTED_EDGE('',*,*,#876,.T.);
#2415 = ORIENTED_EDGE('',*,*,#2385,.T.);
#2416 = ORIENTED_EDGE('',*,*,#2417,.F.);
#2417 = EDGE_CURVE('',#2408,#2386,#2418,.T.);
#2418 = LINE('',#2419,#2420);
#2419 = CARTESIAN_POINT('',(-0.32,-5.4,8.38));
#2420 = VECTOR('',#2421,1.);
#2421 = DIRECTION('',(0.,1.,0.));
#2422 = PLANE('',#2423);
#2423 = AXIS2_PLACEMENT_3D('',#2424,#2425,#2426);
#2424 = CARTESIAN_POINT('',(-0.32,-5.4,-3.));
#2425 = DIRECTION('',(1.,0.,0.));
#2426 = DIRECTION('',(0.,0.,1.));
#2427 = ADVANCED_FACE('',(#2428),#2439,.F.);
#2428 = FACE_BOUND('',#2429,.F.);
#2429 = EDGE_LOOP('',(#2430,#2431,#2432,#2433));
#2430 = ORIENTED_EDGE('',*,*,#2352,.F.);
#2431 = ORIENTED_EDGE('',*,*,#868,.T.);
#2432 = ORIENTED_EDGE('',*,*,#2407,.T.);
#2433 = ORIENTED_EDGE('',*,*,#2434,.T.);
#2434 = EDGE_CURVE('',#2408,#2353,#2435,.T.);
#2435 = LINE('',#2436,#2437);
#2436 = CARTESIAN_POINT('',(-0.32,-5.4,8.38));
#2437 = VECTOR('',#2438,1.);
#2438 = DIRECTION('',(1.,0.,0.));
#2439 = PLANE('',#2440);
#2440 = AXIS2_PLACEMENT_3D('',#2441,#2442,#2443);
#2441 = CARTESIAN_POINT('',(-0.32,-5.4,-3.));
#2442 = DIRECTION('',(0.,1.,0.));
#2443 = DIRECTION('',(0.,-0.,1.));
#2444 = ADVANCED_FACE('',(#2445),#2470,.T.);
#2445 = FACE_BOUND('',#2446,.T.);
#2446 = EDGE_LOOP('',(#2447,#2455,#2456,#2464));
#2447 = ORIENTED_EDGE('',*,*,#2448,.F.);
#2448 = EDGE_CURVE('',#893,#2449,#2451,.T.);
#2449 = VERTEX_POINT('',#2450);
#2450 = CARTESIAN_POINT('',(0.32,0.32,8.38));
#2451 = LINE('',#2452,#2453);
#2452 = CARTESIAN_POINT('',(0.32,0.32,-3.));
#2453 = VECTOR('',#2454,1.);
#2454 = DIRECTION('',(0.,0.,1.));
#2455 = ORIENTED_EDGE('',*,*,#892,.T.);
#2456 = ORIENTED_EDGE('',*,*,#2457,.T.);
#2457 = EDGE_CURVE('',#895,#2458,#2460,.T.);
#2458 = VERTEX_POINT('',#2459);
#2459 = CARTESIAN_POINT('',(-0.32,0.32,8.38));
#2460 = LINE('',#2461,#2462);
#2461 = CARTESIAN_POINT('',(-0.32,0.32,-3.));
#2462 = VECTOR('',#2463,1.);
#2463 = DIRECTION('',(0.,0.,1.));
#2464 = ORIENTED_EDGE('',*,*,#2465,.T.);
#2465 = EDGE_CURVE('',#2458,#2449,#2466,.T.);
#2466 = LINE('',#2467,#2468);
#2467 = CARTESIAN_POINT('',(-0.32,0.32,8.38));
#2468 = VECTOR('',#2469,1.);
#2469 = DIRECTION('',(1.,0.,0.));
#2470 = PLANE('',#2471);
#2471 = AXIS2_PLACEMENT_3D('',#2472,#2473,#2474);
#2472 = CARTESIAN_POINT('',(-0.32,0.32,-3.));
#2473 = DIRECTION('',(0.,1.,0.));
#2474 = DIRECTION('',(0.,-0.,1.));
#2475 = ADVANCED_FACE('',(#2476),#2494,.F.);
#2476 = FACE_BOUND('',#2477,.F.);
#2477 = EDGE_LOOP('',(#2478,#2486,#2487,#2488));
#2478 = ORIENTED_EDGE('',*,*,#2479,.F.);
#2479 = EDGE_CURVE('',#911,#2480,#2482,.T.);
#2480 = VERTEX_POINT('',#2481);
#2481 = CARTESIAN_POINT('',(-0.32,-0.32,8.38));
#2482 = LINE('',#2483,#2484);
#2483 = CARTESIAN_POINT('',(-0.32,-0.32,-3.));
#2484 = VECTOR('',#2485,1.);
#2485 = DIRECTION('',(0.,0.,1.));
#2486 = ORIENTED_EDGE('',*,*,#918,.T.);
#2487 = ORIENTED_EDGE('',*,*,#2457,.T.);
#2488 = ORIENTED_EDGE('',*,*,#2489,.F.);
#2489 = EDGE_CURVE('',#2480,#2458,#2490,.T.);
#2490 = LINE('',#2491,#2492);
#2491 = CARTESIAN_POINT('',(-0.32,-0.32,8.38));
#2492 = VECTOR('',#2493,1.);
#2493 = DIRECTION('',(0.,1.,0.));
#2494 = PLANE('',#2495);
#2495 = AXIS2_PLACEMENT_3D('',#2496,#2497,#2498);
#2496 = CARTESIAN_POINT('',(-0.32,-0.32,-3.));
#2497 = DIRECTION('',(1.,0.,0.));
#2498 = DIRECTION('',(0.,0.,1.));
#2499 = ADVANCED_FACE('',(#2500),#2518,.F.);
#2500 = FACE_BOUND('',#2501,.F.);
#2501 = EDGE_LOOP('',(#2502,#2510,#2511,#2512));
#2502 = ORIENTED_EDGE('',*,*,#2503,.F.);
#2503 = EDGE_CURVE('',#903,#2504,#2506,.T.);
#2504 = VERTEX_POINT('',#2505);
#2505 = CARTESIAN_POINT('',(0.32,-0.32,8.38));
#2506 = LINE('',#2507,#2508);
#2507 = CARTESIAN_POINT('',(0.32,-0.32,-3.));
#2508 = VECTOR('',#2509,1.);
#2509 = DIRECTION('',(0.,0.,1.));
#2510 = ORIENTED_EDGE('',*,*,#910,.T.);
#2511 = ORIENTED_EDGE('',*,*,#2479,.T.);
#2512 = ORIENTED_EDGE('',*,*,#2513,.T.);
#2513 = EDGE_CURVE('',#2480,#2504,#2514,.T.);
#2514 = LINE('',#2515,#2516);
#2515 = CARTESIAN_POINT('',(-0.32,-0.32,8.38));
#2516 = VECTOR('',#2517,1.);
#2517 = DIRECTION('',(1.,0.,0.));
#2518 = PLANE('',#2519);
#2519 = AXIS2_PLACEMENT_3D('',#2520,#2521,#2522);
#2520 = CARTESIAN_POINT('',(-0.32,-0.32,-3.));
#2521 = DIRECTION('',(0.,1.,0.));
#2522 = DIRECTION('',(0.,-0.,1.));
#2523 = ADVANCED_FACE('',(#2524),#2535,.T.);
#2524 = FACE_BOUND('',#2525,.T.);
#2525 = EDGE_LOOP('',(#2526,#2527,#2528,#2529));
#2526 = ORIENTED_EDGE('',*,*,#2503,.F.);
#2527 = ORIENTED_EDGE('',*,*,#902,.T.);
#2528 = ORIENTED_EDGE('',*,*,#2448,.T.);
#2529 = ORIENTED_EDGE('',*,*,#2530,.F.);
#2530 = EDGE_CURVE('',#2504,#2449,#2531,.T.);
#2531 = LINE('',#2532,#2533);
#2532 = CARTESIAN_POINT('',(0.32,-0.32,8.38));
#2533 = VECTOR('',#2534,1.);
#2534 = DIRECTION('',(0.,1.,0.));
#2535 = PLANE('',#2536);
#2536 = AXIS2_PLACEMENT_3D('',#2537,#2538,#2539);
#2537 = CARTESIAN_POINT('',(0.32,-0.32,-3.));
#2538 = DIRECTION('',(1.,0.,0.));
#2539 = DIRECTION('',(0.,0.,1.));
#2540 = ADVANCED_FACE('',(#2541),#2566,.T.);
#2541 = FACE_BOUND('',#2542,.T.);
#2542 = EDGE_LOOP('',(#2543,#2551,#2552,#2560));
#2543 = ORIENTED_EDGE('',*,*,#2544,.F.);
#2544 = EDGE_CURVE('',#927,#2545,#2547,.T.);
#2545 = VERTEX_POINT('',#2546);
#2546 = CARTESIAN_POINT('',(0.32,-2.86,8.38));
#2547 = LINE('',#2548,#2549);
#2548 = CARTESIAN_POINT('',(0.32,-2.86,-3.));
#2549 = VECTOR('',#2550,1.);
#2550 = DIRECTION('',(0.,0.,1.));
#2551 = ORIENTED_EDGE('',*,*,#926,.T.);
#2552 = ORIENTED_EDGE('',*,*,#2553,.T.);
#2553 = EDGE_CURVE('',#929,#2554,#2556,.T.);
#2554 = VERTEX_POINT('',#2555);
#2555 = CARTESIAN_POINT('',(0.32,-2.22,8.38));
#2556 = LINE('',#2557,#2558);
#2557 = CARTESIAN_POINT('',(0.32,-2.22,-3.));
#2558 = VECTOR('',#2559,1.);
#2559 = DIRECTION('',(0.,0.,1.));
#2560 = ORIENTED_EDGE('',*,*,#2561,.F.);
#2561 = EDGE_CURVE('',#2545,#2554,#2562,.T.);
#2562 = LINE('',#2563,#2564);
#2563 = CARTESIAN_POINT('',(0.32,-2.86,8.38));
#2564 = VECTOR('',#2565,1.);
#2565 = DIRECTION('',(0.,1.,0.));
#2566 = PLANE('',#2567);
#2567 = AXIS2_PLACEMENT_3D('',#2568,#2569,#2570);
#2568 = CARTESIAN_POINT('',(0.32,-2.86,-3.));
#2569 = DIRECTION('',(1.,0.,0.));
#2570 = DIRECTION('',(0.,0.,1.));
#2571 = ADVANCED_FACE('',(#2572),#2590,.T.);
#2572 = FACE_BOUND('',#2573,.T.);
#2573 = EDGE_LOOP('',(#2574,#2575,#2576,#2584));
#2574 = ORIENTED_EDGE('',*,*,#2553,.F.);
#2575 = ORIENTED_EDGE('',*,*,#952,.T.);
#2576 = ORIENTED_EDGE('',*,*,#2577,.T.);
#2577 = EDGE_CURVE('',#945,#2578,#2580,.T.);
#2578 = VERTEX_POINT('',#2579);
#2579 = CARTESIAN_POINT('',(-0.32,-2.22,8.38));
#2580 = LINE('',#2581,#2582);
#2581 = CARTESIAN_POINT('',(-0.32,-2.22,-3.));
#2582 = VECTOR('',#2583,1.);
#2583 = DIRECTION('',(0.,0.,1.));
#2584 = ORIENTED_EDGE('',*,*,#2585,.T.);
#2585 = EDGE_CURVE('',#2578,#2554,#2586,.T.);
#2586 = LINE('',#2587,#2588);
#2587 = CARTESIAN_POINT('',(-0.32,-2.22,8.38));
#2588 = VECTOR('',#2589,1.);
#2589 = DIRECTION('',(1.,0.,0.));
#2590 = PLANE('',#2591);
#2591 = AXIS2_PLACEMENT_3D('',#2592,#2593,#2594);
#2592 = CARTESIAN_POINT('',(-0.32,-2.22,-3.));
#2593 = DIRECTION('',(0.,1.,0.));
#2594 = DIRECTION('',(0.,-0.,1.));
#2595 = ADVANCED_FACE('',(#2596),#2614,.F.);
#2596 = FACE_BOUND('',#2597,.F.);
#2597 = EDGE_LOOP('',(#2598,#2606,#2607,#2608));
#2598 = ORIENTED_EDGE('',*,*,#2599,.F.);
#2599 = EDGE_CURVE('',#937,#2600,#2602,.T.);
#2600 = VERTEX_POINT('',#2601);
#2601 = CARTESIAN_POINT('',(-0.32,-2.86,8.38));
#2602 = LINE('',#2603,#2604);
#2603 = CARTESIAN_POINT('',(-0.32,-2.86,-3.));
#2604 = VECTOR('',#2605,1.);
#2605 = DIRECTION('',(0.,0.,1.));
#2606 = ORIENTED_EDGE('',*,*,#944,.T.);
#2607 = ORIENTED_EDGE('',*,*,#2577,.T.);
#2608 = ORIENTED_EDGE('',*,*,#2609,.F.);
#2609 = EDGE_CURVE('',#2600,#2578,#2610,.T.);
#2610 = LINE('',#2611,#2612);
#2611 = CARTESIAN_POINT('',(-0.32,-2.86,8.38));
#2612 = VECTOR('',#2613,1.);
#2613 = DIRECTION('',(0.,1.,0.));
#2614 = PLANE('',#2615);
#2615 = AXIS2_PLACEMENT_3D('',#2616,#2617,#2618);
#2616 = CARTESIAN_POINT('',(-0.32,-2.86,-3.));
#2617 = DIRECTION('',(1.,0.,0.));
#2618 = DIRECTION('',(0.,0.,1.));
#2619 = ADVANCED_FACE('',(#2620),#2631,.F.);
#2620 = FACE_BOUND('',#2621,.F.);
#2621 = EDGE_LOOP('',(#2622,#2623,#2624,#2625));
#2622 = ORIENTED_EDGE('',*,*,#2544,.F.);
#2623 = ORIENTED_EDGE('',*,*,#936,.T.);
#2624 = ORIENTED_EDGE('',*,*,#2599,.T.);
#2625 = ORIENTED_EDGE('',*,*,#2626,.T.);
#2626 = EDGE_CURVE('',#2600,#2545,#2627,.T.);
#2627 = LINE('',#2628,#2629);
#2628 = CARTESIAN_POINT('',(-0.32,-2.86,8.38));
#2629 = VECTOR('',#2630,1.);
#2630 = DIRECTION('',(1.,0.,0.));
#2631 = PLANE('',#2632);
#2632 = AXIS2_PLACEMENT_3D('',#2633,#2634,#2635);
#2633 = CARTESIAN_POINT('',(-0.32,-2.86,-3.));
#2634 = DIRECTION('',(0.,1.,0.));
#2635 = DIRECTION('',(0.,-0.,1.));
#2636 = ADVANCED_FACE('',(#2637),#2662,.T.);
#2637 = FACE_BOUND('',#2638,.T.);
#2638 = EDGE_LOOP('',(#2639,#2647,#2648,#2656));
#2639 = ORIENTED_EDGE('',*,*,#2640,.F.);
#2640 = EDGE_CURVE('',#961,#2641,#2643,.T.);
#2641 = VERTEX_POINT('',#2642);
#2642 = CARTESIAN_POINT('',(2.86,0.32,8.38));
#2643 = LINE('',#2644,#2645);
#2644 = CARTESIAN_POINT('',(2.86,0.32,-3.));
#2645 = VECTOR('',#2646,1.);
#2646 = DIRECTION('',(0.,0.,1.));
#2647 = ORIENTED_EDGE('',*,*,#960,.T.);
#2648 = ORIENTED_EDGE('',*,*,#2649,.T.);
#2649 = EDGE_CURVE('',#963,#2650,#2652,.T.);
#2650 = VERTEX_POINT('',#2651);
#2651 = CARTESIAN_POINT('',(2.22,0.32,8.38));
#2652 = LINE('',#2653,#2654);
#2653 = CARTESIAN_POINT('',(2.22,0.32,-3.));
#2654 = VECTOR('',#2655,1.);
#2655 = DIRECTION('',(0.,0.,1.));
#2656 = ORIENTED_EDGE('',*,*,#2657,.T.);
#2657 = EDGE_CURVE('',#2650,#2641,#2658,.T.);
#2658 = LINE('',#2659,#2660);
#2659 = CARTESIAN_POINT('',(2.22,0.32,8.38));
#2660 = VECTOR('',#2661,1.);
#2661 = DIRECTION('',(1.,0.,0.));
#2662 = PLANE('',#2663);
#2663 = AXIS2_PLACEMENT_3D('',#2664,#2665,#2666);
#2664 = CARTESIAN_POINT('',(2.22,0.32,-3.));
#2665 = DIRECTION('',(0.,1.,0.));
#2666 = DIRECTION('',(0.,-0.,1.));
#2667 = ADVANCED_FACE('',(#2668),#2686,.F.);
#2668 = FACE_BOUND('',#2669,.F.);
#2669 = EDGE_LOOP('',(#2670,#2678,#2679,#2680));
#2670 = ORIENTED_EDGE('',*,*,#2671,.F.);
#2671 = EDGE_CURVE('',#979,#2672,#2674,.T.);
#2672 = VERTEX_POINT('',#2673);
#2673 = CARTESIAN_POINT('',(2.22,-0.32,8.38));
#2674 = LINE('',#2675,#2676);
#2675 = CARTESIAN_POINT('',(2.22,-0.32,-3.));
#2676 = VECTOR('',#2677,1.);
#2677 = DIRECTION('',(0.,0.,1.));
#2678 = ORIENTED_EDGE('',*,*,#986,.T.);
#2679 = ORIENTED_EDGE('',*,*,#2649,.T.);
#2680 = ORIENTED_EDGE('',*,*,#2681,.F.);
#2681 = EDGE_CURVE('',#2672,#2650,#2682,.T.);
#2682 = LINE('',#2683,#2684);
#2683 = CARTESIAN_POINT('',(2.22,-0.32,8.38));
#2684 = VECTOR('',#2685,1.);
#2685 = DIRECTION('',(0.,1.,0.));
#2686 = PLANE('',#2687);
#2687 = AXIS2_PLACEMENT_3D('',#2688,#2689,#2690);
#2688 = CARTESIAN_POINT('',(2.22,-0.32,-3.));
#2689 = DIRECTION('',(1.,0.,0.));
#2690 = DIRECTION('',(0.,0.,1.));
#2691 = ADVANCED_FACE('',(#2692),#2710,.F.);
#2692 = FACE_BOUND('',#2693,.F.);
#2693 = EDGE_LOOP('',(#2694,#2702,#2703,#2704));
#2694 = ORIENTED_EDGE('',*,*,#2695,.F.);
#2695 = EDGE_CURVE('',#971,#2696,#2698,.T.);
#2696 = VERTEX_POINT('',#2697);
#2697 = CARTESIAN_POINT('',(2.86,-0.32,8.38));
#2698 = LINE('',#2699,#2700);
#2699 = CARTESIAN_POINT('',(2.86,-0.32,-3.));
#2700 = VECTOR('',#2701,1.);
#2701 = DIRECTION('',(0.,0.,1.));
#2702 = ORIENTED_EDGE('',*,*,#978,.T.);
#2703 = ORIENTED_EDGE('',*,*,#2671,.T.);
#2704 = ORIENTED_EDGE('',*,*,#2705,.T.);
#2705 = EDGE_CURVE('',#2672,#2696,#2706,.T.);
#2706 = LINE('',#2707,#2708);
#2707 = CARTESIAN_POINT('',(2.22,-0.32,8.38));
#2708 = VECTOR('',#2709,1.);
#2709 = DIRECTION('',(1.,0.,0.));
#2710 = PLANE('',#2711);
#2711 = AXIS2_PLACEMENT_3D('',#2712,#2713,#2714);
#2712 = CARTESIAN_POINT('',(2.22,-0.32,-3.));
#2713 = DIRECTION('',(0.,1.,0.));
#2714 = DIRECTION('',(0.,-0.,1.));
#2715 = ADVANCED_FACE('',(#2716),#2727,.T.);
#2716 = FACE_BOUND('',#2717,.T.);
#2717 = EDGE_LOOP('',(#2718,#2719,#2720,#2721));
#2718 = ORIENTED_EDGE('',*,*,#2695,.F.);
#2719 = ORIENTED_EDGE('',*,*,#970,.T.);
#2720 = ORIENTED_EDGE('',*,*,#2640,.T.);
#2721 = ORIENTED_EDGE('',*,*,#2722,.F.);
#2722 = EDGE_CURVE('',#2696,#2641,#2723,.T.);
#2723 = LINE('',#2724,#2725);
#2724 = CARTESIAN_POINT('',(2.86,-0.32,8.38));
#2725 = VECTOR('',#2726,1.);
#2726 = DIRECTION('',(0.,1.,0.));
#2727 = PLANE('',#2728);
#2728 = AXIS2_PLACEMENT_3D('',#2729,#2730,#2731);
#2729 = CARTESIAN_POINT('',(2.86,-0.32,-3.));
#2730 = DIRECTION('',(1.,0.,0.));
#2731 = DIRECTION('',(0.,0.,1.));
#2732 = ADVANCED_FACE('',(#2733),#2758,.T.);
#2733 = FACE_BOUND('',#2734,.T.);
#2734 = EDGE_LOOP('',(#2735,#2743,#2744,#2752));
#2735 = ORIENTED_EDGE('',*,*,#2736,.F.);
#2736 = EDGE_CURVE('',#995,#2737,#2739,.T.);
#2737 = VERTEX_POINT('',#2738);
#2738 = CARTESIAN_POINT('',(2.86,-2.22,8.38));
#2739 = LINE('',#2740,#2741);
#2740 = CARTESIAN_POINT('',(2.86,-2.22,-3.));
#2741 = VECTOR('',#2742,1.);
#2742 = DIRECTION('',(0.,0.,1.));
#2743 = ORIENTED_EDGE('',*,*,#994,.T.);
#2744 = ORIENTED_EDGE('',*,*,#2745,.T.);
#2745 = EDGE_CURVE('',#997,#2746,#2748,.T.);
#2746 = VERTEX_POINT('',#2747);
#2747 = CARTESIAN_POINT('',(2.22,-2.22,8.38));
#2748 = LINE('',#2749,#2750);
#2749 = CARTESIAN_POINT('',(2.22,-2.22,-3.));
#2750 = VECTOR('',#2751,1.);
#2751 = DIRECTION('',(0.,0.,1.));
#2752 = ORIENTED_EDGE('',*,*,#2753,.T.);
#2753 = EDGE_CURVE('',#2746,#2737,#2754,.T.);
#2754 = LINE('',#2755,#2756);
#2755 = CARTESIAN_POINT('',(2.22,-2.22,8.38));
#2756 = VECTOR('',#2757,1.);
#2757 = DIRECTION('',(1.,0.,0.));
#2758 = PLANE('',#2759);
#2759 = AXIS2_PLACEMENT_3D('',#2760,#2761,#2762);
#2760 = CARTESIAN_POINT('',(2.22,-2.22,-3.));
#2761 = DIRECTION('',(0.,1.,0.));
#2762 = DIRECTION('',(0.,-0.,1.));
#2763 = ADVANCED_FACE('',(#2764),#2782,.F.);
#2764 = FACE_BOUND('',#2765,.F.);
#2765 = EDGE_LOOP('',(#2766,#2774,#2775,#2776));
#2766 = ORIENTED_EDGE('',*,*,#2767,.F.);
#2767 = EDGE_CURVE('',#1013,#2768,#2770,.T.);
#2768 = VERTEX_POINT('',#2769);
#2769 = CARTESIAN_POINT('',(2.22,-2.86,8.38));
#2770 = LINE('',#2771,#2772);
#2771 = CARTESIAN_POINT('',(2.22,-2.86,-3.));
#2772 = VECTOR('',#2773,1.);
#2773 = DIRECTION('',(0.,0.,1.));
#2774 = ORIENTED_EDGE('',*,*,#1020,.T.);
#2775 = ORIENTED_EDGE('',*,*,#2745,.T.);
#2776 = ORIENTED_EDGE('',*,*,#2777,.F.);
#2777 = EDGE_CURVE('',#2768,#2746,#2778,.T.);
#2778 = LINE('',#2779,#2780);
#2779 = CARTESIAN_POINT('',(2.22,-2.86,8.38));
#2780 = VECTOR('',#2781,1.);
#2781 = DIRECTION('',(0.,1.,0.));
#2782 = PLANE('',#2783);
#2783 = AXIS2_PLACEMENT_3D('',#2784,#2785,#2786);
#2784 = CARTESIAN_POINT('',(2.22,-2.86,-3.));
#2785 = DIRECTION('',(1.,0.,0.));
#2786 = DIRECTION('',(0.,0.,1.));
#2787 = ADVANCED_FACE('',(#2788),#2806,.F.);
#2788 = FACE_BOUND('',#2789,.F.);
#2789 = EDGE_LOOP('',(#2790,#2798,#2799,#2800));
#2790 = ORIENTED_EDGE('',*,*,#2791,.F.);
#2791 = EDGE_CURVE('',#1005,#2792,#2794,.T.);
#2792 = VERTEX_POINT('',#2793);
#2793 = CARTESIAN_POINT('',(2.86,-2.86,8.38));
#2794 = LINE('',#2795,#2796);
#2795 = CARTESIAN_POINT('',(2.86,-2.86,-3.));
#2796 = VECTOR('',#2797,1.);
#2797 = DIRECTION('',(0.,0.,1.));
#2798 = ORIENTED_EDGE('',*,*,#1012,.T.);
#2799 = ORIENTED_EDGE('',*,*,#2767,.T.);
#2800 = ORIENTED_EDGE('',*,*,#2801,.T.);
#2801 = EDGE_CURVE('',#2768,#2792,#2802,.T.);
#2802 = LINE('',#2803,#2804);
#2803 = CARTESIAN_POINT('',(2.22,-2.86,8.38));
#2804 = VECTOR('',#2805,1.);
#2805 = DIRECTION('',(1.,0.,0.));
#2806 = PLANE('',#2807);
#2807 = AXIS2_PLACEMENT_3D('',#2808,#2809,#2810);
#2808 = CARTESIAN_POINT('',(2.22,-2.86,-3.));
#2809 = DIRECTION('',(0.,1.,0.));
#2810 = DIRECTION('',(0.,-0.,1.));
#2811 = ADVANCED_FACE('',(#2812),#2823,.T.);
#2812 = FACE_BOUND('',#2813,.T.);
#2813 = EDGE_LOOP('',(#2814,#2815,#2816,#2817));
#2814 = ORIENTED_EDGE('',*,*,#2791,.F.);
#2815 = ORIENTED_EDGE('',*,*,#1004,.T.);
#2816 = ORIENTED_EDGE('',*,*,#2736,.T.);
#2817 = ORIENTED_EDGE('',*,*,#2818,.F.);
#2818 = EDGE_CURVE('',#2792,#2737,#2819,.T.);
#2819 = LINE('',#2820,#2821);
#2820 = CARTESIAN_POINT('',(2.86,-2.86,8.38));
#2821 = VECTOR('',#2822,1.);
#2822 = DIRECTION('',(0.,1.,0.));
#2823 = PLANE('',#2824);
#2824 = AXIS2_PLACEMENT_3D('',#2825,#2826,#2827);
#2825 = CARTESIAN_POINT('',(2.86,-2.86,-3.));
#2826 = DIRECTION('',(1.,0.,0.));
#2827 = DIRECTION('',(0.,0.,1.));
#2828 = ADVANCED_FACE('',(#2829),#2854,.F.);
#2829 = FACE_BOUND('',#2830,.F.);
#2830 = EDGE_LOOP('',(#2831,#2839,#2840,#2848));
#2831 = ORIENTED_EDGE('',*,*,#2832,.F.);
#2832 = EDGE_CURVE('',#1029,#2833,#2835,.T.);
#2833 = VERTEX_POINT('',#2834);
#2834 = CARTESIAN_POINT('',(0.32,-7.94,8.38));
#2835 = LINE('',#2836,#2837);
#2836 = CARTESIAN_POINT('',(0.32,-7.94,-3.));
#2837 = VECTOR('',#2838,1.);
#2838 = DIRECTION('',(0.,0.,1.));
#2839 = ORIENTED_EDGE('',*,*,#1028,.T.);
#2840 = ORIENTED_EDGE('',*,*,#2841,.T.);
#2841 = EDGE_CURVE('',#1031,#2842,#2844,.T.);
#2842 = VERTEX_POINT('',#2843);
#2843 = CARTESIAN_POINT('',(-0.32,-7.94,8.38));
#2844 = LINE('',#2845,#2846);
#2845 = CARTESIAN_POINT('',(-0.32,-7.94,-3.));
#2846 = VECTOR('',#2847,1.);
#2847 = DIRECTION('',(0.,0.,1.));
#2848 = ORIENTED_EDGE('',*,*,#2849,.T.);
#2849 = EDGE_CURVE('',#2842,#2833,#2850,.T.);
#2850 = LINE('',#2851,#2852);
#2851 = CARTESIAN_POINT('',(-0.32,-7.94,8.38));
#2852 = VECTOR('',#2853,1.);
#2853 = DIRECTION('',(1.,0.,0.));
#2854 = PLANE('',#2855);
#2855 = AXIS2_PLACEMENT_3D('',#2856,#2857,#2858);
#2856 = CARTESIAN_POINT('',(-0.32,-7.94,-3.));
#2857 = DIRECTION('',(0.,1.,0.));
#2858 = DIRECTION('',(0.,-0.,1.));
#2859 = ADVANCED_FACE('',(#2860),#2878,.T.);
#2860 = FACE_BOUND('',#2861,.T.);
#2861 = EDGE_LOOP('',(#2862,#2863,#2864,#2872));
#2862 = ORIENTED_EDGE('',*,*,#2832,.F.);
#2863 = ORIENTED_EDGE('',*,*,#1054,.T.);
#2864 = ORIENTED_EDGE('',*,*,#2865,.T.);
#2865 = EDGE_CURVE('',#1047,#2866,#2868,.T.);
#2866 = VERTEX_POINT('',#2867);
#2867 = CARTESIAN_POINT('',(0.32,-7.3,8.38));
#2868 = LINE('',#2869,#2870);
#2869 = CARTESIAN_POINT('',(0.32,-7.3,-3.));
#2870 = VECTOR('',#2871,1.);
#2871 = DIRECTION('',(0.,0.,1.));
#2872 = ORIENTED_EDGE('',*,*,#2873,.F.);
#2873 = EDGE_CURVE('',#2833,#2866,#2874,.T.);
#2874 = LINE('',#2875,#2876);
#2875 = CARTESIAN_POINT('',(0.32,-7.94,8.38));
#2876 = VECTOR('',#2877,1.);
#2877 = DIRECTION('',(0.,1.,0.));
#2878 = PLANE('',#2879);
#2879 = AXIS2_PLACEMENT_3D('',#2880,#2881,#2882);
#2880 = CARTESIAN_POINT('',(0.32,-7.94,-3.));
#2881 = DIRECTION('',(1.,0.,0.));
#2882 = DIRECTION('',(0.,0.,1.));
#2883 = ADVANCED_FACE('',(#2884),#2902,.T.);
#2884 = FACE_BOUND('',#2885,.T.);
#2885 = EDGE_LOOP('',(#2886,#2887,#2888,#2896));
#2886 = ORIENTED_EDGE('',*,*,#2865,.F.);
#2887 = ORIENTED_EDGE('',*,*,#1046,.T.);
#2888 = ORIENTED_EDGE('',*,*,#2889,.T.);
#2889 = EDGE_CURVE('',#1039,#2890,#2892,.T.);
#2890 = VERTEX_POINT('',#2891);
#2891 = CARTESIAN_POINT('',(-0.32,-7.3,8.38));
#2892 = LINE('',#2893,#2894);
#2893 = CARTESIAN_POINT('',(-0.32,-7.3,-3.));
#2894 = VECTOR('',#2895,1.);
#2895 = DIRECTION('',(0.,0.,1.));
#2896 = ORIENTED_EDGE('',*,*,#2897,.T.);
#2897 = EDGE_CURVE('',#2890,#2866,#2898,.T.);
#2898 = LINE('',#2899,#2900);
#2899 = CARTESIAN_POINT('',(-0.32,-7.3,8.38));
#2900 = VECTOR('',#2901,1.);
#2901 = DIRECTION('',(1.,0.,0.));
#2902 = PLANE('',#2903);
#2903 = AXIS2_PLACEMENT_3D('',#2904,#2905,#2906);
#2904 = CARTESIAN_POINT('',(-0.32,-7.3,-3.));
#2905 = DIRECTION('',(0.,1.,0.));
#2906 = DIRECTION('',(0.,-0.,1.));
#2907 = ADVANCED_FACE('',(#2908),#2919,.F.);
#2908 = FACE_BOUND('',#2909,.F.);
#2909 = EDGE_LOOP('',(#2910,#2911,#2912,#2913));
#2910 = ORIENTED_EDGE('',*,*,#2841,.F.);
#2911 = ORIENTED_EDGE('',*,*,#1038,.T.);
#2912 = ORIENTED_EDGE('',*,*,#2889,.T.);
#2913 = ORIENTED_EDGE('',*,*,#2914,.F.);
#2914 = EDGE_CURVE('',#2842,#2890,#2915,.T.);
#2915 = LINE('',#2916,#2917);
#2916 = CARTESIAN_POINT('',(-0.32,-7.94,8.38));
#2917 = VECTOR('',#2918,1.);
#2918 = DIRECTION('',(0.,1.,0.));
#2919 = PLANE('',#2920);
#2920 = AXIS2_PLACEMENT_3D('',#2921,#2922,#2923);
#2921 = CARTESIAN_POINT('',(-0.32,-7.94,-3.));
#2922 = DIRECTION('',(1.,0.,0.));
#2923 = DIRECTION('',(0.,0.,1.));
#2924 = ADVANCED_FACE('',(#2925),#2950,.T.);
#2925 = FACE_BOUND('',#2926,.T.);
#2926 = EDGE_LOOP('',(#2927,#2935,#2936,#2944));
#2927 = ORIENTED_EDGE('',*,*,#2928,.F.);
#2928 = EDGE_CURVE('',#1063,#2929,#2931,.T.);
#2929 = VERTEX_POINT('',#2930);
#2930 = CARTESIAN_POINT('',(2.86,-7.3,8.38));
#2931 = LINE('',#2932,#2933);
#2932 = CARTESIAN_POINT('',(2.86,-7.3,-3.));
#2933 = VECTOR('',#2934,1.);
#2934 = DIRECTION('',(0.,0.,1.));
#2935 = ORIENTED_EDGE('',*,*,#1062,.T.);
#2936 = ORIENTED_EDGE('',*,*,#2937,.T.);
#2937 = EDGE_CURVE('',#1065,#2938,#2940,.T.);
#2938 = VERTEX_POINT('',#2939);
#2939 = CARTESIAN_POINT('',(2.22,-7.3,8.38));
#2940 = LINE('',#2941,#2942);
#2941 = CARTESIAN_POINT('',(2.22,-7.3,-3.));
#2942 = VECTOR('',#2943,1.);
#2943 = DIRECTION('',(0.,0.,1.));
#2944 = ORIENTED_EDGE('',*,*,#2945,.T.);
#2945 = EDGE_CURVE('',#2938,#2929,#2946,.T.);
#2946 = LINE('',#2947,#2948);
#2947 = CARTESIAN_POINT('',(2.22,-7.3,8.38));
#2948 = VECTOR('',#2949,1.);
#2949 = DIRECTION('',(1.,0.,0.));
#2950 = PLANE('',#2951);
#2951 = AXIS2_PLACEMENT_3D('',#2952,#2953,#2954);
#2952 = CARTESIAN_POINT('',(2.22,-7.3,-3.));
#2953 = DIRECTION('',(0.,1.,0.));
#2954 = DIRECTION('',(0.,-0.,1.));
#2955 = ADVANCED_FACE('',(#2956),#2974,.F.);
#2956 = FACE_BOUND('',#2957,.F.);
#2957 = EDGE_LOOP('',(#2958,#2966,#2967,#2968));
#2958 = ORIENTED_EDGE('',*,*,#2959,.F.);
#2959 = EDGE_CURVE('',#1081,#2960,#2962,.T.);
#2960 = VERTEX_POINT('',#2961);
#2961 = CARTESIAN_POINT('',(2.22,-7.94,8.38));
#2962 = LINE('',#2963,#2964);
#2963 = CARTESIAN_POINT('',(2.22,-7.94,-3.));
#2964 = VECTOR('',#2965,1.);
#2965 = DIRECTION('',(0.,0.,1.));
#2966 = ORIENTED_EDGE('',*,*,#1088,.T.);
#2967 = ORIENTED_EDGE('',*,*,#2937,.T.);
#2968 = ORIENTED_EDGE('',*,*,#2969,.F.);
#2969 = EDGE_CURVE('',#2960,#2938,#2970,.T.);
#2970 = LINE('',#2971,#2972);
#2971 = CARTESIAN_POINT('',(2.22,-7.94,8.38));
#2972 = VECTOR('',#2973,1.);
#2973 = DIRECTION('',(0.,1.,0.));
#2974 = PLANE('',#2975);
#2975 = AXIS2_PLACEMENT_3D('',#2976,#2977,#2978);
#2976 = CARTESIAN_POINT('',(2.22,-7.94,-3.));
#2977 = DIRECTION('',(1.,0.,0.));
#2978 = DIRECTION('',(0.,0.,1.));
#2979 = ADVANCED_FACE('',(#2980),#2998,.F.);
#2980 = FACE_BOUND('',#2981,.F.);
#2981 = EDGE_LOOP('',(#2982,#2990,#2991,#2992));
#2982 = ORIENTED_EDGE('',*,*,#2983,.F.);
#2983 = EDGE_CURVE('',#1073,#2984,#2986,.T.);
#2984 = VERTEX_POINT('',#2985);
#2985 = CARTESIAN_POINT('',(2.86,-7.94,8.38));
#2986 = LINE('',#2987,#2988);
#2987 = CARTESIAN_POINT('',(2.86,-7.94,-3.));
#2988 = VECTOR('',#2989,1.);
#2989 = DIRECTION('',(0.,0.,1.));
#2990 = ORIENTED_EDGE('',*,*,#1080,.T.);
#2991 = ORIENTED_EDGE('',*,*,#2959,.T.);
#2992 = ORIENTED_EDGE('',*,*,#2993,.T.);
#2993 = EDGE_CURVE('',#2960,#2984,#2994,.T.);
#2994 = LINE('',#2995,#2996);
#2995 = CARTESIAN_POINT('',(2.22,-7.94,8.38));
#2996 = VECTOR('',#2997,1.);
#2997 = DIRECTION('',(1.,0.,0.));
#2998 = PLANE('',#2999);
#2999 = AXIS2_PLACEMENT_3D('',#3000,#3001,#3002);
#3000 = CARTESIAN_POINT('',(2.22,-7.94,-3.));
#3001 = DIRECTION('',(0.,1.,0.));
#3002 = DIRECTION('',(0.,-0.,1.));
#3003 = ADVANCED_FACE('',(#3004),#3015,.T.);
#3004 = FACE_BOUND('',#3005,.T.);
#3005 = EDGE_LOOP('',(#3006,#3007,#3008,#3009));
#3006 = ORIENTED_EDGE('',*,*,#2983,.F.);
#3007 = ORIENTED_EDGE('',*,*,#1072,.T.);
#3008 = ORIENTED_EDGE('',*,*,#2928,.T.);
#3009 = ORIENTED_EDGE('',*,*,#3010,.F.);
#3010 = EDGE_CURVE('',#2984,#2929,#3011,.T.);
#3011 = LINE('',#3012,#3013);
#3012 = CARTESIAN_POINT('',(2.86,-7.94,8.38));
#3013 = VECTOR('',#3014,1.);
#3014 = DIRECTION('',(0.,1.,0.));
#3015 = PLANE('',#3016);
#3016 = AXIS2_PLACEMENT_3D('',#3017,#3018,#3019);
#3017 = CARTESIAN_POINT('',(2.86,-7.94,-3.));
#3018 = DIRECTION('',(1.,0.,0.));
#3019 = DIRECTION('',(0.,0.,1.));
#3020 = ADVANCED_FACE('',(#3021),#3046,.F.);
#3021 = FACE_BOUND('',#3022,.T.);
#3022 = EDGE_LOOP('',(#3023,#3031,#3032,#3040));
#3023 = ORIENTED_EDGE('',*,*,#3024,.F.);
#3024 = EDGE_CURVE('',#1497,#3025,#3027,.T.);
#3025 = VERTEX_POINT('',#3026);
#3026 = CARTESIAN_POINT('',(2.38,-4.92,-3.));
#3027 = LINE('',#3028,#3029);
#3028 = CARTESIAN_POINT('',(2.38,-4.92,-3.));
#3029 = VECTOR('',#3030,1.);
#3030 = DIRECTION('',(0.57735026919,-0.57735026919,-0.57735026919));
#3031 = ORIENTED_EDGE('',*,*,#1496,.T.);
#3032 = ORIENTED_EDGE('',*,*,#3033,.T.);
#3033 = EDGE_CURVE('',#1489,#3034,#3036,.T.);
#3034 = VERTEX_POINT('',#3035);
#3035 = CARTESIAN_POINT('',(2.7,-4.92,-3.));
#3036 = LINE('',#3037,#3038);
#3037 = CARTESIAN_POINT('',(2.593333333333,-5.026666666667,
    -3.106666666667));
#3038 = VECTOR('',#3039,1.);
#3039 = DIRECTION('',(-0.57735026919,-0.57735026919,-0.57735026919));
#3040 = ORIENTED_EDGE('',*,*,#3041,.F.);
#3041 = EDGE_CURVE('',#3025,#3034,#3042,.T.);
#3042 = LINE('',#3043,#3044);
#3043 = CARTESIAN_POINT('',(2.22,-4.92,-3.));
#3044 = VECTOR('',#3045,1.);
#3045 = DIRECTION('',(1.,0.,0.));
#3046 = PLANE('',#3047);
#3047 = AXIS2_PLACEMENT_3D('',#3048,#3049,#3050);
#3048 = CARTESIAN_POINT('',(2.22,-4.84,-2.92));
#3049 = DIRECTION('',(-1.735167508357E-18,-0.707106781187,0.707106781187
    ));
#3050 = DIRECTION('',(-1.,1.226948711654E-18,-1.226948711654E-18));
#3051 = ADVANCED_FACE('',(#3052),#3070,.T.);
#3052 = FACE_BOUND('',#3053,.T.);
#3053 = EDGE_LOOP('',(#3054,#3062,#3063,#3064));
#3054 = ORIENTED_EDGE('',*,*,#3055,.F.);
#3055 = EDGE_CURVE('',#1520,#3056,#3058,.T.);
#3056 = VERTEX_POINT('',#3057);
#3057 = CARTESIAN_POINT('',(2.38,-5.24,-3.));
#3058 = LINE('',#3059,#3060);
#3059 = CARTESIAN_POINT('',(2.273333333333,-5.346666666667,
    -2.893333333333));
#3060 = VECTOR('',#3061,1.);
#3061 = DIRECTION('',(0.57735026919,0.57735026919,-0.57735026919));
#3062 = ORIENTED_EDGE('',*,*,#1527,.T.);
#3063 = ORIENTED_EDGE('',*,*,#3024,.T.);
#3064 = ORIENTED_EDGE('',*,*,#3065,.F.);
#3065 = EDGE_CURVE('',#3056,#3025,#3066,.T.);
#3066 = LINE('',#3067,#3068);
#3067 = CARTESIAN_POINT('',(2.38,-5.4,-3.));
#3068 = VECTOR('',#3069,1.);
#3069 = DIRECTION('',(0.,1.,0.));
#3070 = PLANE('',#3071);
#3071 = AXIS2_PLACEMENT_3D('',#3072,#3073,#3074);
#3072 = CARTESIAN_POINT('',(2.3,-5.4,-2.92));
#3073 = DIRECTION('',(-0.707106781187,-1.735167508357E-18,
    -0.707106781187));
#3074 = DIRECTION('',(-1.226948711654E-18,1.,-1.226948711654E-18));
#3075 = ADVANCED_FACE('',(#3076),#3094,.T.);
#3076 = FACE_BOUND('',#3077,.F.);
#3077 = EDGE_LOOP('',(#3078,#3079,#3080,#3088));
#3078 = ORIENTED_EDGE('',*,*,#3055,.F.);
#3079 = ORIENTED_EDGE('',*,*,#1551,.T.);
#3080 = ORIENTED_EDGE('',*,*,#3081,.T.);
#3081 = EDGE_CURVE('',#1544,#3082,#3084,.T.);
#3082 = VERTEX_POINT('',#3083);
#3083 = CARTESIAN_POINT('',(2.7,-5.24,-3.));
#3084 = LINE('',#3085,#3086);
#3085 = CARTESIAN_POINT('',(2.7,-5.24,-3.));
#3086 = VECTOR('',#3087,1.);
#3087 = DIRECTION('',(-0.57735026919,0.57735026919,-0.57735026919));
#3088 = ORIENTED_EDGE('',*,*,#3089,.F.);
#3089 = EDGE_CURVE('',#3056,#3082,#3090,.T.);
#3090 = LINE('',#3091,#3092);
#3091 = CARTESIAN_POINT('',(2.22,-5.24,-3.));
#3092 = VECTOR('',#3093,1.);
#3093 = DIRECTION('',(1.,0.,0.));
#3094 = PLANE('',#3095);
#3095 = AXIS2_PLACEMENT_3D('',#3096,#3097,#3098);
#3096 = CARTESIAN_POINT('',(2.22,-5.32,-2.92));
#3097 = DIRECTION('',(1.735167508357E-18,-0.707106781187,-0.707106781187
    ));
#3098 = DIRECTION('',(-1.,-1.226948711654E-18,-1.226948711654E-18));
#3099 = ADVANCED_FACE('',(#3100),#3111,.F.);
#3100 = FACE_BOUND('',#3101,.F.);
#3101 = EDGE_LOOP('',(#3102,#3103,#3104,#3105));
#3102 = ORIENTED_EDGE('',*,*,#3081,.F.);
#3103 = ORIENTED_EDGE('',*,*,#1568,.T.);
#3104 = ORIENTED_EDGE('',*,*,#3033,.T.);
#3105 = ORIENTED_EDGE('',*,*,#3106,.F.);
#3106 = EDGE_CURVE('',#3082,#3034,#3107,.T.);
#3107 = LINE('',#3108,#3109);
#3108 = CARTESIAN_POINT('',(2.7,-5.4,-3.));
#3109 = VECTOR('',#3110,1.);
#3110 = DIRECTION('',(0.,1.,0.));
#3111 = PLANE('',#3112);
#3112 = AXIS2_PLACEMENT_3D('',#3113,#3114,#3115);
#3113 = CARTESIAN_POINT('',(2.78,-5.4,-2.92));
#3114 = DIRECTION('',(-0.707106781187,1.735167508357E-18,0.707106781187)
  );
#3115 = DIRECTION('',(1.226948711654E-18,1.,-1.226948711654E-18));
#3116 = ADVANCED_FACE('',(#3117),#3142,.F.);
#3117 = FACE_BOUND('',#3118,.F.);
#3118 = EDGE_LOOP('',(#3119,#3127,#3128,#3136));
#3119 = ORIENTED_EDGE('',*,*,#3120,.F.);
#3120 = EDGE_CURVE('',#1585,#3121,#3123,.T.);
#3121 = VERTEX_POINT('',#3122);
#3122 = CARTESIAN_POINT('',(0.16,-5.24,-3.));
#3123 = LINE('',#3124,#3125);
#3124 = CARTESIAN_POINT('',(0.16,-5.24,-3.));
#3125 = VECTOR('',#3126,1.);
#3126 = DIRECTION('',(-0.57735026919,0.57735026919,-0.57735026919));
#3127 = ORIENTED_EDGE('',*,*,#1592,.T.);
#3128 = ORIENTED_EDGE('',*,*,#3129,.T.);
#3129 = EDGE_CURVE('',#1593,#3130,#3132,.T.);
#3130 = VERTEX_POINT('',#3131);
#3131 = CARTESIAN_POINT('',(0.16,-4.92,-3.));
#3132 = LINE('',#3133,#3134);
#3133 = CARTESIAN_POINT('',(5.333333333333E-02,-5.026666666667,
    -3.106666666667));
#3134 = VECTOR('',#3135,1.);
#3135 = DIRECTION('',(-0.57735026919,-0.57735026919,-0.57735026919));
#3136 = ORIENTED_EDGE('',*,*,#3137,.F.);
#3137 = EDGE_CURVE('',#3121,#3130,#3138,.T.);
#3138 = LINE('',#3139,#3140);
#3139 = CARTESIAN_POINT('',(0.16,-5.4,-3.));
#3140 = VECTOR('',#3141,1.);
#3141 = DIRECTION('',(0.,1.,0.));
#3142 = PLANE('',#3143);
#3143 = AXIS2_PLACEMENT_3D('',#3144,#3145,#3146);
#3144 = CARTESIAN_POINT('',(0.24,-5.4,-2.92));
#3145 = DIRECTION('',(-0.707106781187,1.735167508357E-18,0.707106781187)
  );
#3146 = DIRECTION('',(1.226948711654E-18,1.,-1.226948711654E-18));
#3147 = ADVANCED_FACE('',(#3148),#3166,.F.);
#3148 = FACE_BOUND('',#3149,.T.);
#3149 = EDGE_LOOP('',(#3150,#3158,#3159,#3160));
#3150 = ORIENTED_EDGE('',*,*,#3151,.F.);
#3151 = EDGE_CURVE('',#1617,#3152,#3154,.T.);
#3152 = VERTEX_POINT('',#3153);
#3153 = CARTESIAN_POINT('',(-0.16,-4.92,-3.));
#3154 = LINE('',#3155,#3156);
#3155 = CARTESIAN_POINT('',(-0.16,-4.92,-3.));
#3156 = VECTOR('',#3157,1.);
#3157 = DIRECTION('',(0.57735026919,-0.57735026919,-0.57735026919));
#3158 = ORIENTED_EDGE('',*,*,#1616,.T.);
#3159 = ORIENTED_EDGE('',*,*,#3129,.T.);
#3160 = ORIENTED_EDGE('',*,*,#3161,.F.);
#3161 = EDGE_CURVE('',#3152,#3130,#3162,.T.);
#3162 = LINE('',#3163,#3164);
#3163 = CARTESIAN_POINT('',(-0.32,-4.92,-3.));
#3164 = VECTOR('',#3165,1.);
#3165 = DIRECTION('',(1.,0.,0.));
#3166 = PLANE('',#3167);
#3167 = AXIS2_PLACEMENT_3D('',#3168,#3169,#3170);
#3168 = CARTESIAN_POINT('',(-0.32,-4.84,-2.92));
#3169 = DIRECTION('',(-1.735167508357E-18,-0.707106781187,0.707106781187
    ));
#3170 = DIRECTION('',(-1.,1.226948711654E-18,-1.226948711654E-18));
#3171 = ADVANCED_FACE('',(#3172),#3190,.T.);
#3172 = FACE_BOUND('',#3173,.T.);
#3173 = EDGE_LOOP('',(#3174,#3182,#3183,#3184));
#3174 = ORIENTED_EDGE('',*,*,#3175,.F.);
#3175 = EDGE_CURVE('',#1640,#3176,#3178,.T.);
#3176 = VERTEX_POINT('',#3177);
#3177 = CARTESIAN_POINT('',(-0.16,-5.24,-3.));
#3178 = LINE('',#3179,#3180);
#3179 = CARTESIAN_POINT('',(-0.266666666667,-5.346666666667,
    -2.893333333333));
#3180 = VECTOR('',#3181,1.);
#3181 = DIRECTION('',(0.57735026919,0.57735026919,-0.57735026919));
#3182 = ORIENTED_EDGE('',*,*,#1647,.T.);
#3183 = ORIENTED_EDGE('',*,*,#3151,.T.);
#3184 = ORIENTED_EDGE('',*,*,#3185,.F.);
#3185 = EDGE_CURVE('',#3176,#3152,#3186,.T.);
#3186 = LINE('',#3187,#3188);
#3187 = CARTESIAN_POINT('',(-0.16,-5.4,-3.));
#3188 = VECTOR('',#3189,1.);
#3189 = DIRECTION('',(0.,1.,0.));
#3190 = PLANE('',#3191);
#3191 = AXIS2_PLACEMENT_3D('',#3192,#3193,#3194);
#3192 = CARTESIAN_POINT('',(-0.24,-5.4,-2.92));
#3193 = DIRECTION('',(-0.707106781187,-1.735167508357E-18,
    -0.707106781187));
#3194 = DIRECTION('',(-1.226948711654E-18,1.,-1.226948711654E-18));
#3195 = ADVANCED_FACE('',(#3196),#3207,.T.);
#3196 = FACE_BOUND('',#3197,.F.);
#3197 = EDGE_LOOP('',(#3198,#3199,#3200,#3201));
#3198 = ORIENTED_EDGE('',*,*,#3175,.F.);
#3199 = ORIENTED_EDGE('',*,*,#1664,.T.);
#3200 = ORIENTED_EDGE('',*,*,#3120,.T.);
#3201 = ORIENTED_EDGE('',*,*,#3202,.F.);
#3202 = EDGE_CURVE('',#3176,#3121,#3203,.T.);
#3203 = LINE('',#3204,#3205);
#3204 = CARTESIAN_POINT('',(-0.32,-5.24,-3.));
#3205 = VECTOR('',#3206,1.);
#3206 = DIRECTION('',(1.,0.,0.));
#3207 = PLANE('',#3208);
#3208 = AXIS2_PLACEMENT_3D('',#3209,#3210,#3211);
#3209 = CARTESIAN_POINT('',(-0.32,-5.32,-2.92));
#3210 = DIRECTION('',(1.735167508357E-18,-0.707106781187,-0.707106781187
    ));
#3211 = DIRECTION('',(-1.,-1.226948711654E-18,-1.226948711654E-18));
#3212 = ADVANCED_FACE('',(#3213),#3238,.F.);
#3213 = FACE_BOUND('',#3214,.T.);
#3214 = EDGE_LOOP('',(#3215,#3223,#3224,#3232));
#3215 = ORIENTED_EDGE('',*,*,#3216,.F.);
#3216 = EDGE_CURVE('',#1689,#3217,#3219,.T.);
#3217 = VERTEX_POINT('',#3218);
#3218 = CARTESIAN_POINT('',(-0.16,0.16,-3.));
#3219 = LINE('',#3220,#3221);
#3220 = CARTESIAN_POINT('',(-0.16,0.16,-3.));
#3221 = VECTOR('',#3222,1.);
#3222 = DIRECTION('',(0.57735026919,-0.57735026919,-0.57735026919));
#3223 = ORIENTED_EDGE('',*,*,#1688,.T.);
#3224 = ORIENTED_EDGE('',*,*,#3225,.T.);
#3225 = EDGE_CURVE('',#1681,#3226,#3228,.T.);
#3226 = VERTEX_POINT('',#3227);
#3227 = CARTESIAN_POINT('',(0.16,0.16,-3.));
#3228 = LINE('',#3229,#3230);
#3229 = CARTESIAN_POINT('',(5.333333333333E-02,5.333333333333E-02,
    -3.106666666667));
#3230 = VECTOR('',#3231,1.);
#3231 = DIRECTION('',(-0.57735026919,-0.57735026919,-0.57735026919));
#3232 = ORIENTED_EDGE('',*,*,#3233,.F.);
#3233 = EDGE_CURVE('',#3217,#3226,#3234,.T.);
#3234 = LINE('',#3235,#3236);
#3235 = CARTESIAN_POINT('',(-0.32,0.16,-3.));
#3236 = VECTOR('',#3237,1.);
#3237 = DIRECTION('',(1.,0.,0.));
#3238 = PLANE('',#3239);
#3239 = AXIS2_PLACEMENT_3D('',#3240,#3241,#3242);
#3240 = CARTESIAN_POINT('',(-0.32,0.24,-2.92));
#3241 = DIRECTION('',(-1.735167508357E-18,-0.707106781187,0.707106781187
    ));
#3242 = DIRECTION('',(-1.,1.226948711654E-18,-1.226948711654E-18));
#3243 = ADVANCED_FACE('',(#3244),#3262,.T.);
#3244 = FACE_BOUND('',#3245,.T.);
#3245 = EDGE_LOOP('',(#3246,#3254,#3255,#3256));
#3246 = ORIENTED_EDGE('',*,*,#3247,.F.);
#3247 = EDGE_CURVE('',#1712,#3248,#3250,.T.);
#3248 = VERTEX_POINT('',#3249);
#3249 = CARTESIAN_POINT('',(-0.16,-0.16,-3.));
#3250 = LINE('',#3251,#3252);
#3251 = CARTESIAN_POINT('',(-0.266666666667,-0.266666666667,
    -2.893333333333));
#3252 = VECTOR('',#3253,1.);
#3253 = DIRECTION('',(0.57735026919,0.57735026919,-0.57735026919));
#3254 = ORIENTED_EDGE('',*,*,#1719,.T.);
#3255 = ORIENTED_EDGE('',*,*,#3216,.T.);
#3256 = ORIENTED_EDGE('',*,*,#3257,.F.);
#3257 = EDGE_CURVE('',#3248,#3217,#3258,.T.);
#3258 = LINE('',#3259,#3260);
#3259 = CARTESIAN_POINT('',(-0.16,-0.32,-3.));
#3260 = VECTOR('',#3261,1.);
#3261 = DIRECTION('',(0.,1.,0.));
#3262 = PLANE('',#3263);
#3263 = AXIS2_PLACEMENT_3D('',#3264,#3265,#3266);
#3264 = CARTESIAN_POINT('',(-0.24,-0.32,-2.92));
#3265 = DIRECTION('',(-0.707106781187,-1.735167508357E-18,
    -0.707106781187));
#3266 = DIRECTION('',(-1.226948711654E-18,1.,-1.226948711654E-18));
#3267 = ADVANCED_FACE('',(#3268),#3286,.T.);
#3268 = FACE_BOUND('',#3269,.F.);
#3269 = EDGE_LOOP('',(#3270,#3271,#3272,#3280));
#3270 = ORIENTED_EDGE('',*,*,#3247,.F.);
#3271 = ORIENTED_EDGE('',*,*,#1743,.T.);
#3272 = ORIENTED_EDGE('',*,*,#3273,.T.);
#3273 = EDGE_CURVE('',#1736,#3274,#3276,.T.);
#3274 = VERTEX_POINT('',#3275);
#3275 = CARTESIAN_POINT('',(0.16,-0.16,-3.));
#3276 = LINE('',#3277,#3278);
#3277 = CARTESIAN_POINT('',(0.16,-0.16,-3.));
#3278 = VECTOR('',#3279,1.);
#3279 = DIRECTION('',(-0.57735026919,0.57735026919,-0.57735026919));
#3280 = ORIENTED_EDGE('',*,*,#3281,.F.);
#3281 = EDGE_CURVE('',#3248,#3274,#3282,.T.);
#3282 = LINE('',#3283,#3284);
#3283 = CARTESIAN_POINT('',(-0.32,-0.16,-3.));
#3284 = VECTOR('',#3285,1.);
#3285 = DIRECTION('',(1.,0.,0.));
#3286 = PLANE('',#3287);
#3287 = AXIS2_PLACEMENT_3D('',#3288,#3289,#3290);
#3288 = CARTESIAN_POINT('',(-0.32,-0.24,-2.92));
#3289 = DIRECTION('',(1.735167508357E-18,-0.707106781187,-0.707106781187
    ));
#3290 = DIRECTION('',(-1.,-1.226948711654E-18,-1.226948711654E-18));
#3291 = ADVANCED_FACE('',(#3292),#3303,.F.);
#3292 = FACE_BOUND('',#3293,.F.);
#3293 = EDGE_LOOP('',(#3294,#3295,#3296,#3297));
#3294 = ORIENTED_EDGE('',*,*,#3273,.F.);
#3295 = ORIENTED_EDGE('',*,*,#1760,.T.);
#3296 = ORIENTED_EDGE('',*,*,#3225,.T.);
#3297 = ORIENTED_EDGE('',*,*,#3298,.F.);
#3298 = EDGE_CURVE('',#3274,#3226,#3299,.T.);
#3299 = LINE('',#3300,#3301);
#3300 = CARTESIAN_POINT('',(0.16,-0.32,-3.));
#3301 = VECTOR('',#3302,1.);
#3302 = DIRECTION('',(0.,1.,0.));
#3303 = PLANE('',#3304);
#3304 = AXIS2_PLACEMENT_3D('',#3305,#3306,#3307);
#3305 = CARTESIAN_POINT('',(0.24,-0.32,-2.92));
#3306 = DIRECTION('',(-0.707106781187,1.735167508357E-18,0.707106781187)
  );
#3307 = DIRECTION('',(1.226948711654E-18,1.,-1.226948711654E-18));
#3308 = ADVANCED_FACE('',(#3309),#3334,.F.);
#3309 = FACE_BOUND('',#3310,.F.);
#3310 = EDGE_LOOP('',(#3311,#3319,#3320,#3328));
#3311 = ORIENTED_EDGE('',*,*,#3312,.F.);
#3312 = EDGE_CURVE('',#1777,#3313,#3315,.T.);
#3313 = VERTEX_POINT('',#3314);
#3314 = CARTESIAN_POINT('',(0.16,-2.7,-3.));
#3315 = LINE('',#3316,#3317);
#3316 = CARTESIAN_POINT('',(0.16,-2.7,-3.));
#3317 = VECTOR('',#3318,1.);
#3318 = DIRECTION('',(-0.57735026919,0.57735026919,-0.57735026919));
#3319 = ORIENTED_EDGE('',*,*,#1784,.T.);
#3320 = ORIENTED_EDGE('',*,*,#3321,.T.);
#3321 = EDGE_CURVE('',#1785,#3322,#3324,.T.);
#3322 = VERTEX_POINT('',#3323);
#3323 = CARTESIAN_POINT('',(0.16,-2.38,-3.));
#3324 = LINE('',#3325,#3326);
#3325 = CARTESIAN_POINT('',(5.333333333333E-02,-2.486666666667,
    -3.106666666667));
#3326 = VECTOR('',#3327,1.);
#3327 = DIRECTION('',(-0.57735026919,-0.57735026919,-0.57735026919));
#3328 = ORIENTED_EDGE('',*,*,#3329,.F.);
#3329 = EDGE_CURVE('',#3313,#3322,#3330,.T.);
#3330 = LINE('',#3331,#3332);
#3331 = CARTESIAN_POINT('',(0.16,-2.86,-3.));
#3332 = VECTOR('',#3333,1.);
#3333 = DIRECTION('',(0.,1.,0.));
#3334 = PLANE('',#3335);
#3335 = AXIS2_PLACEMENT_3D('',#3336,#3337,#3338);
#3336 = CARTESIAN_POINT('',(0.24,-2.86,-2.92));
#3337 = DIRECTION('',(-0.707106781187,1.735167508357E-18,0.707106781187)
  );
#3338 = DIRECTION('',(1.226948711654E-18,1.,-1.226948711654E-18));
#3339 = ADVANCED_FACE('',(#3340),#3358,.F.);
#3340 = FACE_BOUND('',#3341,.T.);
#3341 = EDGE_LOOP('',(#3342,#3350,#3351,#3352));
#3342 = ORIENTED_EDGE('',*,*,#3343,.F.);
#3343 = EDGE_CURVE('',#1809,#3344,#3346,.T.);
#3344 = VERTEX_POINT('',#3345);
#3345 = CARTESIAN_POINT('',(-0.16,-2.38,-3.));
#3346 = LINE('',#3347,#3348);
#3347 = CARTESIAN_POINT('',(-0.16,-2.38,-3.));
#3348 = VECTOR('',#3349,1.);
#3349 = DIRECTION('',(0.57735026919,-0.57735026919,-0.57735026919));
#3350 = ORIENTED_EDGE('',*,*,#1808,.T.);
#3351 = ORIENTED_EDGE('',*,*,#3321,.T.);
#3352 = ORIENTED_EDGE('',*,*,#3353,.F.);
#3353 = EDGE_CURVE('',#3344,#3322,#3354,.T.);
#3354 = LINE('',#3355,#3356);
#3355 = CARTESIAN_POINT('',(-0.32,-2.38,-3.));
#3356 = VECTOR('',#3357,1.);
#3357 = DIRECTION('',(1.,0.,0.));
#3358 = PLANE('',#3359);
#3359 = AXIS2_PLACEMENT_3D('',#3360,#3361,#3362);
#3360 = CARTESIAN_POINT('',(-0.32,-2.3,-2.92));
#3361 = DIRECTION('',(-1.735167508357E-18,-0.707106781187,0.707106781187
    ));
#3362 = DIRECTION('',(-1.,1.226948711654E-18,-1.226948711654E-18));
#3363 = ADVANCED_FACE('',(#3364),#3382,.T.);
#3364 = FACE_BOUND('',#3365,.T.);
#3365 = EDGE_LOOP('',(#3366,#3374,#3375,#3376));
#3366 = ORIENTED_EDGE('',*,*,#3367,.F.);
#3367 = EDGE_CURVE('',#1832,#3368,#3370,.T.);
#3368 = VERTEX_POINT('',#3369);
#3369 = CARTESIAN_POINT('',(-0.16,-2.7,-3.));
#3370 = LINE('',#3371,#3372);
#3371 = CARTESIAN_POINT('',(-0.266666666667,-2.806666666667,
    -2.893333333333));
#3372 = VECTOR('',#3373,1.);
#3373 = DIRECTION('',(0.57735026919,0.57735026919,-0.57735026919));
#3374 = ORIENTED_EDGE('',*,*,#1839,.T.);
#3375 = ORIENTED_EDGE('',*,*,#3343,.T.);
#3376 = ORIENTED_EDGE('',*,*,#3377,.F.);
#3377 = EDGE_CURVE('',#3368,#3344,#3378,.T.);
#3378 = LINE('',#3379,#3380);
#3379 = CARTESIAN_POINT('',(-0.16,-2.86,-3.));
#3380 = VECTOR('',#3381,1.);
#3381 = DIRECTION('',(0.,1.,0.));
#3382 = PLANE('',#3383);
#3383 = AXIS2_PLACEMENT_3D('',#3384,#3385,#3386);
#3384 = CARTESIAN_POINT('',(-0.24,-2.86,-2.92));
#3385 = DIRECTION('',(-0.707106781187,-1.735167508357E-18,
    -0.707106781187));
#3386 = DIRECTION('',(-1.226948711654E-18,1.,-1.226948711654E-18));
#3387 = ADVANCED_FACE('',(#3388),#3399,.T.);
#3388 = FACE_BOUND('',#3389,.F.);
#3389 = EDGE_LOOP('',(#3390,#3391,#3392,#3393));
#3390 = ORIENTED_EDGE('',*,*,#3367,.F.);
#3391 = ORIENTED_EDGE('',*,*,#1856,.T.);
#3392 = ORIENTED_EDGE('',*,*,#3312,.T.);
#3393 = ORIENTED_EDGE('',*,*,#3394,.F.);
#3394 = EDGE_CURVE('',#3368,#3313,#3395,.T.);
#3395 = LINE('',#3396,#3397);
#3396 = CARTESIAN_POINT('',(-0.32,-2.7,-3.));
#3397 = VECTOR('',#3398,1.);
#3398 = DIRECTION('',(1.,0.,0.));
#3399 = PLANE('',#3400);
#3400 = AXIS2_PLACEMENT_3D('',#3401,#3402,#3403);
#3401 = CARTESIAN_POINT('',(-0.32,-2.78,-2.92));
#3402 = DIRECTION('',(1.735167508357E-18,-0.707106781187,-0.707106781187
    ));
#3403 = DIRECTION('',(-1.,-1.226948711654E-18,-1.226948711654E-18));
#3404 = ADVANCED_FACE('',(#3405),#3430,.F.);
#3405 = FACE_BOUND('',#3406,.T.);
#3406 = EDGE_LOOP('',(#3407,#3415,#3416,#3424));
#3407 = ORIENTED_EDGE('',*,*,#3408,.F.);
#3408 = EDGE_CURVE('',#1881,#3409,#3411,.T.);
#3409 = VERTEX_POINT('',#3410);
#3410 = CARTESIAN_POINT('',(2.38,0.16,-3.));
#3411 = LINE('',#3412,#3413);
#3412 = CARTESIAN_POINT('',(2.38,0.16,-3.));
#3413 = VECTOR('',#3414,1.);
#3414 = DIRECTION('',(0.57735026919,-0.57735026919,-0.57735026919));
#3415 = ORIENTED_EDGE('',*,*,#1880,.T.);
#3416 = ORIENTED_EDGE('',*,*,#3417,.T.);
#3417 = EDGE_CURVE('',#1873,#3418,#3420,.T.);
#3418 = VERTEX_POINT('',#3419);
#3419 = CARTESIAN_POINT('',(2.7,0.16,-3.));
#3420 = LINE('',#3421,#3422);
#3421 = CARTESIAN_POINT('',(2.593333333333,5.333333333333E-02,
    -3.106666666667));
#3422 = VECTOR('',#3423,1.);
#3423 = DIRECTION('',(-0.57735026919,-0.57735026919,-0.57735026919));
#3424 = ORIENTED_EDGE('',*,*,#3425,.F.);
#3425 = EDGE_CURVE('',#3409,#3418,#3426,.T.);
#3426 = LINE('',#3427,#3428);
#3427 = CARTESIAN_POINT('',(2.22,0.16,-3.));
#3428 = VECTOR('',#3429,1.);
#3429 = DIRECTION('',(1.,0.,0.));
#3430 = PLANE('',#3431);
#3431 = AXIS2_PLACEMENT_3D('',#3432,#3433,#3434);
#3432 = CARTESIAN_POINT('',(2.22,0.24,-2.92));
#3433 = DIRECTION('',(-1.735167508357E-18,-0.707106781187,0.707106781187
    ));
#3434 = DIRECTION('',(-1.,1.226948711654E-18,-1.226948711654E-18));
#3435 = ADVANCED_FACE('',(#3436),#3454,.T.);
#3436 = FACE_BOUND('',#3437,.T.);
#3437 = EDGE_LOOP('',(#3438,#3446,#3447,#3448));
#3438 = ORIENTED_EDGE('',*,*,#3439,.F.);
#3439 = EDGE_CURVE('',#1904,#3440,#3442,.T.);
#3440 = VERTEX_POINT('',#3441);
#3441 = CARTESIAN_POINT('',(2.38,-0.16,-3.));
#3442 = LINE('',#3443,#3444);
#3443 = CARTESIAN_POINT('',(2.273333333333,-0.266666666667,
    -2.893333333333));
#3444 = VECTOR('',#3445,1.);
#3445 = DIRECTION('',(0.57735026919,0.57735026919,-0.57735026919));
#3446 = ORIENTED_EDGE('',*,*,#1911,.T.);
#3447 = ORIENTED_EDGE('',*,*,#3408,.T.);
#3448 = ORIENTED_EDGE('',*,*,#3449,.F.);
#3449 = EDGE_CURVE('',#3440,#3409,#3450,.T.);
#3450 = LINE('',#3451,#3452);
#3451 = CARTESIAN_POINT('',(2.38,-0.32,-3.));
#3452 = VECTOR('',#3453,1.);
#3453 = DIRECTION('',(0.,1.,0.));
#3454 = PLANE('',#3455);
#3455 = AXIS2_PLACEMENT_3D('',#3456,#3457,#3458);
#3456 = CARTESIAN_POINT('',(2.3,-0.32,-2.92));
#3457 = DIRECTION('',(-0.707106781187,-1.735167508357E-18,
    -0.707106781187));
#3458 = DIRECTION('',(-1.226948711654E-18,1.,-1.226948711654E-18));
#3459 = ADVANCED_FACE('',(#3460),#3478,.T.);
#3460 = FACE_BOUND('',#3461,.F.);
#3461 = EDGE_LOOP('',(#3462,#3463,#3464,#3472));
#3462 = ORIENTED_EDGE('',*,*,#3439,.F.);
#3463 = ORIENTED_EDGE('',*,*,#1935,.T.);
#3464 = ORIENTED_EDGE('',*,*,#3465,.T.);
#3465 = EDGE_CURVE('',#1928,#3466,#3468,.T.);
#3466 = VERTEX_POINT('',#3467);
#3467 = CARTESIAN_POINT('',(2.7,-0.16,-3.));
#3468 = LINE('',#3469,#3470);
#3469 = CARTESIAN_POINT('',(2.7,-0.16,-3.));
#3470 = VECTOR('',#3471,1.);
#3471 = DIRECTION('',(-0.57735026919,0.57735026919,-0.57735026919));
#3472 = ORIENTED_EDGE('',*,*,#3473,.F.);
#3473 = EDGE_CURVE('',#3440,#3466,#3474,.T.);
#3474 = LINE('',#3475,#3476);
#3475 = CARTESIAN_POINT('',(2.22,-0.16,-3.));
#3476 = VECTOR('',#3477,1.);
#3477 = DIRECTION('',(1.,0.,0.));
#3478 = PLANE('',#3479);
#3479 = AXIS2_PLACEMENT_3D('',#3480,#3481,#3482);
#3480 = CARTESIAN_POINT('',(2.22,-0.24,-2.92));
#3481 = DIRECTION('',(1.735167508357E-18,-0.707106781187,-0.707106781187
    ));
#3482 = DIRECTION('',(-1.,-1.226948711654E-18,-1.226948711654E-18));
#3483 = ADVANCED_FACE('',(#3484),#3495,.F.);
#3484 = FACE_BOUND('',#3485,.F.);
#3485 = EDGE_LOOP('',(#3486,#3487,#3488,#3489));
#3486 = ORIENTED_EDGE('',*,*,#3465,.F.);
#3487 = ORIENTED_EDGE('',*,*,#1952,.T.);
#3488 = ORIENTED_EDGE('',*,*,#3417,.T.);
#3489 = ORIENTED_EDGE('',*,*,#3490,.F.);
#3490 = EDGE_CURVE('',#3466,#3418,#3491,.T.);
#3491 = LINE('',#3492,#3493);
#3492 = CARTESIAN_POINT('',(2.7,-0.32,-3.));
#3493 = VECTOR('',#3494,1.);
#3494 = DIRECTION('',(0.,1.,0.));
#3495 = PLANE('',#3496);
#3496 = AXIS2_PLACEMENT_3D('',#3497,#3498,#3499);
#3497 = CARTESIAN_POINT('',(2.78,-0.32,-2.92));
#3498 = DIRECTION('',(-0.707106781187,1.735167508357E-18,0.707106781187)
  );
#3499 = DIRECTION('',(1.226948711654E-18,1.,-1.226948711654E-18));
#3500 = ADVANCED_FACE('',(#3501),#3526,.F.);
#3501 = FACE_BOUND('',#3502,.T.);
#3502 = EDGE_LOOP('',(#3503,#3511,#3512,#3520));
#3503 = ORIENTED_EDGE('',*,*,#3504,.F.);
#3504 = EDGE_CURVE('',#1977,#3505,#3507,.T.);
#3505 = VERTEX_POINT('',#3506);
#3506 = CARTESIAN_POINT('',(2.38,-2.38,-3.));
#3507 = LINE('',#3508,#3509);
#3508 = CARTESIAN_POINT('',(2.38,-2.38,-3.));
#3509 = VECTOR('',#3510,1.);
#3510 = DIRECTION('',(0.57735026919,-0.57735026919,-0.57735026919));
#3511 = ORIENTED_EDGE('',*,*,#1976,.T.);
#3512 = ORIENTED_EDGE('',*,*,#3513,.T.);
#3513 = EDGE_CURVE('',#1969,#3514,#3516,.T.);
#3514 = VERTEX_POINT('',#3515);
#3515 = CARTESIAN_POINT('',(2.7,-2.38,-3.));
#3516 = LINE('',#3517,#3518);
#3517 = CARTESIAN_POINT('',(2.593333333333,-2.486666666667,
    -3.106666666667));
#3518 = VECTOR('',#3519,1.);
#3519 = DIRECTION('',(-0.57735026919,-0.57735026919,-0.57735026919));
#3520 = ORIENTED_EDGE('',*,*,#3521,.F.);
#3521 = EDGE_CURVE('',#3505,#3514,#3522,.T.);
#3522 = LINE('',#3523,#3524);
#3523 = CARTESIAN_POINT('',(2.22,-2.38,-3.));
#3524 = VECTOR('',#3525,1.);
#3525 = DIRECTION('',(1.,0.,0.));
#3526 = PLANE('',#3527);
#3527 = AXIS2_PLACEMENT_3D('',#3528,#3529,#3530);
#3528 = CARTESIAN_POINT('',(2.22,-2.3,-2.92));
#3529 = DIRECTION('',(-1.735167508357E-18,-0.707106781187,0.707106781187
    ));
#3530 = DIRECTION('',(-1.,1.226948711654E-18,-1.226948711654E-18));
#3531 = ADVANCED_FACE('',(#3532),#3550,.T.);
#3532 = FACE_BOUND('',#3533,.T.);
#3533 = EDGE_LOOP('',(#3534,#3542,#3543,#3544));
#3534 = ORIENTED_EDGE('',*,*,#3535,.F.);
#3535 = EDGE_CURVE('',#2000,#3536,#3538,.T.);
#3536 = VERTEX_POINT('',#3537);
#3537 = CARTESIAN_POINT('',(2.38,-2.7,-3.));
#3538 = LINE('',#3539,#3540);
#3539 = CARTESIAN_POINT('',(2.273333333333,-2.806666666667,
    -2.893333333333));
#3540 = VECTOR('',#3541,1.);
#3541 = DIRECTION('',(0.57735026919,0.57735026919,-0.57735026919));
#3542 = ORIENTED_EDGE('',*,*,#2007,.T.);
#3543 = ORIENTED_EDGE('',*,*,#3504,.T.);
#3544 = ORIENTED_EDGE('',*,*,#3545,.F.);
#3545 = EDGE_CURVE('',#3536,#3505,#3546,.T.);
#3546 = LINE('',#3547,#3548);
#3547 = CARTESIAN_POINT('',(2.38,-2.86,-3.));
#3548 = VECTOR('',#3549,1.);
#3549 = DIRECTION('',(0.,1.,0.));
#3550 = PLANE('',#3551);
#3551 = AXIS2_PLACEMENT_3D('',#3552,#3553,#3554);
#3552 = CARTESIAN_POINT('',(2.3,-2.86,-2.92));
#3553 = DIRECTION('',(-0.707106781187,-1.735167508357E-18,
    -0.707106781187));
#3554 = DIRECTION('',(-1.226948711654E-18,1.,-1.226948711654E-18));
#3555 = ADVANCED_FACE('',(#3556),#3574,.T.);
#3556 = FACE_BOUND('',#3557,.F.);
#3557 = EDGE_LOOP('',(#3558,#3559,#3560,#3568));
#3558 = ORIENTED_EDGE('',*,*,#3535,.F.);
#3559 = ORIENTED_EDGE('',*,*,#2031,.T.);
#3560 = ORIENTED_EDGE('',*,*,#3561,.T.);
#3561 = EDGE_CURVE('',#2024,#3562,#3564,.T.);
#3562 = VERTEX_POINT('',#3563);
#3563 = CARTESIAN_POINT('',(2.7,-2.7,-3.));
#3564 = LINE('',#3565,#3566);
#3565 = CARTESIAN_POINT('',(2.7,-2.7,-3.));
#3566 = VECTOR('',#3567,1.);
#3567 = DIRECTION('',(-0.57735026919,0.57735026919,-0.57735026919));
#3568 = ORIENTED_EDGE('',*,*,#3569,.F.);
#3569 = EDGE_CURVE('',#3536,#3562,#3570,.T.);
#3570 = LINE('',#3571,#3572);
#3571 = CARTESIAN_POINT('',(2.22,-2.7,-3.));
#3572 = VECTOR('',#3573,1.);
#3573 = DIRECTION('',(1.,0.,0.));
#3574 = PLANE('',#3575);
#3575 = AXIS2_PLACEMENT_3D('',#3576,#3577,#3578);
#3576 = CARTESIAN_POINT('',(2.22,-2.78,-2.92));
#3577 = DIRECTION('',(1.735167508357E-18,-0.707106781187,-0.707106781187
    ));
#3578 = DIRECTION('',(-1.,-1.226948711654E-18,-1.226948711654E-18));
#3579 = ADVANCED_FACE('',(#3580),#3591,.F.);
#3580 = FACE_BOUND('',#3581,.F.);
#3581 = EDGE_LOOP('',(#3582,#3583,#3584,#3585));
#3582 = ORIENTED_EDGE('',*,*,#3561,.F.);
#3583 = ORIENTED_EDGE('',*,*,#2048,.T.);
#3584 = ORIENTED_EDGE('',*,*,#3513,.T.);
#3585 = ORIENTED_EDGE('',*,*,#3586,.F.);
#3586 = EDGE_CURVE('',#3562,#3514,#3587,.T.);
#3587 = LINE('',#3588,#3589);
#3588 = CARTESIAN_POINT('',(2.7,-2.86,-3.));
#3589 = VECTOR('',#3590,1.);
#3590 = DIRECTION('',(0.,1.,0.));
#3591 = PLANE('',#3592);
#3592 = AXIS2_PLACEMENT_3D('',#3593,#3594,#3595);
#3593 = CARTESIAN_POINT('',(2.78,-2.86,-2.92));
#3594 = DIRECTION('',(-0.707106781187,1.735167508357E-18,0.707106781187)
  );
#3595 = DIRECTION('',(1.226948711654E-18,1.,-1.226948711654E-18));
#3596 = ADVANCED_FACE('',(#3597),#3622,.T.);
#3597 = FACE_BOUND('',#3598,.F.);
#3598 = EDGE_LOOP('',(#3599,#3607,#3608,#3616));
#3599 = ORIENTED_EDGE('',*,*,#3600,.F.);
#3600 = EDGE_CURVE('',#2073,#3601,#3603,.T.);
#3601 = VERTEX_POINT('',#3602);
#3602 = CARTESIAN_POINT('',(-0.16,-7.78,-3.));
#3603 = LINE('',#3604,#3605);
#3604 = CARTESIAN_POINT('',(-0.266666666667,-7.886666666667,
    -2.893333333333));
#3605 = VECTOR('',#3606,1.);
#3606 = DIRECTION('',(0.57735026919,0.57735026919,-0.57735026919));
#3607 = ORIENTED_EDGE('',*,*,#2072,.T.);
#3608 = ORIENTED_EDGE('',*,*,#3609,.T.);
#3609 = EDGE_CURVE('',#2065,#3610,#3612,.T.);
#3610 = VERTEX_POINT('',#3611);
#3611 = CARTESIAN_POINT('',(0.16,-7.78,-3.));
#3612 = LINE('',#3613,#3614);
#3613 = CARTESIAN_POINT('',(0.16,-7.78,-3.));
#3614 = VECTOR('',#3615,1.);
#3615 = DIRECTION('',(-0.57735026919,0.57735026919,-0.57735026919));
#3616 = ORIENTED_EDGE('',*,*,#3617,.F.);
#3617 = EDGE_CURVE('',#3601,#3610,#3618,.T.);
#3618 = LINE('',#3619,#3620);
#3619 = CARTESIAN_POINT('',(-0.32,-7.78,-3.));
#3620 = VECTOR('',#3621,1.);
#3621 = DIRECTION('',(1.,0.,0.));
#3622 = PLANE('',#3623);
#3623 = AXIS2_PLACEMENT_3D('',#3624,#3625,#3626);
#3624 = CARTESIAN_POINT('',(-0.32,-7.86,-2.92));
#3625 = DIRECTION('',(1.735167508357E-18,-0.707106781187,-0.707106781187
    ));
#3626 = DIRECTION('',(-1.,-1.226948711654E-18,-1.226948711654E-18));
#3627 = ADVANCED_FACE('',(#3628),#3646,.F.);
#3628 = FACE_BOUND('',#3629,.F.);
#3629 = EDGE_LOOP('',(#3630,#3631,#3632,#3640));
#3630 = ORIENTED_EDGE('',*,*,#3609,.F.);
#3631 = ORIENTED_EDGE('',*,*,#2096,.T.);
#3632 = ORIENTED_EDGE('',*,*,#3633,.T.);
#3633 = EDGE_CURVE('',#2097,#3634,#3636,.T.);
#3634 = VERTEX_POINT('',#3635);
#3635 = CARTESIAN_POINT('',(0.16,-7.46,-3.));
#3636 = LINE('',#3637,#3638);
#3637 = CARTESIAN_POINT('',(5.333333333333E-02,-7.566666666667,
    -3.106666666667));
#3638 = VECTOR('',#3639,1.);
#3639 = DIRECTION('',(-0.57735026919,-0.57735026919,-0.57735026919));
#3640 = ORIENTED_EDGE('',*,*,#3641,.F.);
#3641 = EDGE_CURVE('',#3610,#3634,#3642,.T.);
#3642 = LINE('',#3643,#3644);
#3643 = CARTESIAN_POINT('',(0.16,-7.94,-3.));
#3644 = VECTOR('',#3645,1.);
#3645 = DIRECTION('',(0.,1.,0.));
#3646 = PLANE('',#3647);
#3647 = AXIS2_PLACEMENT_3D('',#3648,#3649,#3650);
#3648 = CARTESIAN_POINT('',(0.24,-7.94,-2.92));
#3649 = DIRECTION('',(-0.707106781187,1.735167508357E-18,0.707106781187)
  );
#3650 = DIRECTION('',(1.226948711654E-18,1.,-1.226948711654E-18));
#3651 = ADVANCED_FACE('',(#3652),#3670,.F.);
#3652 = FACE_BOUND('',#3653,.T.);
#3653 = EDGE_LOOP('',(#3654,#3662,#3663,#3664));
#3654 = ORIENTED_EDGE('',*,*,#3655,.F.);
#3655 = EDGE_CURVE('',#2121,#3656,#3658,.T.);
#3656 = VERTEX_POINT('',#3657);
#3657 = CARTESIAN_POINT('',(-0.16,-7.46,-3.));
#3658 = LINE('',#3659,#3660);
#3659 = CARTESIAN_POINT('',(-0.16,-7.46,-3.));
#3660 = VECTOR('',#3661,1.);
#3661 = DIRECTION('',(0.57735026919,-0.57735026919,-0.57735026919));
#3662 = ORIENTED_EDGE('',*,*,#2120,.T.);
#3663 = ORIENTED_EDGE('',*,*,#3633,.T.);
#3664 = ORIENTED_EDGE('',*,*,#3665,.F.);
#3665 = EDGE_CURVE('',#3656,#3634,#3666,.T.);
#3666 = LINE('',#3667,#3668);
#3667 = CARTESIAN_POINT('',(-0.32,-7.46,-3.));
#3668 = VECTOR('',#3669,1.);
#3669 = DIRECTION('',(1.,0.,0.));
#3670 = PLANE('',#3671);
#3671 = AXIS2_PLACEMENT_3D('',#3672,#3673,#3674);
#3672 = CARTESIAN_POINT('',(-0.32,-7.38,-2.92));
#3673 = DIRECTION('',(-1.735167508357E-18,-0.707106781187,0.707106781187
    ));
#3674 = DIRECTION('',(-1.,1.226948711654E-18,-1.226948711654E-18));
#3675 = ADVANCED_FACE('',(#3676),#3687,.T.);
#3676 = FACE_BOUND('',#3677,.T.);
#3677 = EDGE_LOOP('',(#3678,#3679,#3680,#3681));
#3678 = ORIENTED_EDGE('',*,*,#3600,.F.);
#3679 = ORIENTED_EDGE('',*,*,#2144,.T.);
#3680 = ORIENTED_EDGE('',*,*,#3655,.T.);
#3681 = ORIENTED_EDGE('',*,*,#3682,.F.);
#3682 = EDGE_CURVE('',#3601,#3656,#3683,.T.);
#3683 = LINE('',#3684,#3685);
#3684 = CARTESIAN_POINT('',(-0.16,-7.94,-3.));
#3685 = VECTOR('',#3686,1.);
#3686 = DIRECTION('',(0.,1.,0.));
#3687 = PLANE('',#3688);
#3688 = AXIS2_PLACEMENT_3D('',#3689,#3690,#3691);
#3689 = CARTESIAN_POINT('',(-0.24,-7.94,-2.92));
#3690 = DIRECTION('',(-0.707106781187,-1.735167508357E-18,
    -0.707106781187));
#3691 = DIRECTION('',(-1.226948711654E-18,1.,-1.226948711654E-18));
#3692 = ADVANCED_FACE('',(#3693),#3718,.F.);
#3693 = FACE_BOUND('',#3694,.T.);
#3694 = EDGE_LOOP('',(#3695,#3703,#3704,#3712));
#3695 = ORIENTED_EDGE('',*,*,#3696,.F.);
#3696 = EDGE_CURVE('',#2169,#3697,#3699,.T.);
#3697 = VERTEX_POINT('',#3698);
#3698 = CARTESIAN_POINT('',(2.38,-7.46,-3.));
#3699 = LINE('',#3700,#3701);
#3700 = CARTESIAN_POINT('',(2.38,-7.46,-3.));
#3701 = VECTOR('',#3702,1.);
#3702 = DIRECTION('',(0.57735026919,-0.57735026919,-0.57735026919));
#3703 = ORIENTED_EDGE('',*,*,#2168,.T.);
#3704 = ORIENTED_EDGE('',*,*,#3705,.T.);
#3705 = EDGE_CURVE('',#2161,#3706,#3708,.T.);
#3706 = VERTEX_POINT('',#3707);
#3707 = CARTESIAN_POINT('',(2.7,-7.46,-3.));
#3708 = LINE('',#3709,#3710);
#3709 = CARTESIAN_POINT('',(2.593333333333,-7.566666666667,
    -3.106666666667));
#3710 = VECTOR('',#3711,1.);
#3711 = DIRECTION('',(-0.57735026919,-0.57735026919,-0.57735026919));
#3712 = ORIENTED_EDGE('',*,*,#3713,.F.);
#3713 = EDGE_CURVE('',#3697,#3706,#3714,.T.);
#3714 = LINE('',#3715,#3716);
#3715 = CARTESIAN_POINT('',(2.22,-7.46,-3.));
#3716 = VECTOR('',#3717,1.);
#3717 = DIRECTION('',(1.,0.,0.));
#3718 = PLANE('',#3719);
#3719 = AXIS2_PLACEMENT_3D('',#3720,#3721,#3722);
#3720 = CARTESIAN_POINT('',(2.22,-7.38,-2.92));
#3721 = DIRECTION('',(-1.735167508357E-18,-0.707106781187,0.707106781187
    ));
#3722 = DIRECTION('',(-1.,1.226948711654E-18,-1.226948711654E-18));
#3723 = ADVANCED_FACE('',(#3724),#3742,.T.);
#3724 = FACE_BOUND('',#3725,.T.);
#3725 = EDGE_LOOP('',(#3726,#3734,#3735,#3736));
#3726 = ORIENTED_EDGE('',*,*,#3727,.F.);
#3727 = EDGE_CURVE('',#2192,#3728,#3730,.T.);
#3728 = VERTEX_POINT('',#3729);
#3729 = CARTESIAN_POINT('',(2.38,-7.78,-3.));
#3730 = LINE('',#3731,#3732);
#3731 = CARTESIAN_POINT('',(2.273333333333,-7.886666666667,
    -2.893333333333));
#3732 = VECTOR('',#3733,1.);
#3733 = DIRECTION('',(0.57735026919,0.57735026919,-0.57735026919));
#3734 = ORIENTED_EDGE('',*,*,#2199,.T.);
#3735 = ORIENTED_EDGE('',*,*,#3696,.T.);
#3736 = ORIENTED_EDGE('',*,*,#3737,.F.);
#3737 = EDGE_CURVE('',#3728,#3697,#3738,.T.);
#3738 = LINE('',#3739,#3740);
#3739 = CARTESIAN_POINT('',(2.38,-7.94,-3.));
#3740 = VECTOR('',#3741,1.);
#3741 = DIRECTION('',(0.,1.,0.));
#3742 = PLANE('',#3743);
#3743 = AXIS2_PLACEMENT_3D('',#3744,#3745,#3746);
#3744 = CARTESIAN_POINT('',(2.3,-7.94,-2.92));
#3745 = DIRECTION('',(-0.707106781187,-1.735167508357E-18,
    -0.707106781187));
#3746 = DIRECTION('',(-1.226948711654E-18,1.,-1.226948711654E-18));
#3747 = ADVANCED_FACE('',(#3748),#3766,.T.);
#3748 = FACE_BOUND('',#3749,.F.);
#3749 = EDGE_LOOP('',(#3750,#3751,#3752,#3760));
#3750 = ORIENTED_EDGE('',*,*,#3727,.F.);
#3751 = ORIENTED_EDGE('',*,*,#2223,.T.);
#3752 = ORIENTED_EDGE('',*,*,#3753,.T.);
#3753 = EDGE_CURVE('',#2216,#3754,#3756,.T.);
#3754 = VERTEX_POINT('',#3755);
#3755 = CARTESIAN_POINT('',(2.7,-7.78,-3.));
#3756 = LINE('',#3757,#3758);
#3757 = CARTESIAN_POINT('',(2.7,-7.78,-3.));
#3758 = VECTOR('',#3759,1.);
#3759 = DIRECTION('',(-0.57735026919,0.57735026919,-0.57735026919));
#3760 = ORIENTED_EDGE('',*,*,#3761,.F.);
#3761 = EDGE_CURVE('',#3728,#3754,#3762,.T.);
#3762 = LINE('',#3763,#3764);
#3763 = CARTESIAN_POINT('',(2.22,-7.78,-3.));
#3764 = VECTOR('',#3765,1.);
#3765 = DIRECTION('',(1.,0.,0.));
#3766 = PLANE('',#3767);
#3767 = AXIS2_PLACEMENT_3D('',#3768,#3769,#3770);
#3768 = CARTESIAN_POINT('',(2.22,-7.86,-2.92));
#3769 = DIRECTION('',(1.735167508357E-18,-0.707106781187,-0.707106781187
    ));
#3770 = DIRECTION('',(-1.,-1.226948711654E-18,-1.226948711654E-18));
#3771 = ADVANCED_FACE('',(#3772),#3783,.F.);
#3772 = FACE_BOUND('',#3773,.F.);
#3773 = EDGE_LOOP('',(#3774,#3775,#3776,#3777));
#3774 = ORIENTED_EDGE('',*,*,#3753,.F.);
#3775 = ORIENTED_EDGE('',*,*,#2240,.T.);
#3776 = ORIENTED_EDGE('',*,*,#3705,.T.);
#3777 = ORIENTED_EDGE('',*,*,#3778,.F.);
#3778 = EDGE_CURVE('',#3754,#3706,#3779,.T.);
#3779 = LINE('',#3780,#3781);
#3780 = CARTESIAN_POINT('',(2.7,-7.94,-3.));
#3781 = VECTOR('',#3782,1.);
#3782 = DIRECTION('',(0.,1.,0.));
#3783 = PLANE('',#3784);
#3784 = AXIS2_PLACEMENT_3D('',#3785,#3786,#3787);
#3785 = CARTESIAN_POINT('',(2.78,-7.94,-2.92));
#3786 = DIRECTION('',(-0.707106781187,1.735167508357E-18,0.707106781187)
  );
#3787 = DIRECTION('',(1.226948711654E-18,1.,-1.226948711654E-18));
#3788 = ADVANCED_FACE('',(#3789),#3814,.T.);
#3789 = FACE_BOUND('',#3790,.F.);
#3790 = EDGE_LOOP('',(#3791,#3799,#3800,#3808));
#3791 = ORIENTED_EDGE('',*,*,#3792,.F.);
#3792 = EDGE_CURVE('',#2266,#3793,#3795,.T.);
#3793 = VERTEX_POINT('',#3794);
#3794 = CARTESIAN_POINT('',(2.38,-4.92,8.54));
#3795 = LINE('',#3796,#3797);
#3796 = CARTESIAN_POINT('',(2.38,-4.92,8.54));
#3797 = VECTOR('',#3798,1.);
#3798 = DIRECTION('',(0.57735026919,-0.57735026919,0.57735026919));
#3799 = ORIENTED_EDGE('',*,*,#2273,.T.);
#3800 = ORIENTED_EDGE('',*,*,#3801,.T.);
#3801 = EDGE_CURVE('',#2257,#3802,#3804,.T.);
#3802 = VERTEX_POINT('',#3803);
#3803 = CARTESIAN_POINT('',(2.7,-4.92,8.54));
#3804 = LINE('',#3805,#3806);
#3805 = CARTESIAN_POINT('',(2.593333333333,-5.026666666667,
    8.646666666667));
#3806 = VECTOR('',#3807,1.);
#3807 = DIRECTION('',(-0.57735026919,-0.57735026919,0.57735026919));
#3808 = ORIENTED_EDGE('',*,*,#3809,.F.);
#3809 = EDGE_CURVE('',#3793,#3802,#3810,.T.);
#3810 = LINE('',#3811,#3812);
#3811 = CARTESIAN_POINT('',(2.22,-4.92,8.54));
#3812 = VECTOR('',#3813,1.);
#3813 = DIRECTION('',(1.,0.,0.));
#3814 = PLANE('',#3815);
#3815 = AXIS2_PLACEMENT_3D('',#3816,#3817,#3818);
#3816 = CARTESIAN_POINT('',(2.22,-4.84,8.46));
#3817 = DIRECTION('',(1.735167508357E-18,0.707106781187,0.707106781187)
  );
#3818 = DIRECTION('',(-1.,1.226948711654E-18,1.226948711654E-18));
#3819 = ADVANCED_FACE('',(#3820),#3838,.F.);
#3820 = FACE_BOUND('',#3821,.F.);
#3821 = EDGE_LOOP('',(#3822,#3830,#3831,#3832));
#3822 = ORIENTED_EDGE('',*,*,#3823,.F.);
#3823 = EDGE_CURVE('',#2288,#3824,#3826,.T.);
#3824 = VERTEX_POINT('',#3825);
#3825 = CARTESIAN_POINT('',(2.38,-5.24,8.54));
#3826 = LINE('',#3827,#3828);
#3827 = CARTESIAN_POINT('',(2.273333333333,-5.346666666667,
    8.433333333333));
#3828 = VECTOR('',#3829,1.);
#3829 = DIRECTION('',(0.57735026919,0.57735026919,0.57735026919));
#3830 = ORIENTED_EDGE('',*,*,#2297,.T.);
#3831 = ORIENTED_EDGE('',*,*,#3792,.T.);
#3832 = ORIENTED_EDGE('',*,*,#3833,.F.);
#3833 = EDGE_CURVE('',#3824,#3793,#3834,.T.);
#3834 = LINE('',#3835,#3836);
#3835 = CARTESIAN_POINT('',(2.38,-5.4,8.54));
#3836 = VECTOR('',#3837,1.);
#3837 = DIRECTION('',(0.,1.,0.));
#3838 = PLANE('',#3839);
#3839 = AXIS2_PLACEMENT_3D('',#3840,#3841,#3842);
#3840 = CARTESIAN_POINT('',(2.3,-5.4,8.46));
#3841 = DIRECTION('',(0.707106781187,1.735167508357E-18,-0.707106781187)
  );
#3842 = DIRECTION('',(-1.226948711654E-18,1.,1.226948711654E-18));
#3843 = ADVANCED_FACE('',(#3844),#3862,.F.);
#3844 = FACE_BOUND('',#3845,.T.);
#3845 = EDGE_LOOP('',(#3846,#3847,#3848,#3856));
#3846 = ORIENTED_EDGE('',*,*,#3823,.F.);
#3847 = ORIENTED_EDGE('',*,*,#2321,.T.);
#3848 = ORIENTED_EDGE('',*,*,#3849,.T.);
#3849 = EDGE_CURVE('',#2312,#3850,#3852,.T.);
#3850 = VERTEX_POINT('',#3851);
#3851 = CARTESIAN_POINT('',(2.7,-5.24,8.54));
#3852 = LINE('',#3853,#3854);
#3853 = CARTESIAN_POINT('',(2.7,-5.24,8.54));
#3854 = VECTOR('',#3855,1.);
#3855 = DIRECTION('',(-0.57735026919,0.57735026919,0.57735026919));
#3856 = ORIENTED_EDGE('',*,*,#3857,.F.);
#3857 = EDGE_CURVE('',#3824,#3850,#3858,.T.);
#3858 = LINE('',#3859,#3860);
#3859 = CARTESIAN_POINT('',(2.22,-5.24,8.54));
#3860 = VECTOR('',#3861,1.);
#3861 = DIRECTION('',(1.,0.,0.));
#3862 = PLANE('',#3863);
#3863 = AXIS2_PLACEMENT_3D('',#3864,#3865,#3866);
#3864 = CARTESIAN_POINT('',(2.22,-5.32,8.46));
#3865 = DIRECTION('',(-1.735167508357E-18,0.707106781187,-0.707106781187
    ));
#3866 = DIRECTION('',(-1.,-1.226948711654E-18,1.226948711654E-18));
#3867 = ADVANCED_FACE('',(#3868),#3879,.T.);
#3868 = FACE_BOUND('',#3869,.T.);
#3869 = EDGE_LOOP('',(#3870,#3871,#3872,#3873));
#3870 = ORIENTED_EDGE('',*,*,#3849,.F.);
#3871 = ORIENTED_EDGE('',*,*,#2338,.T.);
#3872 = ORIENTED_EDGE('',*,*,#3801,.T.);
#3873 = ORIENTED_EDGE('',*,*,#3874,.F.);
#3874 = EDGE_CURVE('',#3850,#3802,#3875,.T.);
#3875 = LINE('',#3876,#3877);
#3876 = CARTESIAN_POINT('',(2.7,-5.4,8.54));
#3877 = VECTOR('',#3878,1.);
#3878 = DIRECTION('',(0.,1.,0.));
#3879 = PLANE('',#3880);
#3880 = AXIS2_PLACEMENT_3D('',#3881,#3882,#3883);
#3881 = CARTESIAN_POINT('',(2.78,-5.4,8.46));
#3882 = DIRECTION('',(0.707106781187,-1.735167508357E-18,0.707106781187)
  );
#3883 = DIRECTION('',(1.226948711654E-18,1.,1.226948711654E-18));
#3884 = ADVANCED_FACE('',(#3885),#3910,.T.);
#3885 = FACE_BOUND('',#3886,.T.);
#3886 = EDGE_LOOP('',(#3887,#3895,#3896,#3904));
#3887 = ORIENTED_EDGE('',*,*,#3888,.F.);
#3888 = EDGE_CURVE('',#2353,#3889,#3891,.T.);
#3889 = VERTEX_POINT('',#3890);
#3890 = CARTESIAN_POINT('',(0.16,-5.24,8.54));
#3891 = LINE('',#3892,#3893);
#3892 = CARTESIAN_POINT('',(0.16,-5.24,8.54));
#3893 = VECTOR('',#3894,1.);
#3894 = DIRECTION('',(-0.57735026919,0.57735026919,0.57735026919));
#3895 = ORIENTED_EDGE('',*,*,#2369,.T.);
#3896 = ORIENTED_EDGE('',*,*,#3897,.T.);
#3897 = EDGE_CURVE('',#2362,#3898,#3900,.T.);
#3898 = VERTEX_POINT('',#3899);
#3899 = CARTESIAN_POINT('',(0.16,-4.92,8.54));
#3900 = LINE('',#3901,#3902);
#3901 = CARTESIAN_POINT('',(5.333333333333E-02,-5.026666666667,
    8.646666666667));
#3902 = VECTOR('',#3903,1.);
#3903 = DIRECTION('',(-0.57735026919,-0.57735026919,0.57735026919));
#3904 = ORIENTED_EDGE('',*,*,#3905,.F.);
#3905 = EDGE_CURVE('',#3889,#3898,#3906,.T.);
#3906 = LINE('',#3907,#3908);
#3907 = CARTESIAN_POINT('',(0.16,-5.4,8.54));
#3908 = VECTOR('',#3909,1.);
#3909 = DIRECTION('',(0.,1.,0.));
#3910 = PLANE('',#3911);
#3911 = AXIS2_PLACEMENT_3D('',#3912,#3913,#3914);
#3912 = CARTESIAN_POINT('',(0.24,-5.4,8.46));
#3913 = DIRECTION('',(0.707106781187,-1.735167508357E-18,0.707106781187)
  );
#3914 = DIRECTION('',(1.226948711654E-18,1.,1.226948711654E-18));
#3915 = ADVANCED_FACE('',(#3916),#3934,.T.);
#3916 = FACE_BOUND('',#3917,.F.);
#3917 = EDGE_LOOP('',(#3918,#3926,#3927,#3928));
#3918 = ORIENTED_EDGE('',*,*,#3919,.F.);
#3919 = EDGE_CURVE('',#2386,#3920,#3922,.T.);
#3920 = VERTEX_POINT('',#3921);
#3921 = CARTESIAN_POINT('',(-0.16,-4.92,8.54));
#3922 = LINE('',#3923,#3924);
#3923 = CARTESIAN_POINT('',(-0.16,-4.92,8.54));
#3924 = VECTOR('',#3925,1.);
#3925 = DIRECTION('',(0.57735026919,-0.57735026919,0.57735026919));
#3926 = ORIENTED_EDGE('',*,*,#2393,.T.);
#3927 = ORIENTED_EDGE('',*,*,#3897,.T.);
#3928 = ORIENTED_EDGE('',*,*,#3929,.F.);
#3929 = EDGE_CURVE('',#3920,#3898,#3930,.T.);
#3930 = LINE('',#3931,#3932);
#3931 = CARTESIAN_POINT('',(-0.32,-4.92,8.54));
#3932 = VECTOR('',#3933,1.);
#3933 = DIRECTION('',(1.,0.,0.));
#3934 = PLANE('',#3935);
#3935 = AXIS2_PLACEMENT_3D('',#3936,#3937,#3938);
#3936 = CARTESIAN_POINT('',(-0.32,-4.84,8.46));
#3937 = DIRECTION('',(1.735167508357E-18,0.707106781187,0.707106781187)
  );
#3938 = DIRECTION('',(-1.,1.226948711654E-18,1.226948711654E-18));
#3939 = ADVANCED_FACE('',(#3940),#3958,.F.);
#3940 = FACE_BOUND('',#3941,.F.);
#3941 = EDGE_LOOP('',(#3942,#3950,#3951,#3952));
#3942 = ORIENTED_EDGE('',*,*,#3943,.F.);
#3943 = EDGE_CURVE('',#2408,#3944,#3946,.T.);
#3944 = VERTEX_POINT('',#3945);
#3945 = CARTESIAN_POINT('',(-0.16,-5.24,8.54));
#3946 = LINE('',#3947,#3948);
#3947 = CARTESIAN_POINT('',(-0.266666666667,-5.346666666667,
    8.433333333333));
#3948 = VECTOR('',#3949,1.);
#3949 = DIRECTION('',(0.57735026919,0.57735026919,0.57735026919));
#3950 = ORIENTED_EDGE('',*,*,#2417,.T.);
#3951 = ORIENTED_EDGE('',*,*,#3919,.T.);
#3952 = ORIENTED_EDGE('',*,*,#3953,.F.);
#3953 = EDGE_CURVE('',#3944,#3920,#3954,.T.);
#3954 = LINE('',#3955,#3956);
#3955 = CARTESIAN_POINT('',(-0.16,-5.4,8.54));
#3956 = VECTOR('',#3957,1.);
#3957 = DIRECTION('',(0.,1.,0.));
#3958 = PLANE('',#3959);
#3959 = AXIS2_PLACEMENT_3D('',#3960,#3961,#3962);
#3960 = CARTESIAN_POINT('',(-0.24,-5.4,8.46));
#3961 = DIRECTION('',(0.707106781187,1.735167508357E-18,-0.707106781187)
  );
#3962 = DIRECTION('',(-1.226948711654E-18,1.,1.226948711654E-18));
#3963 = ADVANCED_FACE('',(#3964),#3975,.F.);
#3964 = FACE_BOUND('',#3965,.T.);
#3965 = EDGE_LOOP('',(#3966,#3967,#3968,#3969));
#3966 = ORIENTED_EDGE('',*,*,#3943,.F.);
#3967 = ORIENTED_EDGE('',*,*,#2434,.T.);
#3968 = ORIENTED_EDGE('',*,*,#3888,.T.);
#3969 = ORIENTED_EDGE('',*,*,#3970,.F.);
#3970 = EDGE_CURVE('',#3944,#3889,#3971,.T.);
#3971 = LINE('',#3972,#3973);
#3972 = CARTESIAN_POINT('',(-0.32,-5.24,8.54));
#3973 = VECTOR('',#3974,1.);
#3974 = DIRECTION('',(1.,0.,0.));
#3975 = PLANE('',#3976);
#3976 = AXIS2_PLACEMENT_3D('',#3977,#3978,#3979);
#3977 = CARTESIAN_POINT('',(-0.32,-5.32,8.46));
#3978 = DIRECTION('',(-1.735167508357E-18,0.707106781187,-0.707106781187
    ));
#3979 = DIRECTION('',(-1.,-1.226948711654E-18,1.226948711654E-18));
#3980 = ADVANCED_FACE('',(#3981),#4006,.T.);
#3981 = FACE_BOUND('',#3982,.F.);
#3982 = EDGE_LOOP('',(#3983,#3991,#3992,#4000));
#3983 = ORIENTED_EDGE('',*,*,#3984,.F.);
#3984 = EDGE_CURVE('',#2458,#3985,#3987,.T.);
#3985 = VERTEX_POINT('',#3986);
#3986 = CARTESIAN_POINT('',(-0.16,0.16,8.54));
#3987 = LINE('',#3988,#3989);
#3988 = CARTESIAN_POINT('',(-0.16,0.16,8.54));
#3989 = VECTOR('',#3990,1.);
#3990 = DIRECTION('',(0.57735026919,-0.57735026919,0.57735026919));
#3991 = ORIENTED_EDGE('',*,*,#2465,.T.);
#3992 = ORIENTED_EDGE('',*,*,#3993,.T.);
#3993 = EDGE_CURVE('',#2449,#3994,#3996,.T.);
#3994 = VERTEX_POINT('',#3995);
#3995 = CARTESIAN_POINT('',(0.16,0.16,8.54));
#3996 = LINE('',#3997,#3998);
#3997 = CARTESIAN_POINT('',(5.333333333333E-02,5.333333333333E-02,
    8.646666666667));
#3998 = VECTOR('',#3999,1.);
#3999 = DIRECTION('',(-0.57735026919,-0.57735026919,0.57735026919));
#4000 = ORIENTED_EDGE('',*,*,#4001,.F.);
#4001 = EDGE_CURVE('',#3985,#3994,#4002,.T.);
#4002 = LINE('',#4003,#4004);
#4003 = CARTESIAN_POINT('',(-0.32,0.16,8.54));
#4004 = VECTOR('',#4005,1.);
#4005 = DIRECTION('',(1.,0.,0.));
#4006 = PLANE('',#4007);
#4007 = AXIS2_PLACEMENT_3D('',#4008,#4009,#4010);
#4008 = CARTESIAN_POINT('',(-0.32,0.24,8.46));
#4009 = DIRECTION('',(1.735167508357E-18,0.707106781187,0.707106781187)
  );
#4010 = DIRECTION('',(-1.,1.226948711654E-18,1.226948711654E-18));
#4011 = ADVANCED_FACE('',(#4012),#4030,.F.);
#4012 = FACE_BOUND('',#4013,.F.);
#4013 = EDGE_LOOP('',(#4014,#4022,#4023,#4024));
#4014 = ORIENTED_EDGE('',*,*,#4015,.F.);
#4015 = EDGE_CURVE('',#2480,#4016,#4018,.T.);
#4016 = VERTEX_POINT('',#4017);
#4017 = CARTESIAN_POINT('',(-0.16,-0.16,8.54));
#4018 = LINE('',#4019,#4020);
#4019 = CARTESIAN_POINT('',(-0.266666666667,-0.266666666667,
    8.433333333333));
#4020 = VECTOR('',#4021,1.);
#4021 = DIRECTION('',(0.57735026919,0.57735026919,0.57735026919));
#4022 = ORIENTED_EDGE('',*,*,#2489,.T.);
#4023 = ORIENTED_EDGE('',*,*,#3984,.T.);
#4024 = ORIENTED_EDGE('',*,*,#4025,.F.);
#4025 = EDGE_CURVE('',#4016,#3985,#4026,.T.);
#4026 = LINE('',#4027,#4028);
#4027 = CARTESIAN_POINT('',(-0.16,-0.32,8.54));
#4028 = VECTOR('',#4029,1.);
#4029 = DIRECTION('',(0.,1.,0.));
#4030 = PLANE('',#4031);
#4031 = AXIS2_PLACEMENT_3D('',#4032,#4033,#4034);
#4032 = CARTESIAN_POINT('',(-0.24,-0.32,8.46));
#4033 = DIRECTION('',(0.707106781187,1.735167508357E-18,-0.707106781187)
  );
#4034 = DIRECTION('',(-1.226948711654E-18,1.,1.226948711654E-18));
#4035 = ADVANCED_FACE('',(#4036),#4054,.F.);
#4036 = FACE_BOUND('',#4037,.T.);
#4037 = EDGE_LOOP('',(#4038,#4039,#4040,#4048));
#4038 = ORIENTED_EDGE('',*,*,#4015,.F.);
#4039 = ORIENTED_EDGE('',*,*,#2513,.T.);
#4040 = ORIENTED_EDGE('',*,*,#4041,.T.);
#4041 = EDGE_CURVE('',#2504,#4042,#4044,.T.);
#4042 = VERTEX_POINT('',#4043);
#4043 = CARTESIAN_POINT('',(0.16,-0.16,8.54));
#4044 = LINE('',#4045,#4046);
#4045 = CARTESIAN_POINT('',(0.16,-0.16,8.54));
#4046 = VECTOR('',#4047,1.);
#4047 = DIRECTION('',(-0.57735026919,0.57735026919,0.57735026919));
#4048 = ORIENTED_EDGE('',*,*,#4049,.F.);
#4049 = EDGE_CURVE('',#4016,#4042,#4050,.T.);
#4050 = LINE('',#4051,#4052);
#4051 = CARTESIAN_POINT('',(-0.32,-0.16,8.54));
#4052 = VECTOR('',#4053,1.);
#4053 = DIRECTION('',(1.,0.,0.));
#4054 = PLANE('',#4055);
#4055 = AXIS2_PLACEMENT_3D('',#4056,#4057,#4058);
#4056 = CARTESIAN_POINT('',(-0.32,-0.24,8.46));
#4057 = DIRECTION('',(-1.735167508357E-18,0.707106781187,-0.707106781187
    ));
#4058 = DIRECTION('',(-1.,-1.226948711654E-18,1.226948711654E-18));
#4059 = ADVANCED_FACE('',(#4060),#4071,.T.);
#4060 = FACE_BOUND('',#4061,.T.);
#4061 = EDGE_LOOP('',(#4062,#4063,#4064,#4065));
#4062 = ORIENTED_EDGE('',*,*,#4041,.F.);
#4063 = ORIENTED_EDGE('',*,*,#2530,.T.);
#4064 = ORIENTED_EDGE('',*,*,#3993,.T.);
#4065 = ORIENTED_EDGE('',*,*,#4066,.F.);
#4066 = EDGE_CURVE('',#4042,#3994,#4067,.T.);
#4067 = LINE('',#4068,#4069);
#4068 = CARTESIAN_POINT('',(0.16,-0.32,8.54));
#4069 = VECTOR('',#4070,1.);
#4070 = DIRECTION('',(0.,1.,0.));
#4071 = PLANE('',#4072);
#4072 = AXIS2_PLACEMENT_3D('',#4073,#4074,#4075);
#4073 = CARTESIAN_POINT('',(0.24,-0.32,8.46));
#4074 = DIRECTION('',(0.707106781187,-1.735167508357E-18,0.707106781187)
  );
#4075 = DIRECTION('',(1.226948711654E-18,1.,1.226948711654E-18));
#4076 = ADVANCED_FACE('',(#4077),#4102,.T.);
#4077 = FACE_BOUND('',#4078,.T.);
#4078 = EDGE_LOOP('',(#4079,#4087,#4088,#4096));
#4079 = ORIENTED_EDGE('',*,*,#4080,.F.);
#4080 = EDGE_CURVE('',#2545,#4081,#4083,.T.);
#4081 = VERTEX_POINT('',#4082);
#4082 = CARTESIAN_POINT('',(0.16,-2.7,8.54));
#4083 = LINE('',#4084,#4085);
#4084 = CARTESIAN_POINT('',(0.16,-2.7,8.54));
#4085 = VECTOR('',#4086,1.);
#4086 = DIRECTION('',(-0.57735026919,0.57735026919,0.57735026919));
#4087 = ORIENTED_EDGE('',*,*,#2561,.T.);
#4088 = ORIENTED_EDGE('',*,*,#4089,.T.);
#4089 = EDGE_CURVE('',#2554,#4090,#4092,.T.);
#4090 = VERTEX_POINT('',#4091);
#4091 = CARTESIAN_POINT('',(0.16,-2.38,8.54));
#4092 = LINE('',#4093,#4094);
#4093 = CARTESIAN_POINT('',(5.333333333333E-02,-2.486666666667,
    8.646666666667));
#4094 = VECTOR('',#4095,1.);
#4095 = DIRECTION('',(-0.57735026919,-0.57735026919,0.57735026919));
#4096 = ORIENTED_EDGE('',*,*,#4097,.F.);
#4097 = EDGE_CURVE('',#4081,#4090,#4098,.T.);
#4098 = LINE('',#4099,#4100);
#4099 = CARTESIAN_POINT('',(0.16,-2.86,8.54));
#4100 = VECTOR('',#4101,1.);
#4101 = DIRECTION('',(0.,1.,0.));
#4102 = PLANE('',#4103);
#4103 = AXIS2_PLACEMENT_3D('',#4104,#4105,#4106);
#4104 = CARTESIAN_POINT('',(0.24,-2.86,8.46));
#4105 = DIRECTION('',(0.707106781187,-1.735167508357E-18,0.707106781187)
  );
#4106 = DIRECTION('',(1.226948711654E-18,1.,1.226948711654E-18));
#4107 = ADVANCED_FACE('',(#4108),#4126,.T.);
#4108 = FACE_BOUND('',#4109,.F.);
#4109 = EDGE_LOOP('',(#4110,#4118,#4119,#4120));
#4110 = ORIENTED_EDGE('',*,*,#4111,.F.);
#4111 = EDGE_CURVE('',#2578,#4112,#4114,.T.);
#4112 = VERTEX_POINT('',#4113);
#4113 = CARTESIAN_POINT('',(-0.16,-2.38,8.54));
#4114 = LINE('',#4115,#4116);
#4115 = CARTESIAN_POINT('',(-0.16,-2.38,8.54));
#4116 = VECTOR('',#4117,1.);
#4117 = DIRECTION('',(0.57735026919,-0.57735026919,0.57735026919));
#4118 = ORIENTED_EDGE('',*,*,#2585,.T.);
#4119 = ORIENTED_EDGE('',*,*,#4089,.T.);
#4120 = ORIENTED_EDGE('',*,*,#4121,.F.);
#4121 = EDGE_CURVE('',#4112,#4090,#4122,.T.);
#4122 = LINE('',#4123,#4124);
#4123 = CARTESIAN_POINT('',(-0.32,-2.38,8.54));
#4124 = VECTOR('',#4125,1.);
#4125 = DIRECTION('',(1.,0.,0.));
#4126 = PLANE('',#4127);
#4127 = AXIS2_PLACEMENT_3D('',#4128,#4129,#4130);
#4128 = CARTESIAN_POINT('',(-0.32,-2.3,8.46));
#4129 = DIRECTION('',(1.735167508357E-18,0.707106781187,0.707106781187)
  );
#4130 = DIRECTION('',(-1.,1.226948711654E-18,1.226948711654E-18));
#4131 = ADVANCED_FACE('',(#4132),#4150,.F.);
#4132 = FACE_BOUND('',#4133,.F.);
#4133 = EDGE_LOOP('',(#4134,#4142,#4143,#4144));
#4134 = ORIENTED_EDGE('',*,*,#4135,.F.);
#4135 = EDGE_CURVE('',#2600,#4136,#4138,.T.);
#4136 = VERTEX_POINT('',#4137);
#4137 = CARTESIAN_POINT('',(-0.16,-2.7,8.54));
#4138 = LINE('',#4139,#4140);
#4139 = CARTESIAN_POINT('',(-0.266666666667,-2.806666666667,
    8.433333333333));
#4140 = VECTOR('',#4141,1.);
#4141 = DIRECTION('',(0.57735026919,0.57735026919,0.57735026919));
#4142 = ORIENTED_EDGE('',*,*,#2609,.T.);
#4143 = ORIENTED_EDGE('',*,*,#4111,.T.);
#4144 = ORIENTED_EDGE('',*,*,#4145,.F.);
#4145 = EDGE_CURVE('',#4136,#4112,#4146,.T.);
#4146 = LINE('',#4147,#4148);
#4147 = CARTESIAN_POINT('',(-0.16,-2.86,8.54));
#4148 = VECTOR('',#4149,1.);
#4149 = DIRECTION('',(0.,1.,0.));
#4150 = PLANE('',#4151);
#4151 = AXIS2_PLACEMENT_3D('',#4152,#4153,#4154);
#4152 = CARTESIAN_POINT('',(-0.24,-2.86,8.46));
#4153 = DIRECTION('',(0.707106781187,1.735167508357E-18,-0.707106781187)
  );
#4154 = DIRECTION('',(-1.226948711654E-18,1.,1.226948711654E-18));
#4155 = ADVANCED_FACE('',(#4156),#4167,.F.);
#4156 = FACE_BOUND('',#4157,.T.);
#4157 = EDGE_LOOP('',(#4158,#4159,#4160,#4161));
#4158 = ORIENTED_EDGE('',*,*,#4135,.F.);
#4159 = ORIENTED_EDGE('',*,*,#2626,.T.);
#4160 = ORIENTED_EDGE('',*,*,#4080,.T.);
#4161 = ORIENTED_EDGE('',*,*,#4162,.F.);
#4162 = EDGE_CURVE('',#4136,#4081,#4163,.T.);
#4163 = LINE('',#4164,#4165);
#4164 = CARTESIAN_POINT('',(-0.32,-2.7,8.54));
#4165 = VECTOR('',#4166,1.);
#4166 = DIRECTION('',(1.,0.,0.));
#4167 = PLANE('',#4168);
#4168 = AXIS2_PLACEMENT_3D('',#4169,#4170,#4171);
#4169 = CARTESIAN_POINT('',(-0.32,-2.78,8.46));
#4170 = DIRECTION('',(-1.735167508357E-18,0.707106781187,-0.707106781187
    ));
#4171 = DIRECTION('',(-1.,-1.226948711654E-18,1.226948711654E-18));
#4172 = ADVANCED_FACE('',(#4173),#4198,.T.);
#4173 = FACE_BOUND('',#4174,.F.);
#4174 = EDGE_LOOP('',(#4175,#4183,#4184,#4192));
#4175 = ORIENTED_EDGE('',*,*,#4176,.F.);
#4176 = EDGE_CURVE('',#2650,#4177,#4179,.T.);
#4177 = VERTEX_POINT('',#4178);
#4178 = CARTESIAN_POINT('',(2.38,0.16,8.54));
#4179 = LINE('',#4180,#4181);
#4180 = CARTESIAN_POINT('',(2.38,0.16,8.54));
#4181 = VECTOR('',#4182,1.);
#4182 = DIRECTION('',(0.57735026919,-0.57735026919,0.57735026919));
#4183 = ORIENTED_EDGE('',*,*,#2657,.T.);
#4184 = ORIENTED_EDGE('',*,*,#4185,.T.);
#4185 = EDGE_CURVE('',#2641,#4186,#4188,.T.);
#4186 = VERTEX_POINT('',#4187);
#4187 = CARTESIAN_POINT('',(2.7,0.16,8.54));
#4188 = LINE('',#4189,#4190);
#4189 = CARTESIAN_POINT('',(2.593333333333,5.333333333333E-02,
    8.646666666667));
#4190 = VECTOR('',#4191,1.);
#4191 = DIRECTION('',(-0.57735026919,-0.57735026919,0.57735026919));
#4192 = ORIENTED_EDGE('',*,*,#4193,.F.);
#4193 = EDGE_CURVE('',#4177,#4186,#4194,.T.);
#4194 = LINE('',#4195,#4196);
#4195 = CARTESIAN_POINT('',(2.22,0.16,8.54));
#4196 = VECTOR('',#4197,1.);
#4197 = DIRECTION('',(1.,0.,0.));
#4198 = PLANE('',#4199);
#4199 = AXIS2_PLACEMENT_3D('',#4200,#4201,#4202);
#4200 = CARTESIAN_POINT('',(2.22,0.24,8.46));
#4201 = DIRECTION('',(1.735167508357E-18,0.707106781187,0.707106781187)
  );
#4202 = DIRECTION('',(-1.,1.226948711654E-18,1.226948711654E-18));
#4203 = ADVANCED_FACE('',(#4204),#4222,.F.);
#4204 = FACE_BOUND('',#4205,.F.);
#4205 = EDGE_LOOP('',(#4206,#4214,#4215,#4216));
#4206 = ORIENTED_EDGE('',*,*,#4207,.F.);
#4207 = EDGE_CURVE('',#2672,#4208,#4210,.T.);
#4208 = VERTEX_POINT('',#4209);
#4209 = CARTESIAN_POINT('',(2.38,-0.16,8.54));
#4210 = LINE('',#4211,#4212);
#4211 = CARTESIAN_POINT('',(2.273333333333,-0.266666666667,
    8.433333333333));
#4212 = VECTOR('',#4213,1.);
#4213 = DIRECTION('',(0.57735026919,0.57735026919,0.57735026919));
#4214 = ORIENTED_EDGE('',*,*,#2681,.T.);
#4215 = ORIENTED_EDGE('',*,*,#4176,.T.);
#4216 = ORIENTED_EDGE('',*,*,#4217,.F.);
#4217 = EDGE_CURVE('',#4208,#4177,#4218,.T.);
#4218 = LINE('',#4219,#4220);
#4219 = CARTESIAN_POINT('',(2.38,-0.32,8.54));
#4220 = VECTOR('',#4221,1.);
#4221 = DIRECTION('',(0.,1.,0.));
#4222 = PLANE('',#4223);
#4223 = AXIS2_PLACEMENT_3D('',#4224,#4225,#4226);
#4224 = CARTESIAN_POINT('',(2.3,-0.32,8.46));
#4225 = DIRECTION('',(0.707106781187,1.735167508357E-18,-0.707106781187)
  );
#4226 = DIRECTION('',(-1.226948711654E-18,1.,1.226948711654E-18));
#4227 = ADVANCED_FACE('',(#4228),#4246,.F.);
#4228 = FACE_BOUND('',#4229,.T.);
#4229 = EDGE_LOOP('',(#4230,#4231,#4232,#4240));
#4230 = ORIENTED_EDGE('',*,*,#4207,.F.);
#4231 = ORIENTED_EDGE('',*,*,#2705,.T.);
#4232 = ORIENTED_EDGE('',*,*,#4233,.T.);
#4233 = EDGE_CURVE('',#2696,#4234,#4236,.T.);
#4234 = VERTEX_POINT('',#4235);
#4235 = CARTESIAN_POINT('',(2.7,-0.16,8.54));
#4236 = LINE('',#4237,#4238);
#4237 = CARTESIAN_POINT('',(2.7,-0.16,8.54));
#4238 = VECTOR('',#4239,1.);
#4239 = DIRECTION('',(-0.57735026919,0.57735026919,0.57735026919));
#4240 = ORIENTED_EDGE('',*,*,#4241,.F.);
#4241 = EDGE_CURVE('',#4208,#4234,#4242,.T.);
#4242 = LINE('',#4243,#4244);
#4243 = CARTESIAN_POINT('',(2.22,-0.16,8.54));
#4244 = VECTOR('',#4245,1.);
#4245 = DIRECTION('',(1.,0.,0.));
#4246 = PLANE('',#4247);
#4247 = AXIS2_PLACEMENT_3D('',#4248,#4249,#4250);
#4248 = CARTESIAN_POINT('',(2.22,-0.24,8.46));
#4249 = DIRECTION('',(-1.735167508357E-18,0.707106781187,-0.707106781187
    ));
#4250 = DIRECTION('',(-1.,-1.226948711654E-18,1.226948711654E-18));
#4251 = ADVANCED_FACE('',(#4252),#4263,.T.);
#4252 = FACE_BOUND('',#4253,.T.);
#4253 = EDGE_LOOP('',(#4254,#4255,#4256,#4257));
#4254 = ORIENTED_EDGE('',*,*,#4233,.F.);
#4255 = ORIENTED_EDGE('',*,*,#2722,.T.);
#4256 = ORIENTED_EDGE('',*,*,#4185,.T.);
#4257 = ORIENTED_EDGE('',*,*,#4258,.F.);
#4258 = EDGE_CURVE('',#4234,#4186,#4259,.T.);
#4259 = LINE('',#4260,#4261);
#4260 = CARTESIAN_POINT('',(2.7,-0.32,8.54));
#4261 = VECTOR('',#4262,1.);
#4262 = DIRECTION('',(0.,1.,0.));
#4263 = PLANE('',#4264);
#4264 = AXIS2_PLACEMENT_3D('',#4265,#4266,#4267);
#4265 = CARTESIAN_POINT('',(2.78,-0.32,8.46));
#4266 = DIRECTION('',(0.707106781187,-1.735167508357E-18,0.707106781187)
  );
#4267 = DIRECTION('',(1.226948711654E-18,1.,1.226948711654E-18));
#4268 = ADVANCED_FACE('',(#4269),#4294,.T.);
#4269 = FACE_BOUND('',#4270,.F.);
#4270 = EDGE_LOOP('',(#4271,#4279,#4280,#4288));
#4271 = ORIENTED_EDGE('',*,*,#4272,.F.);
#4272 = EDGE_CURVE('',#2746,#4273,#4275,.T.);
#4273 = VERTEX_POINT('',#4274);
#4274 = CARTESIAN_POINT('',(2.38,-2.38,8.54));
#4275 = LINE('',#4276,#4277);
#4276 = CARTESIAN_POINT('',(2.38,-2.38,8.54));
#4277 = VECTOR('',#4278,1.);
#4278 = DIRECTION('',(0.57735026919,-0.57735026919,0.57735026919));
#4279 = ORIENTED_EDGE('',*,*,#2753,.T.);
#4280 = ORIENTED_EDGE('',*,*,#4281,.T.);
#4281 = EDGE_CURVE('',#2737,#4282,#4284,.T.);
#4282 = VERTEX_POINT('',#4283);
#4283 = CARTESIAN_POINT('',(2.7,-2.38,8.54));
#4284 = LINE('',#4285,#4286);
#4285 = CARTESIAN_POINT('',(2.593333333333,-2.486666666667,
    8.646666666667));
#4286 = VECTOR('',#4287,1.);
#4287 = DIRECTION('',(-0.57735026919,-0.57735026919,0.57735026919));
#4288 = ORIENTED_EDGE('',*,*,#4289,.F.);
#4289 = EDGE_CURVE('',#4273,#4282,#4290,.T.);
#4290 = LINE('',#4291,#4292);
#4291 = CARTESIAN_POINT('',(2.22,-2.38,8.54));
#4292 = VECTOR('',#4293,1.);
#4293 = DIRECTION('',(1.,0.,0.));
#4294 = PLANE('',#4295);
#4295 = AXIS2_PLACEMENT_3D('',#4296,#4297,#4298);
#4296 = CARTESIAN_POINT('',(2.22,-2.3,8.46));
#4297 = DIRECTION('',(1.735167508357E-18,0.707106781187,0.707106781187)
  );
#4298 = DIRECTION('',(-1.,1.226948711654E-18,1.226948711654E-18));
#4299 = ADVANCED_FACE('',(#4300),#4318,.F.);
#4300 = FACE_BOUND('',#4301,.F.);
#4301 = EDGE_LOOP('',(#4302,#4310,#4311,#4312));
#4302 = ORIENTED_EDGE('',*,*,#4303,.F.);
#4303 = EDGE_CURVE('',#2768,#4304,#4306,.T.);
#4304 = VERTEX_POINT('',#4305);
#4305 = CARTESIAN_POINT('',(2.38,-2.7,8.54));
#4306 = LINE('',#4307,#4308);
#4307 = CARTESIAN_POINT('',(2.273333333333,-2.806666666667,
    8.433333333333));
#4308 = VECTOR('',#4309,1.);
#4309 = DIRECTION('',(0.57735026919,0.57735026919,0.57735026919));
#4310 = ORIENTED_EDGE('',*,*,#2777,.T.);
#4311 = ORIENTED_EDGE('',*,*,#4272,.T.);
#4312 = ORIENTED_EDGE('',*,*,#4313,.F.);
#4313 = EDGE_CURVE('',#4304,#4273,#4314,.T.);
#4314 = LINE('',#4315,#4316);
#4315 = CARTESIAN_POINT('',(2.38,-2.86,8.54));
#4316 = VECTOR('',#4317,1.);
#4317 = DIRECTION('',(0.,1.,0.));
#4318 = PLANE('',#4319);
#4319 = AXIS2_PLACEMENT_3D('',#4320,#4321,#4322);
#4320 = CARTESIAN_POINT('',(2.3,-2.86,8.46));
#4321 = DIRECTION('',(0.707106781187,1.735167508357E-18,-0.707106781187)
  );
#4322 = DIRECTION('',(-1.226948711654E-18,1.,1.226948711654E-18));
#4323 = ADVANCED_FACE('',(#4324),#4342,.F.);
#4324 = FACE_BOUND('',#4325,.T.);
#4325 = EDGE_LOOP('',(#4326,#4327,#4328,#4336));
#4326 = ORIENTED_EDGE('',*,*,#4303,.F.);
#4327 = ORIENTED_EDGE('',*,*,#2801,.T.);
#4328 = ORIENTED_EDGE('',*,*,#4329,.T.);
#4329 = EDGE_CURVE('',#2792,#4330,#4332,.T.);
#4330 = VERTEX_POINT('',#4331);
#4331 = CARTESIAN_POINT('',(2.7,-2.7,8.54));
#4332 = LINE('',#4333,#4334);
#4333 = CARTESIAN_POINT('',(2.7,-2.7,8.54));
#4334 = VECTOR('',#4335,1.);
#4335 = DIRECTION('',(-0.57735026919,0.57735026919,0.57735026919));
#4336 = ORIENTED_EDGE('',*,*,#4337,.F.);
#4337 = EDGE_CURVE('',#4304,#4330,#4338,.T.);
#4338 = LINE('',#4339,#4340);
#4339 = CARTESIAN_POINT('',(2.22,-2.7,8.54));
#4340 = VECTOR('',#4341,1.);
#4341 = DIRECTION('',(1.,0.,0.));
#4342 = PLANE('',#4343);
#4343 = AXIS2_PLACEMENT_3D('',#4344,#4345,#4346);
#4344 = CARTESIAN_POINT('',(2.22,-2.78,8.46));
#4345 = DIRECTION('',(-1.735167508357E-18,0.707106781187,-0.707106781187
    ));
#4346 = DIRECTION('',(-1.,-1.226948711654E-18,1.226948711654E-18));
#4347 = ADVANCED_FACE('',(#4348),#4359,.T.);
#4348 = FACE_BOUND('',#4349,.T.);
#4349 = EDGE_LOOP('',(#4350,#4351,#4352,#4353));
#4350 = ORIENTED_EDGE('',*,*,#4329,.F.);
#4351 = ORIENTED_EDGE('',*,*,#2818,.T.);
#4352 = ORIENTED_EDGE('',*,*,#4281,.T.);
#4353 = ORIENTED_EDGE('',*,*,#4354,.F.);
#4354 = EDGE_CURVE('',#4330,#4282,#4355,.T.);
#4355 = LINE('',#4356,#4357);
#4356 = CARTESIAN_POINT('',(2.7,-2.86,8.54));
#4357 = VECTOR('',#4358,1.);
#4358 = DIRECTION('',(0.,1.,0.));
#4359 = PLANE('',#4360);
#4360 = AXIS2_PLACEMENT_3D('',#4361,#4362,#4363);
#4361 = CARTESIAN_POINT('',(2.78,-2.86,8.46));
#4362 = DIRECTION('',(0.707106781187,-1.735167508357E-18,0.707106781187)
  );
#4363 = DIRECTION('',(1.226948711654E-18,1.,1.226948711654E-18));
#4364 = ADVANCED_FACE('',(#4365),#4390,.F.);
#4365 = FACE_BOUND('',#4366,.T.);
#4366 = EDGE_LOOP('',(#4367,#4375,#4376,#4384));
#4367 = ORIENTED_EDGE('',*,*,#4368,.F.);
#4368 = EDGE_CURVE('',#2842,#4369,#4371,.T.);
#4369 = VERTEX_POINT('',#4370);
#4370 = CARTESIAN_POINT('',(-0.16,-7.78,8.54));
#4371 = LINE('',#4372,#4373);
#4372 = CARTESIAN_POINT('',(-0.266666666667,-7.886666666667,
    8.433333333333));
#4373 = VECTOR('',#4374,1.);
#4374 = DIRECTION('',(0.57735026919,0.57735026919,0.57735026919));
#4375 = ORIENTED_EDGE('',*,*,#2849,.T.);
#4376 = ORIENTED_EDGE('',*,*,#4377,.T.);
#4377 = EDGE_CURVE('',#2833,#4378,#4380,.T.);
#4378 = VERTEX_POINT('',#4379);
#4379 = CARTESIAN_POINT('',(0.16,-7.78,8.54));
#4380 = LINE('',#4381,#4382);
#4381 = CARTESIAN_POINT('',(0.16,-7.78,8.54));
#4382 = VECTOR('',#4383,1.);
#4383 = DIRECTION('',(-0.57735026919,0.57735026919,0.57735026919));
#4384 = ORIENTED_EDGE('',*,*,#4385,.F.);
#4385 = EDGE_CURVE('',#4369,#4378,#4386,.T.);
#4386 = LINE('',#4387,#4388);
#4387 = CARTESIAN_POINT('',(-0.32,-7.78,8.54));
#4388 = VECTOR('',#4389,1.);
#4389 = DIRECTION('',(1.,0.,0.));
#4390 = PLANE('',#4391);
#4391 = AXIS2_PLACEMENT_3D('',#4392,#4393,#4394);
#4392 = CARTESIAN_POINT('',(-0.32,-7.86,8.46));
#4393 = DIRECTION('',(-1.735167508357E-18,0.707106781187,-0.707106781187
    ));
#4394 = DIRECTION('',(-1.,-1.226948711654E-18,1.226948711654E-18));
#4395 = ADVANCED_FACE('',(#4396),#4414,.T.);
#4396 = FACE_BOUND('',#4397,.T.);
#4397 = EDGE_LOOP('',(#4398,#4399,#4400,#4408));
#4398 = ORIENTED_EDGE('',*,*,#4377,.F.);
#4399 = ORIENTED_EDGE('',*,*,#2873,.T.);
#4400 = ORIENTED_EDGE('',*,*,#4401,.T.);
#4401 = EDGE_CURVE('',#2866,#4402,#4404,.T.);
#4402 = VERTEX_POINT('',#4403);
#4403 = CARTESIAN_POINT('',(0.16,-7.46,8.54));
#4404 = LINE('',#4405,#4406);
#4405 = CARTESIAN_POINT('',(5.333333333333E-02,-7.566666666667,
    8.646666666667));
#4406 = VECTOR('',#4407,1.);
#4407 = DIRECTION('',(-0.57735026919,-0.57735026919,0.57735026919));
#4408 = ORIENTED_EDGE('',*,*,#4409,.F.);
#4409 = EDGE_CURVE('',#4378,#4402,#4410,.T.);
#4410 = LINE('',#4411,#4412);
#4411 = CARTESIAN_POINT('',(0.16,-7.94,8.54));
#4412 = VECTOR('',#4413,1.);
#4413 = DIRECTION('',(0.,1.,0.));
#4414 = PLANE('',#4415);
#4415 = AXIS2_PLACEMENT_3D('',#4416,#4417,#4418);
#4416 = CARTESIAN_POINT('',(0.24,-7.94,8.46));
#4417 = DIRECTION('',(0.707106781187,-1.735167508357E-18,0.707106781187)
  );
#4418 = DIRECTION('',(1.226948711654E-18,1.,1.226948711654E-18));
#4419 = ADVANCED_FACE('',(#4420),#4438,.T.);
#4420 = FACE_BOUND('',#4421,.F.);
#4421 = EDGE_LOOP('',(#4422,#4430,#4431,#4432));
#4422 = ORIENTED_EDGE('',*,*,#4423,.F.);
#4423 = EDGE_CURVE('',#2890,#4424,#4426,.T.);
#4424 = VERTEX_POINT('',#4425);
#4425 = CARTESIAN_POINT('',(-0.16,-7.46,8.54));
#4426 = LINE('',#4427,#4428);
#4427 = CARTESIAN_POINT('',(-0.16,-7.46,8.54));
#4428 = VECTOR('',#4429,1.);
#4429 = DIRECTION('',(0.57735026919,-0.57735026919,0.57735026919));
#4430 = ORIENTED_EDGE('',*,*,#2897,.T.);
#4431 = ORIENTED_EDGE('',*,*,#4401,.T.);
#4432 = ORIENTED_EDGE('',*,*,#4433,.F.);
#4433 = EDGE_CURVE('',#4424,#4402,#4434,.T.);
#4434 = LINE('',#4435,#4436);
#4435 = CARTESIAN_POINT('',(-0.32,-7.46,8.54));
#4436 = VECTOR('',#4437,1.);
#4437 = DIRECTION('',(1.,0.,0.));
#4438 = PLANE('',#4439);
#4439 = AXIS2_PLACEMENT_3D('',#4440,#4441,#4442);
#4440 = CARTESIAN_POINT('',(-0.32,-7.38,8.46));
#4441 = DIRECTION('',(1.735167508357E-18,0.707106781187,0.707106781187)
  );
#4442 = DIRECTION('',(-1.,1.226948711654E-18,1.226948711654E-18));
#4443 = ADVANCED_FACE('',(#4444),#4455,.F.);
#4444 = FACE_BOUND('',#4445,.F.);
#4445 = EDGE_LOOP('',(#4446,#4447,#4448,#4449));
#4446 = ORIENTED_EDGE('',*,*,#4368,.F.);
#4447 = ORIENTED_EDGE('',*,*,#2914,.T.);
#4448 = ORIENTED_EDGE('',*,*,#4423,.T.);
#4449 = ORIENTED_EDGE('',*,*,#4450,.F.);
#4450 = EDGE_CURVE('',#4369,#4424,#4451,.T.);
#4451 = LINE('',#4452,#4453);
#4452 = CARTESIAN_POINT('',(-0.16,-7.94,8.54));
#4453 = VECTOR('',#4454,1.);
#4454 = DIRECTION('',(0.,1.,0.));
#4455 = PLANE('',#4456);
#4456 = AXIS2_PLACEMENT_3D('',#4457,#4458,#4459);
#4457 = CARTESIAN_POINT('',(-0.24,-7.94,8.46));
#4458 = DIRECTION('',(0.707106781187,1.735167508357E-18,-0.707106781187)
  );
#4459 = DIRECTION('',(-1.226948711654E-18,1.,1.226948711654E-18));
#4460 = ADVANCED_FACE('',(#4461),#4486,.T.);
#4461 = FACE_BOUND('',#4462,.F.);
#4462 = EDGE_LOOP('',(#4463,#4471,#4472,#4480));
#4463 = ORIENTED_EDGE('',*,*,#4464,.F.);
#4464 = EDGE_CURVE('',#2938,#4465,#4467,.T.);
#4465 = VERTEX_POINT('',#4466);
#4466 = CARTESIAN_POINT('',(2.38,-7.46,8.54));
#4467 = LINE('',#4468,#4469);
#4468 = CARTESIAN_POINT('',(2.38,-7.46,8.54));
#4469 = VECTOR('',#4470,1.);
#4470 = DIRECTION('',(0.57735026919,-0.57735026919,0.57735026919));
#4471 = ORIENTED_EDGE('',*,*,#2945,.T.);
#4472 = ORIENTED_EDGE('',*,*,#4473,.T.);
#4473 = EDGE_CURVE('',#2929,#4474,#4476,.T.);
#4474 = VERTEX_POINT('',#4475);
#4475 = CARTESIAN_POINT('',(2.7,-7.46,8.54));
#4476 = LINE('',#4477,#4478);
#4477 = CARTESIAN_POINT('',(2.593333333333,-7.566666666667,
    8.646666666667));
#4478 = VECTOR('',#4479,1.);
#4479 = DIRECTION('',(-0.57735026919,-0.57735026919,0.57735026919));
#4480 = ORIENTED_EDGE('',*,*,#4481,.F.);
#4481 = EDGE_CURVE('',#4465,#4474,#4482,.T.);
#4482 = LINE('',#4483,#4484);
#4483 = CARTESIAN_POINT('',(2.22,-7.46,8.54));
#4484 = VECTOR('',#4485,1.);
#4485 = DIRECTION('',(1.,0.,0.));
#4486 = PLANE('',#4487);
#4487 = AXIS2_PLACEMENT_3D('',#4488,#4489,#4490);
#4488 = CARTESIAN_POINT('',(2.22,-7.38,8.46));
#4489 = DIRECTION('',(1.735167508357E-18,0.707106781187,0.707106781187)
  );
#4490 = DIRECTION('',(-1.,1.226948711654E-18,1.226948711654E-18));
#4491 = ADVANCED_FACE('',(#4492),#4510,.F.);
#4492 = FACE_BOUND('',#4493,.F.);
#4493 = EDGE_LOOP('',(#4494,#4502,#4503,#4504));
#4494 = ORIENTED_EDGE('',*,*,#4495,.F.);
#4495 = EDGE_CURVE('',#2960,#4496,#4498,.T.);
#4496 = VERTEX_POINT('',#4497);
#4497 = CARTESIAN_POINT('',(2.38,-7.78,8.54));
#4498 = LINE('',#4499,#4500);
#4499 = CARTESIAN_POINT('',(2.273333333333,-7.886666666667,
    8.433333333333));
#4500 = VECTOR('',#4501,1.);
#4501 = DIRECTION('',(0.57735026919,0.57735026919,0.57735026919));
#4502 = ORIENTED_EDGE('',*,*,#2969,.T.);
#4503 = ORIENTED_EDGE('',*,*,#4464,.T.);
#4504 = ORIENTED_EDGE('',*,*,#4505,.F.);
#4505 = EDGE_CURVE('',#4496,#4465,#4506,.T.);
#4506 = LINE('',#4507,#4508);
#4507 = CARTESIAN_POINT('',(2.38,-7.94,8.54));
#4508 = VECTOR('',#4509,1.);
#4509 = DIRECTION('',(0.,1.,0.));
#4510 = PLANE('',#4511);
#4511 = AXIS2_PLACEMENT_3D('',#4512,#4513,#4514);
#4512 = CARTESIAN_POINT('',(2.3,-7.94,8.46));
#4513 = DIRECTION('',(0.707106781187,1.735167508357E-18,-0.707106781187)
  );
#4514 = DIRECTION('',(-1.226948711654E-18,1.,1.226948711654E-18));
#4515 = ADVANCED_FACE('',(#4516),#4534,.F.);
#4516 = FACE_BOUND('',#4517,.T.);
#4517 = EDGE_LOOP('',(#4518,#4519,#4520,#4528));
#4518 = ORIENTED_EDGE('',*,*,#4495,.F.);
#4519 = ORIENTED_EDGE('',*,*,#2993,.T.);
#4520 = ORIENTED_EDGE('',*,*,#4521,.T.);
#4521 = EDGE_CURVE('',#2984,#4522,#4524,.T.);
#4522 = VERTEX_POINT('',#4523);
#4523 = CARTESIAN_POINT('',(2.7,-7.78,8.54));
#4524 = LINE('',#4525,#4526);
#4525 = CARTESIAN_POINT('',(2.7,-7.78,8.54));
#4526 = VECTOR('',#4527,1.);
#4527 = DIRECTION('',(-0.57735026919,0.57735026919,0.57735026919));
#4528 = ORIENTED_EDGE('',*,*,#4529,.F.);
#4529 = EDGE_CURVE('',#4496,#4522,#4530,.T.);
#4530 = LINE('',#4531,#4532);
#4531 = CARTESIAN_POINT('',(2.22,-7.78,8.54));
#4532 = VECTOR('',#4533,1.);
#4533 = DIRECTION('',(1.,0.,0.));
#4534 = PLANE('',#4535);
#4535 = AXIS2_PLACEMENT_3D('',#4536,#4537,#4538);
#4536 = CARTESIAN_POINT('',(2.22,-7.86,8.46));
#4537 = DIRECTION('',(-1.735167508357E-18,0.707106781187,-0.707106781187
    ));
#4538 = DIRECTION('',(-1.,-1.226948711654E-18,1.226948711654E-18));
#4539 = ADVANCED_FACE('',(#4540),#4551,.T.);
#4540 = FACE_BOUND('',#4541,.T.);
#4541 = EDGE_LOOP('',(#4542,#4543,#4544,#4545));
#4542 = ORIENTED_EDGE('',*,*,#4521,.F.);
#4543 = ORIENTED_EDGE('',*,*,#3010,.T.);
#4544 = ORIENTED_EDGE('',*,*,#4473,.T.);
#4545 = ORIENTED_EDGE('',*,*,#4546,.F.);
#4546 = EDGE_CURVE('',#4522,#4474,#4547,.T.);
#4547 = LINE('',#4548,#4549);
#4548 = CARTESIAN_POINT('',(2.7,-7.94,8.54));
#4549 = VECTOR('',#4550,1.);
#4550 = DIRECTION('',(0.,1.,0.));
#4551 = PLANE('',#4552);
#4552 = AXIS2_PLACEMENT_3D('',#4553,#4554,#4555);
#4553 = CARTESIAN_POINT('',(2.78,-7.94,8.46));
#4554 = DIRECTION('',(0.707106781187,-1.735167508357E-18,0.707106781187)
  );
#4555 = DIRECTION('',(1.226948711654E-18,1.,1.226948711654E-18));
#4556 = ADVANCED_FACE('',(#4557),#4563,.F.);
#4557 = FACE_BOUND('',#4558,.F.);
#4558 = EDGE_LOOP('',(#4559,#4560,#4561,#4562));
#4559 = ORIENTED_EDGE('',*,*,#3065,.F.);
#4560 = ORIENTED_EDGE('',*,*,#3089,.T.);
#4561 = ORIENTED_EDGE('',*,*,#3106,.T.);
#4562 = ORIENTED_EDGE('',*,*,#3041,.F.);
#4563 = PLANE('',#4564);
#4564 = AXIS2_PLACEMENT_3D('',#4565,#4566,#4567);
#4565 = CARTESIAN_POINT('',(2.22,-5.4,-3.));
#4566 = DIRECTION('',(0.,0.,1.));
#4567 = DIRECTION('',(1.,0.,-0.));
#4568 = ADVANCED_FACE('',(#4569),#4575,.F.);
#4569 = FACE_BOUND('',#4570,.F.);
#4570 = EDGE_LOOP('',(#4571,#4572,#4573,#4574));
#4571 = ORIENTED_EDGE('',*,*,#3185,.F.);
#4572 = ORIENTED_EDGE('',*,*,#3202,.T.);
#4573 = ORIENTED_EDGE('',*,*,#3137,.T.);
#4574 = ORIENTED_EDGE('',*,*,#3161,.F.);
#4575 = PLANE('',#4576);
#4576 = AXIS2_PLACEMENT_3D('',#4577,#4578,#4579);
#4577 = CARTESIAN_POINT('',(-0.32,-5.4,-3.));
#4578 = DIRECTION('',(0.,0.,1.));
#4579 = DIRECTION('',(1.,0.,-0.));
#4580 = ADVANCED_FACE('',(#4581),#4587,.F.);
#4581 = FACE_BOUND('',#4582,.F.);
#4582 = EDGE_LOOP('',(#4583,#4584,#4585,#4586));
#4583 = ORIENTED_EDGE('',*,*,#3257,.F.);
#4584 = ORIENTED_EDGE('',*,*,#3281,.T.);
#4585 = ORIENTED_EDGE('',*,*,#3298,.T.);
#4586 = ORIENTED_EDGE('',*,*,#3233,.F.);
#4587 = PLANE('',#4588);
#4588 = AXIS2_PLACEMENT_3D('',#4589,#4590,#4591);
#4589 = CARTESIAN_POINT('',(-0.32,-0.32,-3.));
#4590 = DIRECTION('',(0.,0.,1.));
#4591 = DIRECTION('',(1.,0.,-0.));
#4592 = ADVANCED_FACE('',(#4593),#4599,.F.);
#4593 = FACE_BOUND('',#4594,.F.);
#4594 = EDGE_LOOP('',(#4595,#4596,#4597,#4598));
#4595 = ORIENTED_EDGE('',*,*,#3377,.F.);
#4596 = ORIENTED_EDGE('',*,*,#3394,.T.);
#4597 = ORIENTED_EDGE('',*,*,#3329,.T.);
#4598 = ORIENTED_EDGE('',*,*,#3353,.F.);
#4599 = PLANE('',#4600);
#4600 = AXIS2_PLACEMENT_3D('',#4601,#4602,#4603);
#4601 = CARTESIAN_POINT('',(-0.32,-2.86,-3.));
#4602 = DIRECTION('',(0.,0.,1.));
#4603 = DIRECTION('',(1.,0.,-0.));
#4604 = ADVANCED_FACE('',(#4605),#4611,.F.);
#4605 = FACE_BOUND('',#4606,.F.);
#4606 = EDGE_LOOP('',(#4607,#4608,#4609,#4610));
#4607 = ORIENTED_EDGE('',*,*,#3449,.F.);
#4608 = ORIENTED_EDGE('',*,*,#3473,.T.);
#4609 = ORIENTED_EDGE('',*,*,#3490,.T.);
#4610 = ORIENTED_EDGE('',*,*,#3425,.F.);
#4611 = PLANE('',#4612);
#4612 = AXIS2_PLACEMENT_3D('',#4613,#4614,#4615);
#4613 = CARTESIAN_POINT('',(2.22,-0.32,-3.));
#4614 = DIRECTION('',(0.,0.,1.));
#4615 = DIRECTION('',(1.,0.,-0.));
#4616 = ADVANCED_FACE('',(#4617),#4623,.F.);
#4617 = FACE_BOUND('',#4618,.F.);
#4618 = EDGE_LOOP('',(#4619,#4620,#4621,#4622));
#4619 = ORIENTED_EDGE('',*,*,#3545,.F.);
#4620 = ORIENTED_EDGE('',*,*,#3569,.T.);
#4621 = ORIENTED_EDGE('',*,*,#3586,.T.);
#4622 = ORIENTED_EDGE('',*,*,#3521,.F.);
#4623 = PLANE('',#4624);
#4624 = AXIS2_PLACEMENT_3D('',#4625,#4626,#4627);
#4625 = CARTESIAN_POINT('',(2.22,-2.86,-3.));
#4626 = DIRECTION('',(0.,0.,1.));
#4627 = DIRECTION('',(1.,0.,-0.));
#4628 = ADVANCED_FACE('',(#4629),#4635,.F.);
#4629 = FACE_BOUND('',#4630,.F.);
#4630 = EDGE_LOOP('',(#4631,#4632,#4633,#4634));
#4631 = ORIENTED_EDGE('',*,*,#3682,.F.);
#4632 = ORIENTED_EDGE('',*,*,#3617,.T.);
#4633 = ORIENTED_EDGE('',*,*,#3641,.T.);
#4634 = ORIENTED_EDGE('',*,*,#3665,.F.);
#4635 = PLANE('',#4636);
#4636 = AXIS2_PLACEMENT_3D('',#4637,#4638,#4639);
#4637 = CARTESIAN_POINT('',(-0.32,-7.94,-3.));
#4638 = DIRECTION('',(0.,0.,1.));
#4639 = DIRECTION('',(1.,0.,-0.));
#4640 = ADVANCED_FACE('',(#4641),#4647,.F.);
#4641 = FACE_BOUND('',#4642,.F.);
#4642 = EDGE_LOOP('',(#4643,#4644,#4645,#4646));
#4643 = ORIENTED_EDGE('',*,*,#3737,.F.);
#4644 = ORIENTED_EDGE('',*,*,#3761,.T.);
#4645 = ORIENTED_EDGE('',*,*,#3778,.T.);
#4646 = ORIENTED_EDGE('',*,*,#3713,.F.);
#4647 = PLANE('',#4648);
#4648 = AXIS2_PLACEMENT_3D('',#4649,#4650,#4651);
#4649 = CARTESIAN_POINT('',(2.22,-7.94,-3.));
#4650 = DIRECTION('',(0.,0.,1.));
#4651 = DIRECTION('',(1.,0.,-0.));
#4652 = ADVANCED_FACE('',(#4653),#4659,.T.);
#4653 = FACE_BOUND('',#4654,.T.);
#4654 = EDGE_LOOP('',(#4655,#4656,#4657,#4658));
#4655 = ORIENTED_EDGE('',*,*,#3874,.T.);
#4656 = ORIENTED_EDGE('',*,*,#3809,.F.);
#4657 = ORIENTED_EDGE('',*,*,#3833,.F.);
#4658 = ORIENTED_EDGE('',*,*,#3857,.T.);
#4659 = PLANE('',#4660);
#4660 = AXIS2_PLACEMENT_3D('',#4661,#4662,#4663);
#4661 = CARTESIAN_POINT('',(2.22,-5.4,8.54));
#4662 = DIRECTION('',(0.,0.,1.));
#4663 = DIRECTION('',(1.,0.,-0.));
#4664 = ADVANCED_FACE('',(#4665),#4671,.T.);
#4665 = FACE_BOUND('',#4666,.T.);
#4666 = EDGE_LOOP('',(#4667,#4668,#4669,#4670));
#4667 = ORIENTED_EDGE('',*,*,#3905,.T.);
#4668 = ORIENTED_EDGE('',*,*,#3929,.F.);
#4669 = ORIENTED_EDGE('',*,*,#3953,.F.);
#4670 = ORIENTED_EDGE('',*,*,#3970,.T.);
#4671 = PLANE('',#4672);
#4672 = AXIS2_PLACEMENT_3D('',#4673,#4674,#4675);
#4673 = CARTESIAN_POINT('',(-0.32,-5.4,8.54));
#4674 = DIRECTION('',(0.,0.,1.));
#4675 = DIRECTION('',(1.,0.,-0.));
#4676 = ADVANCED_FACE('',(#4677),#4683,.T.);
#4677 = FACE_BOUND('',#4678,.T.);
#4678 = EDGE_LOOP('',(#4679,#4680,#4681,#4682));
#4679 = ORIENTED_EDGE('',*,*,#4066,.T.);
#4680 = ORIENTED_EDGE('',*,*,#4001,.F.);
#4681 = ORIENTED_EDGE('',*,*,#4025,.F.);
#4682 = ORIENTED_EDGE('',*,*,#4049,.T.);
#4683 = PLANE('',#4684);
#4684 = AXIS2_PLACEMENT_3D('',#4685,#4686,#4687);
#4685 = CARTESIAN_POINT('',(-0.32,-0.32,8.54));
#4686 = DIRECTION('',(0.,0.,1.));
#4687 = DIRECTION('',(1.,0.,-0.));
#4688 = ADVANCED_FACE('',(#4689),#4695,.T.);
#4689 = FACE_BOUND('',#4690,.T.);
#4690 = EDGE_LOOP('',(#4691,#4692,#4693,#4694));
#4691 = ORIENTED_EDGE('',*,*,#4097,.T.);
#4692 = ORIENTED_EDGE('',*,*,#4121,.F.);
#4693 = ORIENTED_EDGE('',*,*,#4145,.F.);
#4694 = ORIENTED_EDGE('',*,*,#4162,.T.);
#4695 = PLANE('',#4696);
#4696 = AXIS2_PLACEMENT_3D('',#4697,#4698,#4699);
#4697 = CARTESIAN_POINT('',(-0.32,-2.86,8.54));
#4698 = DIRECTION('',(0.,0.,1.));
#4699 = DIRECTION('',(1.,0.,-0.));
#4700 = ADVANCED_FACE('',(#4701),#4707,.T.);
#4701 = FACE_BOUND('',#4702,.T.);
#4702 = EDGE_LOOP('',(#4703,#4704,#4705,#4706));
#4703 = ORIENTED_EDGE('',*,*,#4258,.T.);
#4704 = ORIENTED_EDGE('',*,*,#4193,.F.);
#4705 = ORIENTED_EDGE('',*,*,#4217,.F.);
#4706 = ORIENTED_EDGE('',*,*,#4241,.T.);
#4707 = PLANE('',#4708);
#4708 = AXIS2_PLACEMENT_3D('',#4709,#4710,#4711);
#4709 = CARTESIAN_POINT('',(2.22,-0.32,8.54));
#4710 = DIRECTION('',(0.,0.,1.));
#4711 = DIRECTION('',(1.,0.,-0.));
#4712 = ADVANCED_FACE('',(#4713),#4719,.T.);
#4713 = FACE_BOUND('',#4714,.T.);
#4714 = EDGE_LOOP('',(#4715,#4716,#4717,#4718));
#4715 = ORIENTED_EDGE('',*,*,#4354,.T.);
#4716 = ORIENTED_EDGE('',*,*,#4289,.F.);
#4717 = ORIENTED_EDGE('',*,*,#4313,.F.);
#4718 = ORIENTED_EDGE('',*,*,#4337,.T.);
#4719 = PLANE('',#4720);
#4720 = AXIS2_PLACEMENT_3D('',#4721,#4722,#4723);
#4721 = CARTESIAN_POINT('',(2.22,-2.86,8.54));
#4722 = DIRECTION('',(0.,0.,1.));
#4723 = DIRECTION('',(1.,0.,-0.));
#4724 = ADVANCED_FACE('',(#4725),#4731,.T.);
#4725 = FACE_BOUND('',#4726,.T.);
#4726 = EDGE_LOOP('',(#4727,#4728,#4729,#4730));
#4727 = ORIENTED_EDGE('',*,*,#4409,.T.);
#4728 = ORIENTED_EDGE('',*,*,#4433,.F.);
#4729 = ORIENTED_EDGE('',*,*,#4450,.F.);
#4730 = ORIENTED_EDGE('',*,*,#4385,.T.);
#4731 = PLANE('',#4732);
#4732 = AXIS2_PLACEMENT_3D('',#4733,#4734,#4735);
#4733 = CARTESIAN_POINT('',(-0.32,-7.94,8.54));
#4734 = DIRECTION('',(0.,0.,1.));
#4735 = DIRECTION('',(1.,0.,-0.));
#4736 = ADVANCED_FACE('',(#4737),#4743,.T.);
#4737 = FACE_BOUND('',#4738,.T.);
#4738 = EDGE_LOOP('',(#4739,#4740,#4741,#4742));
#4739 = ORIENTED_EDGE('',*,*,#4546,.T.);
#4740 = ORIENTED_EDGE('',*,*,#4481,.F.);
#4741 = ORIENTED_EDGE('',*,*,#4505,.F.);
#4742 = ORIENTED_EDGE('',*,*,#4529,.T.);
#4743 = PLANE('',#4744);
#4744 = AXIS2_PLACEMENT_3D('',#4745,#4746,#4747);
#4745 = CARTESIAN_POINT('',(2.22,-7.94,8.54));
#4746 = DIRECTION('',(0.,0.,1.));
#4747 = DIRECTION('',(1.,0.,-0.));
#4748 = ( GEOMETRIC_REPRESENTATION_CONTEXT(3) 
GLOBAL_UNCERTAINTY_ASSIGNED_CONTEXT((#4752)) 
GLOBAL_UNIT_ASSIGNED_CONTEXT((#4749,#4750,#4751)) REPRESENTATION_CONTEXT
('Context #1','3D Context with UNIT and UNCERTAINTY') );
#4749 = ( LENGTH_UNIT() NAMED_UNIT(*) SI_UNIT(.MILLI.,.METRE.) );
#4750 = ( NAMED_UNIT(*) PLANE_ANGLE_UNIT() SI_UNIT($,.RADIAN.) );
#4751 = ( NAMED_UNIT(*) SI_UNIT($,.STERADIAN.) SOLID_ANGLE_UNIT() );
#4752 = UNCERTAINTY_MEASURE_WITH_UNIT(LENGTH_MEASURE(1.E-07),#4749,
  'distance_accuracy_value','confusion accuracy');
#4753 = CONTEXT_DEPENDENT_SHAPE_REPRESENTATION(#4754,#4756);
#4754 = ( REPRESENTATION_RELATIONSHIP('','',#63,#40) 
REPRESENTATION_RELATIONSHIP_WITH_TRANSFORMATION(#4755) 
SHAPE_REPRESENTATION_RELATIONSHIP() );
#4755 = ITEM_DEFINED_TRANSFORMATION('','',#11,#41);
#4756 = PRODUCT_DEFINITION_SHAPE('Placement','Placement of an item',
  #4757);
#4757 = NEXT_ASSEMBLY_USAGE_OCCURRENCE('1','=>[0:1:1:3]','',#35,#58,$);
#4758 = PRODUCT_RELATED_PRODUCT_CATEGORY('part',$,(#60));
#4759 = CONTEXT_DEPENDENT_SHAPE_REPRESENTATION(#4760,#4762);
#4760 = ( REPRESENTATION_RELATIONSHIP('','',#40,#10) 
REPRESENTATION_RELATIONSHIP_WITH_TRANSFORMATION(#4761) 
SHAPE_REPRESENTATION_RELATIONSHIP() );
#4761 = ITEM_DEFINED_TRANSFORMATION('','',#11,#19);
#4762 = PRODUCT_DEFINITION_SHAPE('Placement','Placement of an item',
  #4763);
#4763 = NEXT_ASSEMBLY_USAGE_OCCURRENCE('3','REF**','',#5,#35,$);
#4764 = SHAPE_DEFINITION_REPRESENTATION(#4765,#4771);
#4765 = PRODUCT_DEFINITION_SHAPE('','',#4766);
#4766 = PRODUCT_DEFINITION('design','',#4767,#4770);
#4767 = PRODUCT_DEFINITION_FORMATION('','',#4768);
#4768 = PRODUCT('worksing-space_PCB','worksing-space_PCB','',(#4769));
#4769 = PRODUCT_CONTEXT('',#2,'mechanical');
#4770 = PRODUCT_DEFINITION_CONTEXT('part definition',#2,'design');
#4771 = ADVANCED_BREP_SHAPE_REPRESENTATION('',(#11,#4772),#5778);
#4772 = MANIFOLD_SOLID_BREP('',#4773);
#4773 = CLOSED_SHELL('',(#4774,#4814,#4845,#4876,#5117,#5358,#5375,#5392
    ,#5409,#5426,#5443,#5460,#5477,#5494,#5511,#5528,#5545,#5562,#5579,
    #5596,#5613,#5630,#5642,#5659,#5676,#5693,#5710,#5727,#5744,#5761));
#4774 = ADVANCED_FACE('',(#4775),#4809,.T.);
#4775 = FACE_BOUND('',#4776,.T.);
#4776 = EDGE_LOOP('',(#4777,#4787,#4795,#4803));
#4777 = ORIENTED_EDGE('',*,*,#4778,.T.);
#4778 = EDGE_CURVE('',#4779,#4781,#4783,.T.);
#4779 = VERTEX_POINT('',#4780);
#4780 = CARTESIAN_POINT('',(20.32,-10.115,0.));
#4781 = VERTEX_POINT('',#4782);
#4782 = CARTESIAN_POINT('',(20.32,-10.115,1.6));
#4783 = LINE('',#4784,#4785);
#4784 = CARTESIAN_POINT('',(20.32,-10.115,0.));
#4785 = VECTOR('',#4786,1.);
#4786 = DIRECTION('',(0.,0.,1.));
#4787 = ORIENTED_EDGE('',*,*,#4788,.T.);
#4788 = EDGE_CURVE('',#4781,#4789,#4791,.T.);
#4789 = VERTEX_POINT('',#4790);
#4790 = CARTESIAN_POINT('',(-20.32,-10.115,1.6));
#4791 = LINE('',#4792,#4793);
#4792 = CARTESIAN_POINT('',(20.32,-10.115,1.6));
#4793 = VECTOR('',#4794,1.);
#4794 = DIRECTION('',(-1.,0.,0.));
#4795 = ORIENTED_EDGE('',*,*,#4796,.F.);
#4796 = EDGE_CURVE('',#4797,#4789,#4799,.T.);
#4797 = VERTEX_POINT('',#4798);
#4798 = CARTESIAN_POINT('',(-20.32,-10.115,0.));
#4799 = LINE('',#4800,#4801);
#4800 = CARTESIAN_POINT('',(-20.32,-10.115,0.));
#4801 = VECTOR('',#4802,1.);
#4802 = DIRECTION('',(0.,0.,1.));
#4803 = ORIENTED_EDGE('',*,*,#4804,.F.);
#4804 = EDGE_CURVE('',#4779,#4797,#4805,.T.);
#4805 = LINE('',#4806,#4807);
#4806 = CARTESIAN_POINT('',(20.32,-10.115,0.));
#4807 = VECTOR('',#4808,1.);
#4808 = DIRECTION('',(-1.,0.,0.));
#4809 = PLANE('',#4810);
#4810 = AXIS2_PLACEMENT_3D('',#4811,#4812,#4813);
#4811 = CARTESIAN_POINT('',(20.32,-10.115,0.));
#4812 = DIRECTION('',(0.,-1.,0.));
#4813 = DIRECTION('',(-1.,0.,0.));
#4814 = ADVANCED_FACE('',(#4815),#4840,.T.);
#4815 = FACE_BOUND('',#4816,.T.);
#4816 = EDGE_LOOP('',(#4817,#4825,#4833,#4839));
#4817 = ORIENTED_EDGE('',*,*,#4818,.F.);
#4818 = EDGE_CURVE('',#4819,#4779,#4821,.T.);
#4819 = VERTEX_POINT('',#4820);
#4820 = CARTESIAN_POINT('',(20.32,-4.32,0.));
#4821 = LINE('',#4822,#4823);
#4822 = CARTESIAN_POINT('',(20.32,10.115,0.));
#4823 = VECTOR('',#4824,1.);
#4824 = DIRECTION('',(0.,-1.,0.));
#4825 = ORIENTED_EDGE('',*,*,#4826,.T.);
#4826 = EDGE_CURVE('',#4819,#4827,#4829,.T.);
#4827 = VERTEX_POINT('',#4828);
#4828 = CARTESIAN_POINT('',(20.32,-4.32,1.6));
#4829 = LINE('',#4830,#4831);
#4830 = CARTESIAN_POINT('',(20.32,-4.32,-4.5E-02));
#4831 = VECTOR('',#4832,1.);
#4832 = DIRECTION('',(0.,0.,1.));
#4833 = ORIENTED_EDGE('',*,*,#4834,.T.);
#4834 = EDGE_CURVE('',#4827,#4781,#4835,.T.);
#4835 = LINE('',#4836,#4837);
#4836 = CARTESIAN_POINT('',(20.32,10.115,1.6));
#4837 = VECTOR('',#4838,1.);
#4838 = DIRECTION('',(0.,-1.,0.));
#4839 = ORIENTED_EDGE('',*,*,#4778,.F.);
#4840 = PLANE('',#4841);
#4841 = AXIS2_PLACEMENT_3D('',#4842,#4843,#4844);
#4842 = CARTESIAN_POINT('',(20.32,10.115,0.));
#4843 = DIRECTION('',(1.,0.,-0.));
#4844 = DIRECTION('',(0.,-1.,0.));
#4845 = ADVANCED_FACE('',(#4846),#4871,.T.);
#4846 = FACE_BOUND('',#4847,.T.);
#4847 = EDGE_LOOP('',(#4848,#4856,#4857,#4865));
#4848 = ORIENTED_EDGE('',*,*,#4849,.F.);
#4849 = EDGE_CURVE('',#4797,#4850,#4852,.T.);
#4850 = VERTEX_POINT('',#4851);
#4851 = CARTESIAN_POINT('',(-20.32,-4.32,0.));
#4852 = LINE('',#4853,#4854);
#4853 = CARTESIAN_POINT('',(-20.32,-10.115,0.));
#4854 = VECTOR('',#4855,1.);
#4855 = DIRECTION('',(0.,1.,0.));
#4856 = ORIENTED_EDGE('',*,*,#4796,.T.);
#4857 = ORIENTED_EDGE('',*,*,#4858,.T.);
#4858 = EDGE_CURVE('',#4789,#4859,#4861,.T.);
#4859 = VERTEX_POINT('',#4860);
#4860 = CARTESIAN_POINT('',(-20.32,-4.32,1.6));
#4861 = LINE('',#4862,#4863);
#4862 = CARTESIAN_POINT('',(-20.32,-10.115,1.6));
#4863 = VECTOR('',#4864,1.);
#4864 = DIRECTION('',(0.,1.,0.));
#4865 = ORIENTED_EDGE('',*,*,#4866,.F.);
#4866 = EDGE_CURVE('',#4850,#4859,#4867,.T.);
#4867 = LINE('',#4868,#4869);
#4868 = CARTESIAN_POINT('',(-20.32,-4.32,-4.5E-02));
#4869 = VECTOR('',#4870,1.);
#4870 = DIRECTION('',(0.,0.,1.));
#4871 = PLANE('',#4872);
#4872 = AXIS2_PLACEMENT_3D('',#4873,#4874,#4875);
#4873 = CARTESIAN_POINT('',(-20.32,-10.115,0.));
#4874 = DIRECTION('',(-1.,0.,0.));
#4875 = DIRECTION('',(0.,1.,0.));
#4876 = ADVANCED_FACE('',(#4877,#5024,#5035,#5046,#5057,#5068,#5079,
    #5090,#5101),#5112,.F.);
#4877 = FACE_BOUND('',#4878,.F.);
#4878 = EDGE_LOOP('',(#4879,#4880,#4881,#4890,#4898,#4907,#4915,#4924,
    #4932,#4941,#4949,#4957,#4965,#4974,#4982,#4991,#4999,#5008,#5016,
    #5023));
#4879 = ORIENTED_EDGE('',*,*,#4804,.F.);
#4880 = ORIENTED_EDGE('',*,*,#4818,.F.);
#4881 = ORIENTED_EDGE('',*,*,#4882,.T.);
#4882 = EDGE_CURVE('',#4819,#4883,#4885,.T.);
#4883 = VERTEX_POINT('',#4884);
#4884 = CARTESIAN_POINT('',(20.32,-3.32,0.));
#4885 = CIRCLE('',#4886,0.5);
#4886 = AXIS2_PLACEMENT_3D('',#4887,#4888,#4889);
#4887 = CARTESIAN_POINT('',(20.32,-3.82,0.));
#4888 = DIRECTION('',(-0.,0.,-1.));
#4889 = DIRECTION('',(-0.,-1.,0.));
#4890 = ORIENTED_EDGE('',*,*,#4891,.F.);
#4891 = EDGE_CURVE('',#4892,#4883,#4894,.T.);
#4892 = VERTEX_POINT('',#4893);
#4893 = CARTESIAN_POINT('',(20.32,-1.78,0.));
#4894 = LINE('',#4895,#4896);
#4895 = CARTESIAN_POINT('',(20.32,10.115,0.));
#4896 = VECTOR('',#4897,1.);
#4897 = DIRECTION('',(0.,-1.,0.));
#4898 = ORIENTED_EDGE('',*,*,#4899,.T.);
#4899 = EDGE_CURVE('',#4892,#4900,#4902,.T.);
#4900 = VERTEX_POINT('',#4901);
#4901 = CARTESIAN_POINT('',(20.32,-0.78,0.));
#4902 = CIRCLE('',#4903,0.5);
#4903 = AXIS2_PLACEMENT_3D('',#4904,#4905,#4906);
#4904 = CARTESIAN_POINT('',(20.32,-1.28,0.));
#4905 = DIRECTION('',(-0.,0.,-1.));
#4906 = DIRECTION('',(-0.,-1.,0.));
#4907 = ORIENTED_EDGE('',*,*,#4908,.F.);
#4908 = EDGE_CURVE('',#4909,#4900,#4911,.T.);
#4909 = VERTEX_POINT('',#4910);
#4910 = CARTESIAN_POINT('',(20.32,0.76,0.));
#4911 = LINE('',#4912,#4913);
#4912 = CARTESIAN_POINT('',(20.32,10.115,0.));
#4913 = VECTOR('',#4914,1.);
#4914 = DIRECTION('',(0.,-1.,0.));
#4915 = ORIENTED_EDGE('',*,*,#4916,.T.);
#4916 = EDGE_CURVE('',#4909,#4917,#4919,.T.);
#4917 = VERTEX_POINT('',#4918);
#4918 = CARTESIAN_POINT('',(20.32,1.76,0.));
#4919 = CIRCLE('',#4920,0.5);
#4920 = AXIS2_PLACEMENT_3D('',#4921,#4922,#4923);
#4921 = CARTESIAN_POINT('',(20.32,1.26,0.));
#4922 = DIRECTION('',(-0.,0.,-1.));
#4923 = DIRECTION('',(-0.,-1.,0.));
#4924 = ORIENTED_EDGE('',*,*,#4925,.F.);
#4925 = EDGE_CURVE('',#4926,#4917,#4928,.T.);
#4926 = VERTEX_POINT('',#4927);
#4927 = CARTESIAN_POINT('',(20.32,3.3,0.));
#4928 = LINE('',#4929,#4930);
#4929 = CARTESIAN_POINT('',(20.32,10.115,0.));
#4930 = VECTOR('',#4931,1.);
#4931 = DIRECTION('',(0.,-1.,0.));
#4932 = ORIENTED_EDGE('',*,*,#4933,.T.);
#4933 = EDGE_CURVE('',#4926,#4934,#4936,.T.);
#4934 = VERTEX_POINT('',#4935);
#4935 = CARTESIAN_POINT('',(20.32,4.3,0.));
#4936 = CIRCLE('',#4937,0.5);
#4937 = AXIS2_PLACEMENT_3D('',#4938,#4939,#4940);
#4938 = CARTESIAN_POINT('',(20.32,3.8,0.));
#4939 = DIRECTION('',(-0.,0.,-1.));
#4940 = DIRECTION('',(-0.,-1.,0.));
#4941 = ORIENTED_EDGE('',*,*,#4942,.F.);
#4942 = EDGE_CURVE('',#4943,#4934,#4945,.T.);
#4943 = VERTEX_POINT('',#4944);
#4944 = CARTESIAN_POINT('',(20.32,10.115,0.));
#4945 = LINE('',#4946,#4947);
#4946 = CARTESIAN_POINT('',(20.32,10.115,0.));
#4947 = VECTOR('',#4948,1.);
#4948 = DIRECTION('',(0.,-1.,0.));
#4949 = ORIENTED_EDGE('',*,*,#4950,.F.);
#4950 = EDGE_CURVE('',#4951,#4943,#4953,.T.);
#4951 = VERTEX_POINT('',#4952);
#4952 = CARTESIAN_POINT('',(-20.32,10.115,0.));
#4953 = LINE('',#4954,#4955);
#4954 = CARTESIAN_POINT('',(-20.32,10.115,0.));
#4955 = VECTOR('',#4956,1.);
#4956 = DIRECTION('',(1.,0.,0.));
#4957 = ORIENTED_EDGE('',*,*,#4958,.F.);
#4958 = EDGE_CURVE('',#4959,#4951,#4961,.T.);
#4959 = VERTEX_POINT('',#4960);
#4960 = CARTESIAN_POINT('',(-20.32,4.3,0.));
#4961 = LINE('',#4962,#4963);
#4962 = CARTESIAN_POINT('',(-20.32,-10.115,0.));
#4963 = VECTOR('',#4964,1.);
#4964 = DIRECTION('',(0.,1.,0.));
#4965 = ORIENTED_EDGE('',*,*,#4966,.T.);
#4966 = EDGE_CURVE('',#4959,#4967,#4969,.T.);
#4967 = VERTEX_POINT('',#4968);
#4968 = CARTESIAN_POINT('',(-20.32,3.3,0.));
#4969 = CIRCLE('',#4970,0.5);
#4970 = AXIS2_PLACEMENT_3D('',#4971,#4972,#4973);
#4971 = CARTESIAN_POINT('',(-20.32,3.8,0.));
#4972 = DIRECTION('',(-0.,0.,-1.));
#4973 = DIRECTION('',(-0.,-1.,0.));
#4974 = ORIENTED_EDGE('',*,*,#4975,.F.);
#4975 = EDGE_CURVE('',#4976,#4967,#4978,.T.);
#4976 = VERTEX_POINT('',#4977);
#4977 = CARTESIAN_POINT('',(-20.32,1.76,0.));
#4978 = LINE('',#4979,#4980);
#4979 = CARTESIAN_POINT('',(-20.32,-10.115,0.));
#4980 = VECTOR('',#4981,1.);
#4981 = DIRECTION('',(0.,1.,0.));
#4982 = ORIENTED_EDGE('',*,*,#4983,.T.);
#4983 = EDGE_CURVE('',#4976,#4984,#4986,.T.);
#4984 = VERTEX_POINT('',#4985);
#4985 = CARTESIAN_POINT('',(-20.32,0.76,0.));
#4986 = CIRCLE('',#4987,0.5);
#4987 = AXIS2_PLACEMENT_3D('',#4988,#4989,#4990);
#4988 = CARTESIAN_POINT('',(-20.32,1.26,0.));
#4989 = DIRECTION('',(-0.,0.,-1.));
#4990 = DIRECTION('',(-0.,-1.,0.));
#4991 = ORIENTED_EDGE('',*,*,#4992,.F.);
#4992 = EDGE_CURVE('',#4993,#4984,#4995,.T.);
#4993 = VERTEX_POINT('',#4994);
#4994 = CARTESIAN_POINT('',(-20.32,-0.78,0.));
#4995 = LINE('',#4996,#4997);
#4996 = CARTESIAN_POINT('',(-20.32,-10.115,0.));
#4997 = VECTOR('',#4998,1.);
#4998 = DIRECTION('',(0.,1.,0.));
#4999 = ORIENTED_EDGE('',*,*,#5000,.T.);
#5000 = EDGE_CURVE('',#4993,#5001,#5003,.T.);
#5001 = VERTEX_POINT('',#5002);
#5002 = CARTESIAN_POINT('',(-20.32,-1.78,0.));
#5003 = CIRCLE('',#5004,0.5);
#5004 = AXIS2_PLACEMENT_3D('',#5005,#5006,#5007);
#5005 = CARTESIAN_POINT('',(-20.32,-1.28,0.));
#5006 = DIRECTION('',(-0.,0.,-1.));
#5007 = DIRECTION('',(-0.,-1.,0.));
#5008 = ORIENTED_EDGE('',*,*,#5009,.F.);
#5009 = EDGE_CURVE('',#5010,#5001,#5012,.T.);
#5010 = VERTEX_POINT('',#5011);
#5011 = CARTESIAN_POINT('',(-20.32,-3.32,0.));
#5012 = LINE('',#5013,#5014);
#5013 = CARTESIAN_POINT('',(-20.32,-10.115,0.));
#5014 = VECTOR('',#5015,1.);
#5015 = DIRECTION('',(0.,1.,0.));
#5016 = ORIENTED_EDGE('',*,*,#5017,.T.);
#5017 = EDGE_CURVE('',#5010,#4850,#5018,.T.);
#5018 = CIRCLE('',#5019,0.5);
#5019 = AXIS2_PLACEMENT_3D('',#5020,#5021,#5022);
#5020 = CARTESIAN_POINT('',(-20.32,-3.82,0.));
#5021 = DIRECTION('',(-0.,0.,-1.));
#5022 = DIRECTION('',(-0.,-1.,0.));
#5023 = ORIENTED_EDGE('',*,*,#4849,.F.);
#5024 = FACE_BOUND('',#5025,.F.);
#5025 = EDGE_LOOP('',(#5026));
#5026 = ORIENTED_EDGE('',*,*,#5027,.T.);
#5027 = EDGE_CURVE('',#5028,#5028,#5030,.T.);
#5028 = VERTEX_POINT('',#5029);
#5029 = CARTESIAN_POINT('',(-17.78,-4.32,0.));
#5030 = CIRCLE('',#5031,0.5);
#5031 = AXIS2_PLACEMENT_3D('',#5032,#5033,#5034);
#5032 = CARTESIAN_POINT('',(-17.78,-3.82,0.));
#5033 = DIRECTION('',(-0.,0.,-1.));
#5034 = DIRECTION('',(-0.,-1.,0.));
#5035 = FACE_BOUND('',#5036,.F.);
#5036 = EDGE_LOOP('',(#5037));
#5037 = ORIENTED_EDGE('',*,*,#5038,.T.);
#5038 = EDGE_CURVE('',#5039,#5039,#5041,.T.);
#5039 = VERTEX_POINT('',#5040);
#5040 = CARTESIAN_POINT('',(-17.78,-1.78,0.));
#5041 = CIRCLE('',#5042,0.5);
#5042 = AXIS2_PLACEMENT_3D('',#5043,#5044,#5045);
#5043 = CARTESIAN_POINT('',(-17.78,-1.28,0.));
#5044 = DIRECTION('',(-0.,0.,-1.));
#5045 = DIRECTION('',(-0.,-1.,0.));
#5046 = FACE_BOUND('',#5047,.F.);
#5047 = EDGE_LOOP('',(#5048));
#5048 = ORIENTED_EDGE('',*,*,#5049,.T.);
#5049 = EDGE_CURVE('',#5050,#5050,#5052,.T.);
#5050 = VERTEX_POINT('',#5051);
#5051 = CARTESIAN_POINT('',(17.78,-4.32,0.));
#5052 = CIRCLE('',#5053,0.5);
#5053 = AXIS2_PLACEMENT_3D('',#5054,#5055,#5056);
#5054 = CARTESIAN_POINT('',(17.78,-3.82,0.));
#5055 = DIRECTION('',(-0.,0.,-1.));
#5056 = DIRECTION('',(-0.,-1.,0.));
#5057 = FACE_BOUND('',#5058,.F.);
#5058 = EDGE_LOOP('',(#5059));
#5059 = ORIENTED_EDGE('',*,*,#5060,.T.);
#5060 = EDGE_CURVE('',#5061,#5061,#5063,.T.);
#5061 = VERTEX_POINT('',#5062);
#5062 = CARTESIAN_POINT('',(17.78,-1.78,0.));
#5063 = CIRCLE('',#5064,0.5);
#5064 = AXIS2_PLACEMENT_3D('',#5065,#5066,#5067);
#5065 = CARTESIAN_POINT('',(17.78,-1.28,0.));
#5066 = DIRECTION('',(-0.,0.,-1.));
#5067 = DIRECTION('',(-0.,-1.,0.));
#5068 = FACE_BOUND('',#5069,.F.);
#5069 = EDGE_LOOP('',(#5070));
#5070 = ORIENTED_EDGE('',*,*,#5071,.T.);
#5071 = EDGE_CURVE('',#5072,#5072,#5074,.T.);
#5072 = VERTEX_POINT('',#5073);
#5073 = CARTESIAN_POINT('',(-17.78,0.76,0.));
#5074 = CIRCLE('',#5075,0.5);
#5075 = AXIS2_PLACEMENT_3D('',#5076,#5077,#5078);
#5076 = CARTESIAN_POINT('',(-17.78,1.26,0.));
#5077 = DIRECTION('',(-0.,0.,-1.));
#5078 = DIRECTION('',(-0.,-1.,0.));
#5079 = FACE_BOUND('',#5080,.F.);
#5080 = EDGE_LOOP('',(#5081));
#5081 = ORIENTED_EDGE('',*,*,#5082,.T.);
#5082 = EDGE_CURVE('',#5083,#5083,#5085,.T.);
#5083 = VERTEX_POINT('',#5084);
#5084 = CARTESIAN_POINT('',(-17.78,3.3,0.));
#5085 = CIRCLE('',#5086,0.5);
#5086 = AXIS2_PLACEMENT_3D('',#5087,#5088,#5089);
#5087 = CARTESIAN_POINT('',(-17.78,3.8,0.));
#5088 = DIRECTION('',(-0.,0.,-1.));
#5089 = DIRECTION('',(-0.,-1.,0.));
#5090 = FACE_BOUND('',#5091,.F.);
#5091 = EDGE_LOOP('',(#5092));
#5092 = ORIENTED_EDGE('',*,*,#5093,.T.);
#5093 = EDGE_CURVE('',#5094,#5094,#5096,.T.);
#5094 = VERTEX_POINT('',#5095);
#5095 = CARTESIAN_POINT('',(17.78,0.76,0.));
#5096 = CIRCLE('',#5097,0.5);
#5097 = AXIS2_PLACEMENT_3D('',#5098,#5099,#5100);
#5098 = CARTESIAN_POINT('',(17.78,1.26,0.));
#5099 = DIRECTION('',(-0.,0.,-1.));
#5100 = DIRECTION('',(-0.,-1.,0.));
#5101 = FACE_BOUND('',#5102,.F.);
#5102 = EDGE_LOOP('',(#5103));
#5103 = ORIENTED_EDGE('',*,*,#5104,.T.);
#5104 = EDGE_CURVE('',#5105,#5105,#5107,.T.);
#5105 = VERTEX_POINT('',#5106);
#5106 = CARTESIAN_POINT('',(17.78,3.3,0.));
#5107 = CIRCLE('',#5108,0.5);
#5108 = AXIS2_PLACEMENT_3D('',#5109,#5110,#5111);
#5109 = CARTESIAN_POINT('',(17.78,3.8,0.));
#5110 = DIRECTION('',(-0.,0.,-1.));
#5111 = DIRECTION('',(-0.,-1.,0.));
#5112 = PLANE('',#5113);
#5113 = AXIS2_PLACEMENT_3D('',#5114,#5115,#5116);
#5114 = CARTESIAN_POINT('',(0.,0.,0.));
#5115 = DIRECTION('',(0.,0.,1.));
#5116 = DIRECTION('',(1.,0.,-0.));
#5117 = ADVANCED_FACE('',(#5118,#5265,#5276,#5287,#5298,#5309,#5320,
    #5331,#5342),#5353,.T.);
#5118 = FACE_BOUND('',#5119,.T.);
#5119 = EDGE_LOOP('',(#5120,#5121,#5122,#5131,#5139,#5148,#5156,#5165,
    #5173,#5182,#5190,#5198,#5206,#5215,#5223,#5232,#5240,#5249,#5257,
    #5264));
#5120 = ORIENTED_EDGE('',*,*,#4788,.F.);
#5121 = ORIENTED_EDGE('',*,*,#4834,.F.);
#5122 = ORIENTED_EDGE('',*,*,#5123,.T.);
#5123 = EDGE_CURVE('',#4827,#5124,#5126,.T.);
#5124 = VERTEX_POINT('',#5125);
#5125 = CARTESIAN_POINT('',(20.32,-3.32,1.6));
#5126 = CIRCLE('',#5127,0.5);
#5127 = AXIS2_PLACEMENT_3D('',#5128,#5129,#5130);
#5128 = CARTESIAN_POINT('',(20.32,-3.82,1.6));
#5129 = DIRECTION('',(-0.,0.,-1.));
#5130 = DIRECTION('',(-0.,-1.,0.));
#5131 = ORIENTED_EDGE('',*,*,#5132,.F.);
#5132 = EDGE_CURVE('',#5133,#5124,#5135,.T.);
#5133 = VERTEX_POINT('',#5134);
#5134 = CARTESIAN_POINT('',(20.32,-1.78,1.6));
#5135 = LINE('',#5136,#5137);
#5136 = CARTESIAN_POINT('',(20.32,10.115,1.6));
#5137 = VECTOR('',#5138,1.);
#5138 = DIRECTION('',(0.,-1.,0.));
#5139 = ORIENTED_EDGE('',*,*,#5140,.T.);
#5140 = EDGE_CURVE('',#5133,#5141,#5143,.T.);
#5141 = VERTEX_POINT('',#5142);
#5142 = CARTESIAN_POINT('',(20.32,-0.78,1.6));
#5143 = CIRCLE('',#5144,0.5);
#5144 = AXIS2_PLACEMENT_3D('',#5145,#5146,#5147);
#5145 = CARTESIAN_POINT('',(20.32,-1.28,1.6));
#5146 = DIRECTION('',(-0.,0.,-1.));
#5147 = DIRECTION('',(-0.,-1.,0.));
#5148 = ORIENTED_EDGE('',*,*,#5149,.F.);
#5149 = EDGE_CURVE('',#5150,#5141,#5152,.T.);
#5150 = VERTEX_POINT('',#5151);
#5151 = CARTESIAN_POINT('',(20.32,0.76,1.6));
#5152 = LINE('',#5153,#5154);
#5153 = CARTESIAN_POINT('',(20.32,10.115,1.6));
#5154 = VECTOR('',#5155,1.);
#5155 = DIRECTION('',(0.,-1.,0.));
#5156 = ORIENTED_EDGE('',*,*,#5157,.T.);
#5157 = EDGE_CURVE('',#5150,#5158,#5160,.T.);
#5158 = VERTEX_POINT('',#5159);
#5159 = CARTESIAN_POINT('',(20.32,1.76,1.6));
#5160 = CIRCLE('',#5161,0.5);
#5161 = AXIS2_PLACEMENT_3D('',#5162,#5163,#5164);
#5162 = CARTESIAN_POINT('',(20.32,1.26,1.6));
#5163 = DIRECTION('',(-0.,0.,-1.));
#5164 = DIRECTION('',(-0.,-1.,0.));
#5165 = ORIENTED_EDGE('',*,*,#5166,.F.);
#5166 = EDGE_CURVE('',#5167,#5158,#5169,.T.);
#5167 = VERTEX_POINT('',#5168);
#5168 = CARTESIAN_POINT('',(20.32,3.3,1.6));
#5169 = LINE('',#5170,#5171);
#5170 = CARTESIAN_POINT('',(20.32,10.115,1.6));
#5171 = VECTOR('',#5172,1.);
#5172 = DIRECTION('',(0.,-1.,0.));
#5173 = ORIENTED_EDGE('',*,*,#5174,.T.);
#5174 = EDGE_CURVE('',#5167,#5175,#5177,.T.);
#5175 = VERTEX_POINT('',#5176);
#5176 = CARTESIAN_POINT('',(20.32,4.3,1.6));
#5177 = CIRCLE('',#5178,0.5);
#5178 = AXIS2_PLACEMENT_3D('',#5179,#5180,#5181);
#5179 = CARTESIAN_POINT('',(20.32,3.8,1.6));
#5180 = DIRECTION('',(-0.,0.,-1.));
#5181 = DIRECTION('',(-0.,-1.,0.));
#5182 = ORIENTED_EDGE('',*,*,#5183,.F.);
#5183 = EDGE_CURVE('',#5184,#5175,#5186,.T.);
#5184 = VERTEX_POINT('',#5185);
#5185 = CARTESIAN_POINT('',(20.32,10.115,1.6));
#5186 = LINE('',#5187,#5188);
#5187 = CARTESIAN_POINT('',(20.32,10.115,1.6));
#5188 = VECTOR('',#5189,1.);
#5189 = DIRECTION('',(0.,-1.,0.));
#5190 = ORIENTED_EDGE('',*,*,#5191,.F.);
#5191 = EDGE_CURVE('',#5192,#5184,#5194,.T.);
#5192 = VERTEX_POINT('',#5193);
#5193 = CARTESIAN_POINT('',(-20.32,10.115,1.6));
#5194 = LINE('',#5195,#5196);
#5195 = CARTESIAN_POINT('',(-20.32,10.115,1.6));
#5196 = VECTOR('',#5197,1.);
#5197 = DIRECTION('',(1.,0.,0.));
#5198 = ORIENTED_EDGE('',*,*,#5199,.F.);
#5199 = EDGE_CURVE('',#5200,#5192,#5202,.T.);
#5200 = VERTEX_POINT('',#5201);
#5201 = CARTESIAN_POINT('',(-20.32,4.3,1.6));
#5202 = LINE('',#5203,#5204);
#5203 = CARTESIAN_POINT('',(-20.32,-10.115,1.6));
#5204 = VECTOR('',#5205,1.);
#5205 = DIRECTION('',(0.,1.,0.));
#5206 = ORIENTED_EDGE('',*,*,#5207,.T.);
#5207 = EDGE_CURVE('',#5200,#5208,#5210,.T.);
#5208 = VERTEX_POINT('',#5209);
#5209 = CARTESIAN_POINT('',(-20.32,3.3,1.6));
#5210 = CIRCLE('',#5211,0.5);
#5211 = AXIS2_PLACEMENT_3D('',#5212,#5213,#5214);
#5212 = CARTESIAN_POINT('',(-20.32,3.8,1.6));
#5213 = DIRECTION('',(-0.,0.,-1.));
#5214 = DIRECTION('',(-0.,-1.,0.));
#5215 = ORIENTED_EDGE('',*,*,#5216,.F.);
#5216 = EDGE_CURVE('',#5217,#5208,#5219,.T.);
#5217 = VERTEX_POINT('',#5218);
#5218 = CARTESIAN_POINT('',(-20.32,1.76,1.6));
#5219 = LINE('',#5220,#5221);
#5220 = CARTESIAN_POINT('',(-20.32,-10.115,1.6));
#5221 = VECTOR('',#5222,1.);
#5222 = DIRECTION('',(0.,1.,0.));
#5223 = ORIENTED_EDGE('',*,*,#5224,.T.);
#5224 = EDGE_CURVE('',#5217,#5225,#5227,.T.);
#5225 = VERTEX_POINT('',#5226);
#5226 = CARTESIAN_POINT('',(-20.32,0.76,1.6));
#5227 = CIRCLE('',#5228,0.5);
#5228 = AXIS2_PLACEMENT_3D('',#5229,#5230,#5231);
#5229 = CARTESIAN_POINT('',(-20.32,1.26,1.6));
#5230 = DIRECTION('',(-0.,0.,-1.));
#5231 = DIRECTION('',(-0.,-1.,0.));
#5232 = ORIENTED_EDGE('',*,*,#5233,.F.);
#5233 = EDGE_CURVE('',#5234,#5225,#5236,.T.);
#5234 = VERTEX_POINT('',#5235);
#5235 = CARTESIAN_POINT('',(-20.32,-0.78,1.6));
#5236 = LINE('',#5237,#5238);
#5237 = CARTESIAN_POINT('',(-20.32,-10.115,1.6));
#5238 = VECTOR('',#5239,1.);
#5239 = DIRECTION('',(0.,1.,0.));
#5240 = ORIENTED_EDGE('',*,*,#5241,.T.);
#5241 = EDGE_CURVE('',#5234,#5242,#5244,.T.);
#5242 = VERTEX_POINT('',#5243);
#5243 = CARTESIAN_POINT('',(-20.32,-1.78,1.6));
#5244 = CIRCLE('',#5245,0.5);
#5245 = AXIS2_PLACEMENT_3D('',#5246,#5247,#5248);
#5246 = CARTESIAN_POINT('',(-20.32,-1.28,1.6));
#5247 = DIRECTION('',(-0.,0.,-1.));
#5248 = DIRECTION('',(-0.,-1.,0.));
#5249 = ORIENTED_EDGE('',*,*,#5250,.F.);
#5250 = EDGE_CURVE('',#5251,#5242,#5253,.T.);
#5251 = VERTEX_POINT('',#5252);
#5252 = CARTESIAN_POINT('',(-20.32,-3.32,1.6));
#5253 = LINE('',#5254,#5255);
#5254 = CARTESIAN_POINT('',(-20.32,-10.115,1.6));
#5255 = VECTOR('',#5256,1.);
#5256 = DIRECTION('',(0.,1.,0.));
#5257 = ORIENTED_EDGE('',*,*,#5258,.T.);
#5258 = EDGE_CURVE('',#5251,#4859,#5259,.T.);
#5259 = CIRCLE('',#5260,0.5);
#5260 = AXIS2_PLACEMENT_3D('',#5261,#5262,#5263);
#5261 = CARTESIAN_POINT('',(-20.32,-3.82,1.6));
#5262 = DIRECTION('',(-0.,0.,-1.));
#5263 = DIRECTION('',(-0.,-1.,0.));
#5264 = ORIENTED_EDGE('',*,*,#4858,.F.);
#5265 = FACE_BOUND('',#5266,.T.);
#5266 = EDGE_LOOP('',(#5267));
#5267 = ORIENTED_EDGE('',*,*,#5268,.T.);
#5268 = EDGE_CURVE('',#5269,#5269,#5271,.T.);
#5269 = VERTEX_POINT('',#5270);
#5270 = CARTESIAN_POINT('',(-17.78,-4.32,1.6));
#5271 = CIRCLE('',#5272,0.5);
#5272 = AXIS2_PLACEMENT_3D('',#5273,#5274,#5275);
#5273 = CARTESIAN_POINT('',(-17.78,-3.82,1.6));
#5274 = DIRECTION('',(-0.,0.,-1.));
#5275 = DIRECTION('',(-0.,-1.,0.));
#5276 = FACE_BOUND('',#5277,.T.);
#5277 = EDGE_LOOP('',(#5278));
#5278 = ORIENTED_EDGE('',*,*,#5279,.T.);
#5279 = EDGE_CURVE('',#5280,#5280,#5282,.T.);
#5280 = VERTEX_POINT('',#5281);
#5281 = CARTESIAN_POINT('',(-17.78,-1.78,1.6));
#5282 = CIRCLE('',#5283,0.5);
#5283 = AXIS2_PLACEMENT_3D('',#5284,#5285,#5286);
#5284 = CARTESIAN_POINT('',(-17.78,-1.28,1.6));
#5285 = DIRECTION('',(-0.,0.,-1.));
#5286 = DIRECTION('',(-0.,-1.,0.));
#5287 = FACE_BOUND('',#5288,.T.);
#5288 = EDGE_LOOP('',(#5289));
#5289 = ORIENTED_EDGE('',*,*,#5290,.T.);
#5290 = EDGE_CURVE('',#5291,#5291,#5293,.T.);
#5291 = VERTEX_POINT('',#5292);
#5292 = CARTESIAN_POINT('',(17.78,-4.32,1.6));
#5293 = CIRCLE('',#5294,0.5);
#5294 = AXIS2_PLACEMENT_3D('',#5295,#5296,#5297);
#5295 = CARTESIAN_POINT('',(17.78,-3.82,1.6));
#5296 = DIRECTION('',(-0.,0.,-1.));
#5297 = DIRECTION('',(-0.,-1.,0.));
#5298 = FACE_BOUND('',#5299,.T.);
#5299 = EDGE_LOOP('',(#5300));
#5300 = ORIENTED_EDGE('',*,*,#5301,.T.);
#5301 = EDGE_CURVE('',#5302,#5302,#5304,.T.);
#5302 = VERTEX_POINT('',#5303);
#5303 = CARTESIAN_POINT('',(17.78,-1.78,1.6));
#5304 = CIRCLE('',#5305,0.5);
#5305 = AXIS2_PLACEMENT_3D('',#5306,#5307,#5308);
#5306 = CARTESIAN_POINT('',(17.78,-1.28,1.6));
#5307 = DIRECTION('',(-0.,0.,-1.));
#5308 = DIRECTION('',(-0.,-1.,0.));
#5309 = FACE_BOUND('',#5310,.T.);
#5310 = EDGE_LOOP('',(#5311));
#5311 = ORIENTED_EDGE('',*,*,#5312,.T.);
#5312 = EDGE_CURVE('',#5313,#5313,#5315,.T.);
#5313 = VERTEX_POINT('',#5314);
#5314 = CARTESIAN_POINT('',(-17.78,0.76,1.6));
#5315 = CIRCLE('',#5316,0.5);
#5316 = AXIS2_PLACEMENT_3D('',#5317,#5318,#5319);
#5317 = CARTESIAN_POINT('',(-17.78,1.26,1.6));
#5318 = DIRECTION('',(-0.,0.,-1.));
#5319 = DIRECTION('',(-0.,-1.,0.));
#5320 = FACE_BOUND('',#5321,.T.);
#5321 = EDGE_LOOP('',(#5322));
#5322 = ORIENTED_EDGE('',*,*,#5323,.T.);
#5323 = EDGE_CURVE('',#5324,#5324,#5326,.T.);
#5324 = VERTEX_POINT('',#5325);
#5325 = CARTESIAN_POINT('',(-17.78,3.3,1.6));
#5326 = CIRCLE('',#5327,0.5);
#5327 = AXIS2_PLACEMENT_3D('',#5328,#5329,#5330);
#5328 = CARTESIAN_POINT('',(-17.78,3.8,1.6));
#5329 = DIRECTION('',(-0.,0.,-1.));
#5330 = DIRECTION('',(-0.,-1.,0.));
#5331 = FACE_BOUND('',#5332,.T.);
#5332 = EDGE_LOOP('',(#5333));
#5333 = ORIENTED_EDGE('',*,*,#5334,.T.);
#5334 = EDGE_CURVE('',#5335,#5335,#5337,.T.);
#5335 = VERTEX_POINT('',#5336);
#5336 = CARTESIAN_POINT('',(17.78,0.76,1.6));
#5337 = CIRCLE('',#5338,0.5);
#5338 = AXIS2_PLACEMENT_3D('',#5339,#5340,#5341);
#5339 = CARTESIAN_POINT('',(17.78,1.26,1.6));
#5340 = DIRECTION('',(-0.,0.,-1.));
#5341 = DIRECTION('',(-0.,-1.,0.));
#5342 = FACE_BOUND('',#5343,.T.);
#5343 = EDGE_LOOP('',(#5344));
#5344 = ORIENTED_EDGE('',*,*,#5345,.T.);
#5345 = EDGE_CURVE('',#5346,#5346,#5348,.T.);
#5346 = VERTEX_POINT('',#5347);
#5347 = CARTESIAN_POINT('',(17.78,3.3,1.6));
#5348 = CIRCLE('',#5349,0.5);
#5349 = AXIS2_PLACEMENT_3D('',#5350,#5351,#5352);
#5350 = CARTESIAN_POINT('',(17.78,3.8,1.6));
#5351 = DIRECTION('',(-0.,0.,-1.));
#5352 = DIRECTION('',(-0.,-1.,0.));
#5353 = PLANE('',#5354);
#5354 = AXIS2_PLACEMENT_3D('',#5355,#5356,#5357);
#5355 = CARTESIAN_POINT('',(0.,0.,1.6));
#5356 = DIRECTION('',(0.,0.,1.));
#5357 = DIRECTION('',(1.,0.,-0.));
#5358 = ADVANCED_FACE('',(#5359),#5370,.F.);
#5359 = FACE_BOUND('',#5360,.T.);
#5360 = EDGE_LOOP('',(#5361,#5362,#5363,#5369));
#5361 = ORIENTED_EDGE('',*,*,#4826,.F.);
#5362 = ORIENTED_EDGE('',*,*,#4882,.T.);
#5363 = ORIENTED_EDGE('',*,*,#5364,.F.);
#5364 = EDGE_CURVE('',#5124,#4883,#5365,.T.);
#5365 = LINE('',#5366,#5367);
#5366 = CARTESIAN_POINT('',(20.32,-3.32,-4.5E-02));
#5367 = VECTOR('',#5368,1.);
#5368 = DIRECTION('',(-0.,-0.,-1.));
#5369 = ORIENTED_EDGE('',*,*,#5123,.F.);
#5370 = CYLINDRICAL_SURFACE('',#5371,0.5);
#5371 = AXIS2_PLACEMENT_3D('',#5372,#5373,#5374);
#5372 = CARTESIAN_POINT('',(20.32,-3.82,-4.5E-02));
#5373 = DIRECTION('',(-0.,-0.,-1.));
#5374 = DIRECTION('',(-0.,-1.,0.));
#5375 = ADVANCED_FACE('',(#5376),#5387,.F.);
#5376 = FACE_BOUND('',#5377,.T.);
#5377 = EDGE_LOOP('',(#5378,#5379,#5380,#5381));
#5378 = ORIENTED_EDGE('',*,*,#5017,.T.);
#5379 = ORIENTED_EDGE('',*,*,#4866,.T.);
#5380 = ORIENTED_EDGE('',*,*,#5258,.F.);
#5381 = ORIENTED_EDGE('',*,*,#5382,.T.);
#5382 = EDGE_CURVE('',#5251,#5010,#5383,.T.);
#5383 = LINE('',#5384,#5385);
#5384 = CARTESIAN_POINT('',(-20.32,-3.32,-4.5E-02));
#5385 = VECTOR('',#5386,1.);
#5386 = DIRECTION('',(-0.,-0.,-1.));
#5387 = CYLINDRICAL_SURFACE('',#5388,0.5);
#5388 = AXIS2_PLACEMENT_3D('',#5389,#5390,#5391);
#5389 = CARTESIAN_POINT('',(-20.32,-3.82,-4.5E-02));
#5390 = DIRECTION('',(-0.,-0.,-1.));
#5391 = DIRECTION('',(-0.,-1.,0.));
#5392 = ADVANCED_FACE('',(#5393),#5404,.T.);
#5393 = FACE_BOUND('',#5394,.T.);
#5394 = EDGE_LOOP('',(#5395,#5396,#5397,#5398));
#5395 = ORIENTED_EDGE('',*,*,#5009,.F.);
#5396 = ORIENTED_EDGE('',*,*,#5382,.F.);
#5397 = ORIENTED_EDGE('',*,*,#5250,.T.);
#5398 = ORIENTED_EDGE('',*,*,#5399,.F.);
#5399 = EDGE_CURVE('',#5001,#5242,#5400,.T.);
#5400 = LINE('',#5401,#5402);
#5401 = CARTESIAN_POINT('',(-20.32,-1.78,-4.5E-02));
#5402 = VECTOR('',#5403,1.);
#5403 = DIRECTION('',(0.,0.,1.));
#5404 = PLANE('',#5405);
#5405 = AXIS2_PLACEMENT_3D('',#5406,#5407,#5408);
#5406 = CARTESIAN_POINT('',(-20.32,-10.115,0.));
#5407 = DIRECTION('',(-1.,0.,0.));
#5408 = DIRECTION('',(0.,1.,0.));
#5409 = ADVANCED_FACE('',(#5410),#5421,.F.);
#5410 = FACE_BOUND('',#5411,.T.);
#5411 = EDGE_LOOP('',(#5412,#5413,#5414,#5415));
#5412 = ORIENTED_EDGE('',*,*,#5000,.T.);
#5413 = ORIENTED_EDGE('',*,*,#5399,.T.);
#5414 = ORIENTED_EDGE('',*,*,#5241,.F.);
#5415 = ORIENTED_EDGE('',*,*,#5416,.T.);
#5416 = EDGE_CURVE('',#5234,#4993,#5417,.T.);
#5417 = LINE('',#5418,#5419);
#5418 = CARTESIAN_POINT('',(-20.32,-0.78,-4.5E-02));
#5419 = VECTOR('',#5420,1.);
#5420 = DIRECTION('',(-0.,-0.,-1.));
#5421 = CYLINDRICAL_SURFACE('',#5422,0.5);
#5422 = AXIS2_PLACEMENT_3D('',#5423,#5424,#5425);
#5423 = CARTESIAN_POINT('',(-20.32,-1.28,-4.5E-02));
#5424 = DIRECTION('',(-0.,-0.,-1.));
#5425 = DIRECTION('',(-0.,-1.,0.));
#5426 = ADVANCED_FACE('',(#5427),#5438,.T.);
#5427 = FACE_BOUND('',#5428,.T.);
#5428 = EDGE_LOOP('',(#5429,#5430,#5431,#5432));
#5429 = ORIENTED_EDGE('',*,*,#4992,.F.);
#5430 = ORIENTED_EDGE('',*,*,#5416,.F.);
#5431 = ORIENTED_EDGE('',*,*,#5233,.T.);
#5432 = ORIENTED_EDGE('',*,*,#5433,.F.);
#5433 = EDGE_CURVE('',#4984,#5225,#5434,.T.);
#5434 = LINE('',#5435,#5436);
#5435 = CARTESIAN_POINT('',(-20.32,0.76,-4.5E-02));
#5436 = VECTOR('',#5437,1.);
#5437 = DIRECTION('',(0.,0.,1.));
#5438 = PLANE('',#5439);
#5439 = AXIS2_PLACEMENT_3D('',#5440,#5441,#5442);
#5440 = CARTESIAN_POINT('',(-20.32,-10.115,0.));
#5441 = DIRECTION('',(-1.,0.,0.));
#5442 = DIRECTION('',(0.,1.,0.));
#5443 = ADVANCED_FACE('',(#5444),#5455,.F.);
#5444 = FACE_BOUND('',#5445,.T.);
#5445 = EDGE_LOOP('',(#5446,#5447,#5448,#5449));
#5446 = ORIENTED_EDGE('',*,*,#4983,.T.);
#5447 = ORIENTED_EDGE('',*,*,#5433,.T.);
#5448 = ORIENTED_EDGE('',*,*,#5224,.F.);
#5449 = ORIENTED_EDGE('',*,*,#5450,.T.);
#5450 = EDGE_CURVE('',#5217,#4976,#5451,.T.);
#5451 = LINE('',#5452,#5453);
#5452 = CARTESIAN_POINT('',(-20.32,1.76,-4.5E-02));
#5453 = VECTOR('',#5454,1.);
#5454 = DIRECTION('',(-0.,-0.,-1.));
#5455 = CYLINDRICAL_SURFACE('',#5456,0.5);
#5456 = AXIS2_PLACEMENT_3D('',#5457,#5458,#5459);
#5457 = CARTESIAN_POINT('',(-20.32,1.26,-4.5E-02));
#5458 = DIRECTION('',(-0.,-0.,-1.));
#5459 = DIRECTION('',(-0.,-1.,0.));
#5460 = ADVANCED_FACE('',(#5461),#5472,.T.);
#5461 = FACE_BOUND('',#5462,.T.);
#5462 = EDGE_LOOP('',(#5463,#5464,#5465,#5466));
#5463 = ORIENTED_EDGE('',*,*,#4975,.F.);
#5464 = ORIENTED_EDGE('',*,*,#5450,.F.);
#5465 = ORIENTED_EDGE('',*,*,#5216,.T.);
#5466 = ORIENTED_EDGE('',*,*,#5467,.F.);
#5467 = EDGE_CURVE('',#4967,#5208,#5468,.T.);
#5468 = LINE('',#5469,#5470);
#5469 = CARTESIAN_POINT('',(-20.32,3.3,-4.5E-02));
#5470 = VECTOR('',#5471,1.);
#5471 = DIRECTION('',(0.,0.,1.));
#5472 = PLANE('',#5473);
#5473 = AXIS2_PLACEMENT_3D('',#5474,#5475,#5476);
#5474 = CARTESIAN_POINT('',(-20.32,-10.115,0.));
#5475 = DIRECTION('',(-1.,0.,0.));
#5476 = DIRECTION('',(0.,1.,0.));
#5477 = ADVANCED_FACE('',(#5478),#5489,.F.);
#5478 = FACE_BOUND('',#5479,.T.);
#5479 = EDGE_LOOP('',(#5480,#5481,#5482,#5483));
#5480 = ORIENTED_EDGE('',*,*,#4966,.T.);
#5481 = ORIENTED_EDGE('',*,*,#5467,.T.);
#5482 = ORIENTED_EDGE('',*,*,#5207,.F.);
#5483 = ORIENTED_EDGE('',*,*,#5484,.T.);
#5484 = EDGE_CURVE('',#5200,#4959,#5485,.T.);
#5485 = LINE('',#5486,#5487);
#5486 = CARTESIAN_POINT('',(-20.32,4.3,-4.5E-02));
#5487 = VECTOR('',#5488,1.);
#5488 = DIRECTION('',(-0.,-0.,-1.));
#5489 = CYLINDRICAL_SURFACE('',#5490,0.5);
#5490 = AXIS2_PLACEMENT_3D('',#5491,#5492,#5493);
#5491 = CARTESIAN_POINT('',(-20.32,3.8,-4.5E-02));
#5492 = DIRECTION('',(-0.,-0.,-1.));
#5493 = DIRECTION('',(-0.,-1.,0.));
#5494 = ADVANCED_FACE('',(#5495),#5506,.T.);
#5495 = FACE_BOUND('',#5496,.T.);
#5496 = EDGE_LOOP('',(#5497,#5498,#5499,#5500));
#5497 = ORIENTED_EDGE('',*,*,#4958,.F.);
#5498 = ORIENTED_EDGE('',*,*,#5484,.F.);
#5499 = ORIENTED_EDGE('',*,*,#5199,.T.);
#5500 = ORIENTED_EDGE('',*,*,#5501,.F.);
#5501 = EDGE_CURVE('',#4951,#5192,#5502,.T.);
#5502 = LINE('',#5503,#5504);
#5503 = CARTESIAN_POINT('',(-20.32,10.115,0.));
#5504 = VECTOR('',#5505,1.);
#5505 = DIRECTION('',(0.,0.,1.));
#5506 = PLANE('',#5507);
#5507 = AXIS2_PLACEMENT_3D('',#5508,#5509,#5510);
#5508 = CARTESIAN_POINT('',(-20.32,-10.115,0.));
#5509 = DIRECTION('',(-1.,0.,0.));
#5510 = DIRECTION('',(0.,1.,0.));
#5511 = ADVANCED_FACE('',(#5512),#5523,.T.);
#5512 = FACE_BOUND('',#5513,.T.);
#5513 = EDGE_LOOP('',(#5514,#5515,#5516,#5522));
#5514 = ORIENTED_EDGE('',*,*,#5501,.T.);
#5515 = ORIENTED_EDGE('',*,*,#5191,.T.);
#5516 = ORIENTED_EDGE('',*,*,#5517,.F.);
#5517 = EDGE_CURVE('',#4943,#5184,#5518,.T.);
#5518 = LINE('',#5519,#5520);
#5519 = CARTESIAN_POINT('',(20.32,10.115,0.));
#5520 = VECTOR('',#5521,1.);
#5521 = DIRECTION('',(0.,0.,1.));
#5522 = ORIENTED_EDGE('',*,*,#4950,.F.);
#5523 = PLANE('',#5524);
#5524 = AXIS2_PLACEMENT_3D('',#5525,#5526,#5527);
#5525 = CARTESIAN_POINT('',(-20.32,10.115,0.));
#5526 = DIRECTION('',(0.,1.,0.));
#5527 = DIRECTION('',(1.,0.,0.));
#5528 = ADVANCED_FACE('',(#5529),#5540,.T.);
#5529 = FACE_BOUND('',#5530,.T.);
#5530 = EDGE_LOOP('',(#5531,#5532,#5533,#5534));
#5531 = ORIENTED_EDGE('',*,*,#4942,.F.);
#5532 = ORIENTED_EDGE('',*,*,#5517,.T.);
#5533 = ORIENTED_EDGE('',*,*,#5183,.T.);
#5534 = ORIENTED_EDGE('',*,*,#5535,.T.);
#5535 = EDGE_CURVE('',#5175,#4934,#5536,.T.);
#5536 = LINE('',#5537,#5538);
#5537 = CARTESIAN_POINT('',(20.32,4.3,-4.5E-02));
#5538 = VECTOR('',#5539,1.);
#5539 = DIRECTION('',(-0.,-0.,-1.));
#5540 = PLANE('',#5541);
#5541 = AXIS2_PLACEMENT_3D('',#5542,#5543,#5544);
#5542 = CARTESIAN_POINT('',(20.32,10.115,0.));
#5543 = DIRECTION('',(1.,0.,-0.));
#5544 = DIRECTION('',(0.,-1.,0.));
#5545 = ADVANCED_FACE('',(#5546),#5557,.F.);
#5546 = FACE_BOUND('',#5547,.T.);
#5547 = EDGE_LOOP('',(#5548,#5554,#5555,#5556));
#5548 = ORIENTED_EDGE('',*,*,#5549,.F.);
#5549 = EDGE_CURVE('',#4926,#5167,#5550,.T.);
#5550 = LINE('',#5551,#5552);
#5551 = CARTESIAN_POINT('',(20.32,3.3,-4.5E-02));
#5552 = VECTOR('',#5553,1.);
#5553 = DIRECTION('',(0.,0.,1.));
#5554 = ORIENTED_EDGE('',*,*,#4933,.T.);
#5555 = ORIENTED_EDGE('',*,*,#5535,.F.);
#5556 = ORIENTED_EDGE('',*,*,#5174,.F.);
#5557 = CYLINDRICAL_SURFACE('',#5558,0.5);
#5558 = AXIS2_PLACEMENT_3D('',#5559,#5560,#5561);
#5559 = CARTESIAN_POINT('',(20.32,3.8,-4.5E-02));
#5560 = DIRECTION('',(-0.,-0.,-1.));
#5561 = DIRECTION('',(-0.,-1.,0.));
#5562 = ADVANCED_FACE('',(#5563),#5574,.T.);
#5563 = FACE_BOUND('',#5564,.T.);
#5564 = EDGE_LOOP('',(#5565,#5566,#5567,#5568));
#5565 = ORIENTED_EDGE('',*,*,#4925,.F.);
#5566 = ORIENTED_EDGE('',*,*,#5549,.T.);
#5567 = ORIENTED_EDGE('',*,*,#5166,.T.);
#5568 = ORIENTED_EDGE('',*,*,#5569,.T.);
#5569 = EDGE_CURVE('',#5158,#4917,#5570,.T.);
#5570 = LINE('',#5571,#5572);
#5571 = CARTESIAN_POINT('',(20.32,1.76,-4.5E-02));
#5572 = VECTOR('',#5573,1.);
#5573 = DIRECTION('',(-0.,-0.,-1.));
#5574 = PLANE('',#5575);
#5575 = AXIS2_PLACEMENT_3D('',#5576,#5577,#5578);
#5576 = CARTESIAN_POINT('',(20.32,10.115,0.));
#5577 = DIRECTION('',(1.,0.,-0.));
#5578 = DIRECTION('',(0.,-1.,0.));
#5579 = ADVANCED_FACE('',(#5580),#5591,.F.);
#5580 = FACE_BOUND('',#5581,.T.);
#5581 = EDGE_LOOP('',(#5582,#5588,#5589,#5590));
#5582 = ORIENTED_EDGE('',*,*,#5583,.F.);
#5583 = EDGE_CURVE('',#4909,#5150,#5584,.T.);
#5584 = LINE('',#5585,#5586);
#5585 = CARTESIAN_POINT('',(20.32,0.76,-4.5E-02));
#5586 = VECTOR('',#5587,1.);
#5587 = DIRECTION('',(0.,0.,1.));
#5588 = ORIENTED_EDGE('',*,*,#4916,.T.);
#5589 = ORIENTED_EDGE('',*,*,#5569,.F.);
#5590 = ORIENTED_EDGE('',*,*,#5157,.F.);
#5591 = CYLINDRICAL_SURFACE('',#5592,0.5);
#5592 = AXIS2_PLACEMENT_3D('',#5593,#5594,#5595);
#5593 = CARTESIAN_POINT('',(20.32,1.26,-4.5E-02));
#5594 = DIRECTION('',(-0.,-0.,-1.));
#5595 = DIRECTION('',(-0.,-1.,0.));
#5596 = ADVANCED_FACE('',(#5597),#5608,.T.);
#5597 = FACE_BOUND('',#5598,.T.);
#5598 = EDGE_LOOP('',(#5599,#5600,#5601,#5602));
#5599 = ORIENTED_EDGE('',*,*,#4908,.F.);
#5600 = ORIENTED_EDGE('',*,*,#5583,.T.);
#5601 = ORIENTED_EDGE('',*,*,#5149,.T.);
#5602 = ORIENTED_EDGE('',*,*,#5603,.T.);
#5603 = EDGE_CURVE('',#5141,#4900,#5604,.T.);
#5604 = LINE('',#5605,#5606);
#5605 = CARTESIAN_POINT('',(20.32,-0.78,-4.5E-02));
#5606 = VECTOR('',#5607,1.);
#5607 = DIRECTION('',(-0.,-0.,-1.));
#5608 = PLANE('',#5609);
#5609 = AXIS2_PLACEMENT_3D('',#5610,#5611,#5612);
#5610 = CARTESIAN_POINT('',(20.32,10.115,0.));
#5611 = DIRECTION('',(1.,0.,-0.));
#5612 = DIRECTION('',(0.,-1.,0.));
#5613 = ADVANCED_FACE('',(#5614),#5625,.F.);
#5614 = FACE_BOUND('',#5615,.T.);
#5615 = EDGE_LOOP('',(#5616,#5622,#5623,#5624));
#5616 = ORIENTED_EDGE('',*,*,#5617,.F.);
#5617 = EDGE_CURVE('',#4892,#5133,#5618,.T.);
#5618 = LINE('',#5619,#5620);
#5619 = CARTESIAN_POINT('',(20.32,-1.78,-4.5E-02));
#5620 = VECTOR('',#5621,1.);
#5621 = DIRECTION('',(0.,0.,1.));
#5622 = ORIENTED_EDGE('',*,*,#4899,.T.);
#5623 = ORIENTED_EDGE('',*,*,#5603,.F.);
#5624 = ORIENTED_EDGE('',*,*,#5140,.F.);
#5625 = CYLINDRICAL_SURFACE('',#5626,0.5);
#5626 = AXIS2_PLACEMENT_3D('',#5627,#5628,#5629);
#5627 = CARTESIAN_POINT('',(20.32,-1.28,-4.5E-02));
#5628 = DIRECTION('',(-0.,-0.,-1.));
#5629 = DIRECTION('',(-0.,-1.,0.));
#5630 = ADVANCED_FACE('',(#5631),#5637,.T.);
#5631 = FACE_BOUND('',#5632,.T.);
#5632 = EDGE_LOOP('',(#5633,#5634,#5635,#5636));
#5633 = ORIENTED_EDGE('',*,*,#4891,.F.);
#5634 = ORIENTED_EDGE('',*,*,#5617,.T.);
#5635 = ORIENTED_EDGE('',*,*,#5132,.T.);
#5636 = ORIENTED_EDGE('',*,*,#5364,.T.);
#5637 = PLANE('',#5638);
#5638 = AXIS2_PLACEMENT_3D('',#5639,#5640,#5641);
#5639 = CARTESIAN_POINT('',(20.32,10.115,0.));
#5640 = DIRECTION('',(1.,0.,-0.));
#5641 = DIRECTION('',(0.,-1.,0.));
#5642 = ADVANCED_FACE('',(#5643),#5654,.F.);
#5643 = FACE_BOUND('',#5644,.T.);
#5644 = EDGE_LOOP('',(#5645,#5646,#5652,#5653));
#5645 = ORIENTED_EDGE('',*,*,#5027,.T.);
#5646 = ORIENTED_EDGE('',*,*,#5647,.T.);
#5647 = EDGE_CURVE('',#5028,#5269,#5648,.T.);
#5648 = LINE('',#5649,#5650);
#5649 = CARTESIAN_POINT('',(-17.78,-4.32,-4.5E-02));
#5650 = VECTOR('',#5651,1.);
#5651 = DIRECTION('',(0.,0.,1.));
#5652 = ORIENTED_EDGE('',*,*,#5268,.F.);
#5653 = ORIENTED_EDGE('',*,*,#5647,.F.);
#5654 = CYLINDRICAL_SURFACE('',#5655,0.5);
#5655 = AXIS2_PLACEMENT_3D('',#5656,#5657,#5658);
#5656 = CARTESIAN_POINT('',(-17.78,-3.82,-4.5E-02));
#5657 = DIRECTION('',(-0.,-0.,-1.));
#5658 = DIRECTION('',(-0.,-1.,0.));
#5659 = ADVANCED_FACE('',(#5660),#5671,.F.);
#5660 = FACE_BOUND('',#5661,.T.);
#5661 = EDGE_LOOP('',(#5662,#5663,#5669,#5670));
#5662 = ORIENTED_EDGE('',*,*,#5038,.T.);
#5663 = ORIENTED_EDGE('',*,*,#5664,.T.);
#5664 = EDGE_CURVE('',#5039,#5280,#5665,.T.);
#5665 = LINE('',#5666,#5667);
#5666 = CARTESIAN_POINT('',(-17.78,-1.78,-4.5E-02));
#5667 = VECTOR('',#5668,1.);
#5668 = DIRECTION('',(0.,0.,1.));
#5669 = ORIENTED_EDGE('',*,*,#5279,.F.);
#5670 = ORIENTED_EDGE('',*,*,#5664,.F.);
#5671 = CYLINDRICAL_SURFACE('',#5672,0.5);
#5672 = AXIS2_PLACEMENT_3D('',#5673,#5674,#5675);
#5673 = CARTESIAN_POINT('',(-17.78,-1.28,-4.5E-02));
#5674 = DIRECTION('',(-0.,-0.,-1.));
#5675 = DIRECTION('',(-0.,-1.,0.));
#5676 = ADVANCED_FACE('',(#5677),#5688,.F.);
#5677 = FACE_BOUND('',#5678,.T.);
#5678 = EDGE_LOOP('',(#5679,#5680,#5686,#5687));
#5679 = ORIENTED_EDGE('',*,*,#5049,.T.);
#5680 = ORIENTED_EDGE('',*,*,#5681,.T.);
#5681 = EDGE_CURVE('',#5050,#5291,#5682,.T.);
#5682 = LINE('',#5683,#5684);
#5683 = CARTESIAN_POINT('',(17.78,-4.32,-4.5E-02));
#5684 = VECTOR('',#5685,1.);
#5685 = DIRECTION('',(0.,0.,1.));
#5686 = ORIENTED_EDGE('',*,*,#5290,.F.);
#5687 = ORIENTED_EDGE('',*,*,#5681,.F.);
#5688 = CYLINDRICAL_SURFACE('',#5689,0.5);
#5689 = AXIS2_PLACEMENT_3D('',#5690,#5691,#5692);
#5690 = CARTESIAN_POINT('',(17.78,-3.82,-4.5E-02));
#5691 = DIRECTION('',(-0.,-0.,-1.));
#5692 = DIRECTION('',(-0.,-1.,0.));
#5693 = ADVANCED_FACE('',(#5694),#5705,.F.);
#5694 = FACE_BOUND('',#5695,.T.);
#5695 = EDGE_LOOP('',(#5696,#5697,#5703,#5704));
#5696 = ORIENTED_EDGE('',*,*,#5060,.T.);
#5697 = ORIENTED_EDGE('',*,*,#5698,.T.);
#5698 = EDGE_CURVE('',#5061,#5302,#5699,.T.);
#5699 = LINE('',#5700,#5701);
#5700 = CARTESIAN_POINT('',(17.78,-1.78,-4.5E-02));
#5701 = VECTOR('',#5702,1.);
#5702 = DIRECTION('',(0.,0.,1.));
#5703 = ORIENTED_EDGE('',*,*,#5301,.F.);
#5704 = ORIENTED_EDGE('',*,*,#5698,.F.);
#5705 = CYLINDRICAL_SURFACE('',#5706,0.5);
#5706 = AXIS2_PLACEMENT_3D('',#5707,#5708,#5709);
#5707 = CARTESIAN_POINT('',(17.78,-1.28,-4.5E-02));
#5708 = DIRECTION('',(-0.,-0.,-1.));
#5709 = DIRECTION('',(-0.,-1.,0.));
#5710 = ADVANCED_FACE('',(#5711),#5722,.F.);
#5711 = FACE_BOUND('',#5712,.T.);
#5712 = EDGE_LOOP('',(#5713,#5714,#5720,#5721));
#5713 = ORIENTED_EDGE('',*,*,#5071,.T.);
#5714 = ORIENTED_EDGE('',*,*,#5715,.T.);
#5715 = EDGE_CURVE('',#5072,#5313,#5716,.T.);
#5716 = LINE('',#5717,#5718);
#5717 = CARTESIAN_POINT('',(-17.78,0.76,-4.5E-02));
#5718 = VECTOR('',#5719,1.);
#5719 = DIRECTION('',(0.,0.,1.));
#5720 = ORIENTED_EDGE('',*,*,#5312,.F.);
#5721 = ORIENTED_EDGE('',*,*,#5715,.F.);
#5722 = CYLINDRICAL_SURFACE('',#5723,0.5);
#5723 = AXIS2_PLACEMENT_3D('',#5724,#5725,#5726);
#5724 = CARTESIAN_POINT('',(-17.78,1.26,-4.5E-02));
#5725 = DIRECTION('',(-0.,-0.,-1.));
#5726 = DIRECTION('',(-0.,-1.,0.));
#5727 = ADVANCED_FACE('',(#5728),#5739,.F.);
#5728 = FACE_BOUND('',#5729,.T.);
#5729 = EDGE_LOOP('',(#5730,#5731,#5737,#5738));
#5730 = ORIENTED_EDGE('',*,*,#5082,.T.);
#5731 = ORIENTED_EDGE('',*,*,#5732,.T.);
#5732 = EDGE_CURVE('',#5083,#5324,#5733,.T.);
#5733 = LINE('',#5734,#5735);
#5734 = CARTESIAN_POINT('',(-17.78,3.3,-4.5E-02));
#5735 = VECTOR('',#5736,1.);
#5736 = DIRECTION('',(0.,0.,1.));
#5737 = ORIENTED_EDGE('',*,*,#5323,.F.);
#5738 = ORIENTED_EDGE('',*,*,#5732,.F.);
#5739 = CYLINDRICAL_SURFACE('',#5740,0.5);
#5740 = AXIS2_PLACEMENT_3D('',#5741,#5742,#5743);
#5741 = CARTESIAN_POINT('',(-17.78,3.8,-4.5E-02));
#5742 = DIRECTION('',(-0.,-0.,-1.));
#5743 = DIRECTION('',(-0.,-1.,0.));
#5744 = ADVANCED_FACE('',(#5745),#5756,.F.);
#5745 = FACE_BOUND('',#5746,.T.);
#5746 = EDGE_LOOP('',(#5747,#5748,#5754,#5755));
#5747 = ORIENTED_EDGE('',*,*,#5093,.T.);
#5748 = ORIENTED_EDGE('',*,*,#5749,.T.);
#5749 = EDGE_CURVE('',#5094,#5335,#5750,.T.);
#5750 = LINE('',#5751,#5752);
#5751 = CARTESIAN_POINT('',(17.78,0.76,-4.5E-02));
#5752 = VECTOR('',#5753,1.);
#5753 = DIRECTION('',(0.,0.,1.));
#5754 = ORIENTED_EDGE('',*,*,#5334,.F.);
#5755 = ORIENTED_EDGE('',*,*,#5749,.F.);
#5756 = CYLINDRICAL_SURFACE('',#5757,0.5);
#5757 = AXIS2_PLACEMENT_3D('',#5758,#5759,#5760);
#5758 = CARTESIAN_POINT('',(17.78,1.26,-4.5E-02));
#5759 = DIRECTION('',(-0.,-0.,-1.));
#5760 = DIRECTION('',(-0.,-1.,0.));
#5761 = ADVANCED_FACE('',(#5762),#5773,.F.);
#5762 = FACE_BOUND('',#5763,.T.);
#5763 = EDGE_LOOP('',(#5764,#5765,#5771,#5772));
#5764 = ORIENTED_EDGE('',*,*,#5104,.T.);
#5765 = ORIENTED_EDGE('',*,*,#5766,.T.);
#5766 = EDGE_CURVE('',#5105,#5346,#5767,.T.);
#5767 = LINE('',#5768,#5769);
#5768 = CARTESIAN_POINT('',(17.78,3.3,-4.5E-02));
#5769 = VECTOR('',#5770,1.);
#5770 = DIRECTION('',(0.,0.,1.));
#5771 = ORIENTED_EDGE('',*,*,#5345,.F.);
#5772 = ORIENTED_EDGE('',*,*,#5766,.F.);
#5773 = CYLINDRICAL_SURFACE('',#5774,0.5);
#5774 = AXIS2_PLACEMENT_3D('',#5775,#5776,#5777);
#5775 = CARTESIAN_POINT('',(17.78,3.8,-4.5E-02));
#5776 = DIRECTION('',(-0.,-0.,-1.));
#5777 = DIRECTION('',(-0.,-1.,0.));
#5778 = ( GEOMETRIC_REPRESENTATION_CONTEXT(3) 
GLOBAL_UNCERTAINTY_ASSIGNED_CONTEXT((#5782)) 
GLOBAL_UNIT_ASSIGNED_CONTEXT((#5779,#5780,#5781)) REPRESENTATION_CONTEXT
('Context #1','3D Context with UNIT and UNCERTAINTY') );
#5779 = ( LENGTH_UNIT() NAMED_UNIT(*) SI_UNIT(.MILLI.,.METRE.) );
#5780 = ( NAMED_UNIT(*) PLANE_ANGLE_UNIT() SI_UNIT($,.RADIAN.) );
#5781 = ( NAMED_UNIT(*) SI_UNIT($,.STERADIAN.) SOLID_ANGLE_UNIT() );
#5782 = UNCERTAINTY_MEASURE_WITH_UNIT(LENGTH_MEASURE(1.E-07),#5779,
  'distance_accuracy_value','confusion accuracy');
#5783 = CONTEXT_DEPENDENT_SHAPE_REPRESENTATION(#5784,#5786);
#5784 = ( REPRESENTATION_RELATIONSHIP('','',#4771,#10) 
REPRESENTATION_RELATIONSHIP_WITH_TRANSFORMATION(#5785) 
SHAPE_REPRESENTATION_RELATIONSHIP() );
#5785 = ITEM_DEFINED_TRANSFORMATION('','',#11,#23);
#5786 = PRODUCT_DEFINITION_SHAPE('Placement','Placement of an item',
  #5787);
#5787 = NEXT_ASSEMBLY_USAGE_OCCURRENCE('4','=>[0:1:1:4]','',#5,#4766,$);
#5788 = PRODUCT_RELATED_PRODUCT_CATEGORY('part',$,(#4768));
#5789 = MECHANICAL_DESIGN_GEOMETRIC_PRESENTATION_REPRESENTATION('',(
    #5790),#5778);
#5790 = STYLED_ITEM('color',(#5791),#4772);
#5791 = PRESENTATION_STYLE_ASSIGNMENT((#5792));
#5792 = SURFACE_STYLE_USAGE(.BOTH.,#5793);
#5793 = SURFACE_SIDE_STYLE('',(#5794));
#5794 = SURFACE_STYLE_FILL_AREA(#5795);
#5795 = FILL_AREA_STYLE('',(#5796));
#5796 = FILL_AREA_STYLE_COLOUR('',#5797);
#5797 = COLOUR_RGB('',0.313304153717,0.484529207832,0.410020903123);
#5798 = MECHANICAL_DESIGN_GEOMETRIC_PRESENTATION_REPRESENTATION('',(
    #5799,#5807,#5814,#5821,#5828,#5835,#5842,#5849,#5856,#5863,#5870,
    #5877,#5884,#5891,#5898,#5905,#5912,#5919,#5926,#5933,#5940,#5947,
    #5954,#5961,#5968,#5975,#5982,#5989,#5996,#6004,#6011,#6018,#6025,
    #6032,#6039,#6046,#6053,#6060,#6067,#6074,#6081,#6088,#6095,#6102,
    #6109,#6116,#6123,#6130,#6137,#6144,#6151,#6158,#6165,#6172,#6179,
    #6186,#6193,#6200,#6207,#6214,#6221,#6228,#6235,#6242,#6249,#6256,
    #6263,#6270,#6277,#6284,#6291,#6298,#6305,#6312,#6319,#6326,#6333,
    #6340,#6347,#6354,#6361,#6368,#6375,#6382,#6389,#6396,#6403,#6410,
    #6417,#6424,#6431,#6438,#6445,#6452,#6459,#6466,#6473,#6480,#6487,
    #6494,#6501,#6508,#6515,#6522,#6529,#6536,#6543,#6550,#6557,#6564,
    #6571,#6578,#6585,#6592,#6599,#6606,#6613,#6620,#6627,#6634,#6641,
    #6648,#6655,#6662,#6669,#6676,#6683,#6690,#6697,#6704,#6711,#6718,
    #6725,#6732,#6739,#6746,#6753,#6760,#6767,#6774,#6781,#6788,#6795,
    #6802,#6809,#6816,#6823,#6830,#6837,#6844,#6851,#6858,#6865,#6872,
    #6879,#6886,#6893,#6900,#6907,#6914,#6921,#6928,#6935,#6942,#6949,
    #6956,#6963,#6970,#6977,#6984,#6991,#6998),#4748);
#5799 = STYLED_ITEM('color',(#5800),#66);
#5800 = PRESENTATION_STYLE_ASSIGNMENT((#5801));
#5801 = SURFACE_STYLE_USAGE(.BOTH.,#5802);
#5802 = SURFACE_SIDE_STYLE('',(#5803));
#5803 = SURFACE_STYLE_FILL_AREA(#5804);
#5804 = FILL_AREA_STYLE('',(#5805));
#5805 = FILL_AREA_STYLE_COLOUR('',#5806);
#5806 = COLOUR_RGB('',0.147999998088,0.144999993226,0.144999993226);
#5807 = STYLED_ITEM('color',(#5808),#106);
#5808 = PRESENTATION_STYLE_ASSIGNMENT((#5809));
#5809 = SURFACE_STYLE_USAGE(.BOTH.,#5810);
#5810 = SURFACE_SIDE_STYLE('',(#5811));
#5811 = SURFACE_STYLE_FILL_AREA(#5812);
#5812 = FILL_AREA_STYLE('',(#5813));
#5813 = FILL_AREA_STYLE_COLOUR('',#5806);
#5814 = STYLED_ITEM('color',(#5815),#137);
#5815 = PRESENTATION_STYLE_ASSIGNMENT((#5816));
#5816 = SURFACE_STYLE_USAGE(.BOTH.,#5817);
#5817 = SURFACE_SIDE_STYLE('',(#5818));
#5818 = SURFACE_STYLE_FILL_AREA(#5819);
#5819 = FILL_AREA_STYLE('',(#5820));
#5820 = FILL_AREA_STYLE_COLOUR('',#5806);
#5821 = STYLED_ITEM('color',(#5822),#168);
#5822 = PRESENTATION_STYLE_ASSIGNMENT((#5823));
#5823 = SURFACE_STYLE_USAGE(.BOTH.,#5824);
#5824 = SURFACE_SIDE_STYLE('',(#5825));
#5825 = SURFACE_STYLE_FILL_AREA(#5826);
#5826 = FILL_AREA_STYLE('',(#5827));
#5827 = FILL_AREA_STYLE_COLOUR('',#5806);
#5828 = STYLED_ITEM('color',(#5829),#633);
#5829 = PRESENTATION_STYLE_ASSIGNMENT((#5830));
#5830 = SURFACE_STYLE_USAGE(.BOTH.,#5831);
#5831 = SURFACE_SIDE_STYLE('',(#5832));
#5832 = SURFACE_STYLE_FILL_AREA(#5833);
#5833 = FILL_AREA_STYLE('',(#5834));
#5834 = FILL_AREA_STYLE_COLOUR('',#5806);
#5835 = STYLED_ITEM('color',(#5836),#1098);
#5836 = PRESENTATION_STYLE_ASSIGNMENT((#5837));
#5837 = SURFACE_STYLE_USAGE(.BOTH.,#5838);
#5838 = SURFACE_SIDE_STYLE('',(#5839));
#5839 = SURFACE_STYLE_FILL_AREA(#5840);
#5840 = FILL_AREA_STYLE('',(#5841));
#5841 = FILL_AREA_STYLE_COLOUR('',#5806);
#5842 = STYLED_ITEM('color',(#5843),#1115);
#5843 = PRESENTATION_STYLE_ASSIGNMENT((#5844));
#5844 = SURFACE_STYLE_USAGE(.BOTH.,#5845);
#5845 = SURFACE_SIDE_STYLE('',(#5846));
#5846 = SURFACE_STYLE_FILL_AREA(#5847);
#5847 = FILL_AREA_STYLE('',(#5848));
#5848 = FILL_AREA_STYLE_COLOUR('',#5806);
#5849 = STYLED_ITEM('color',(#5850),#1132);
#5850 = PRESENTATION_STYLE_ASSIGNMENT((#5851));
#5851 = SURFACE_STYLE_USAGE(.BOTH.,#5852);
#5852 = SURFACE_SIDE_STYLE('',(#5853));
#5853 = SURFACE_STYLE_FILL_AREA(#5854);
#5854 = FILL_AREA_STYLE('',(#5855));
#5855 = FILL_AREA_STYLE_COLOUR('',#5806);
#5856 = STYLED_ITEM('color',(#5857),#1149);
#5857 = PRESENTATION_STYLE_ASSIGNMENT((#5858));
#5858 = SURFACE_STYLE_USAGE(.BOTH.,#5859);
#5859 = SURFACE_SIDE_STYLE('',(#5860));
#5860 = SURFACE_STYLE_FILL_AREA(#5861);
#5861 = FILL_AREA_STYLE('',(#5862));
#5862 = FILL_AREA_STYLE_COLOUR('',#5806);
#5863 = STYLED_ITEM('color',(#5864),#1166);
#5864 = PRESENTATION_STYLE_ASSIGNMENT((#5865));
#5865 = SURFACE_STYLE_USAGE(.BOTH.,#5866);
#5866 = SURFACE_SIDE_STYLE('',(#5867));
#5867 = SURFACE_STYLE_FILL_AREA(#5868);
#5868 = FILL_AREA_STYLE('',(#5869));
#5869 = FILL_AREA_STYLE_COLOUR('',#5806);
#5870 = STYLED_ITEM('color',(#5871),#1183);
#5871 = PRESENTATION_STYLE_ASSIGNMENT((#5872));
#5872 = SURFACE_STYLE_USAGE(.BOTH.,#5873);
#5873 = SURFACE_SIDE_STYLE('',(#5874));
#5874 = SURFACE_STYLE_FILL_AREA(#5875);
#5875 = FILL_AREA_STYLE('',(#5876));
#5876 = FILL_AREA_STYLE_COLOUR('',#5806);
#5877 = STYLED_ITEM('color',(#5878),#1200);
#5878 = PRESENTATION_STYLE_ASSIGNMENT((#5879));
#5879 = SURFACE_STYLE_USAGE(.BOTH.,#5880);
#5880 = SURFACE_SIDE_STYLE('',(#5881));
#5881 = SURFACE_STYLE_FILL_AREA(#5882);
#5882 = FILL_AREA_STYLE('',(#5883));
#5883 = FILL_AREA_STYLE_COLOUR('',#5806);
#5884 = STYLED_ITEM('color',(#5885),#1217);
#5885 = PRESENTATION_STYLE_ASSIGNMENT((#5886));
#5886 = SURFACE_STYLE_USAGE(.BOTH.,#5887);
#5887 = SURFACE_SIDE_STYLE('',(#5888));
#5888 = SURFACE_STYLE_FILL_AREA(#5889);
#5889 = FILL_AREA_STYLE('',(#5890));
#5890 = FILL_AREA_STYLE_COLOUR('',#5806);
#5891 = STYLED_ITEM('color',(#5892),#1234);
#5892 = PRESENTATION_STYLE_ASSIGNMENT((#5893));
#5893 = SURFACE_STYLE_USAGE(.BOTH.,#5894);
#5894 = SURFACE_SIDE_STYLE('',(#5895));
#5895 = SURFACE_STYLE_FILL_AREA(#5896);
#5896 = FILL_AREA_STYLE('',(#5897));
#5897 = FILL_AREA_STYLE_COLOUR('',#5806);
#5898 = STYLED_ITEM('color',(#5899),#1251);
#5899 = PRESENTATION_STYLE_ASSIGNMENT((#5900));
#5900 = SURFACE_STYLE_USAGE(.BOTH.,#5901);
#5901 = SURFACE_SIDE_STYLE('',(#5902));
#5902 = SURFACE_STYLE_FILL_AREA(#5903);
#5903 = FILL_AREA_STYLE('',(#5904));
#5904 = FILL_AREA_STYLE_COLOUR('',#5806);
#5905 = STYLED_ITEM('color',(#5906),#1268);
#5906 = PRESENTATION_STYLE_ASSIGNMENT((#5907));
#5907 = SURFACE_STYLE_USAGE(.BOTH.,#5908);
#5908 = SURFACE_SIDE_STYLE('',(#5909));
#5909 = SURFACE_STYLE_FILL_AREA(#5910);
#5910 = FILL_AREA_STYLE('',(#5911));
#5911 = FILL_AREA_STYLE_COLOUR('',#5806);
#5912 = STYLED_ITEM('color',(#5913),#1285);
#5913 = PRESENTATION_STYLE_ASSIGNMENT((#5914));
#5914 = SURFACE_STYLE_USAGE(.BOTH.,#5915);
#5915 = SURFACE_SIDE_STYLE('',(#5916));
#5916 = SURFACE_STYLE_FILL_AREA(#5917);
#5917 = FILL_AREA_STYLE('',(#5918));
#5918 = FILL_AREA_STYLE_COLOUR('',#5806);
#5919 = STYLED_ITEM('color',(#5920),#1302);
#5920 = PRESENTATION_STYLE_ASSIGNMENT((#5921));
#5921 = SURFACE_STYLE_USAGE(.BOTH.,#5922);
#5922 = SURFACE_SIDE_STYLE('',(#5923));
#5923 = SURFACE_STYLE_FILL_AREA(#5924);
#5924 = FILL_AREA_STYLE('',(#5925));
#5925 = FILL_AREA_STYLE_COLOUR('',#5806);
#5926 = STYLED_ITEM('color',(#5927),#1319);
#5927 = PRESENTATION_STYLE_ASSIGNMENT((#5928));
#5928 = SURFACE_STYLE_USAGE(.BOTH.,#5929);
#5929 = SURFACE_SIDE_STYLE('',(#5930));
#5930 = SURFACE_STYLE_FILL_AREA(#5931);
#5931 = FILL_AREA_STYLE('',(#5932));
#5932 = FILL_AREA_STYLE_COLOUR('',#5806);
#5933 = STYLED_ITEM('color',(#5934),#1336);
#5934 = PRESENTATION_STYLE_ASSIGNMENT((#5935));
#5935 = SURFACE_STYLE_USAGE(.BOTH.,#5936);
#5936 = SURFACE_SIDE_STYLE('',(#5937));
#5937 = SURFACE_STYLE_FILL_AREA(#5938);
#5938 = FILL_AREA_STYLE('',(#5939));
#5939 = FILL_AREA_STYLE_COLOUR('',#5806);
#5940 = STYLED_ITEM('color',(#5941),#1353);
#5941 = PRESENTATION_STYLE_ASSIGNMENT((#5942));
#5942 = SURFACE_STYLE_USAGE(.BOTH.,#5943);
#5943 = SURFACE_SIDE_STYLE('',(#5944));
#5944 = SURFACE_STYLE_FILL_AREA(#5945);
#5945 = FILL_AREA_STYLE('',(#5946));
#5946 = FILL_AREA_STYLE_COLOUR('',#5806);
#5947 = STYLED_ITEM('color',(#5948),#1370);
#5948 = PRESENTATION_STYLE_ASSIGNMENT((#5949));
#5949 = SURFACE_STYLE_USAGE(.BOTH.,#5950);
#5950 = SURFACE_SIDE_STYLE('',(#5951));
#5951 = SURFACE_STYLE_FILL_AREA(#5952);
#5952 = FILL_AREA_STYLE('',(#5953));
#5953 = FILL_AREA_STYLE_COLOUR('',#5806);
#5954 = STYLED_ITEM('color',(#5955),#1387);
#5955 = PRESENTATION_STYLE_ASSIGNMENT((#5956));
#5956 = SURFACE_STYLE_USAGE(.BOTH.,#5957);
#5957 = SURFACE_SIDE_STYLE('',(#5958));
#5958 = SURFACE_STYLE_FILL_AREA(#5959);
#5959 = FILL_AREA_STYLE('',(#5960));
#5960 = FILL_AREA_STYLE_COLOUR('',#5806);
#5961 = STYLED_ITEM('color',(#5962),#1404);
#5962 = PRESENTATION_STYLE_ASSIGNMENT((#5963));
#5963 = SURFACE_STYLE_USAGE(.BOTH.,#5964);
#5964 = SURFACE_SIDE_STYLE('',(#5965));
#5965 = SURFACE_STYLE_FILL_AREA(#5966);
#5966 = FILL_AREA_STYLE('',(#5967));
#5967 = FILL_AREA_STYLE_COLOUR('',#5806);
#5968 = STYLED_ITEM('color',(#5969),#1421);
#5969 = PRESENTATION_STYLE_ASSIGNMENT((#5970));
#5970 = SURFACE_STYLE_USAGE(.BOTH.,#5971);
#5971 = SURFACE_SIDE_STYLE('',(#5972));
#5972 = SURFACE_STYLE_FILL_AREA(#5973);
#5973 = FILL_AREA_STYLE('',(#5974));
#5974 = FILL_AREA_STYLE_COLOUR('',#5806);
#5975 = STYLED_ITEM('color',(#5976),#1438);
#5976 = PRESENTATION_STYLE_ASSIGNMENT((#5977));
#5977 = SURFACE_STYLE_USAGE(.BOTH.,#5978);
#5978 = SURFACE_SIDE_STYLE('',(#5979));
#5979 = SURFACE_STYLE_FILL_AREA(#5980);
#5980 = FILL_AREA_STYLE('',(#5981));
#5981 = FILL_AREA_STYLE_COLOUR('',#5806);
#5982 = STYLED_ITEM('color',(#5983),#1455);
#5983 = PRESENTATION_STYLE_ASSIGNMENT((#5984));
#5984 = SURFACE_STYLE_USAGE(.BOTH.,#5985);
#5985 = SURFACE_SIDE_STYLE('',(#5986));
#5986 = SURFACE_STYLE_FILL_AREA(#5987);
#5987 = FILL_AREA_STYLE('',(#5988));
#5988 = FILL_AREA_STYLE_COLOUR('',#5806);
#5989 = STYLED_ITEM('color',(#5990),#1472);
#5990 = PRESENTATION_STYLE_ASSIGNMENT((#5991));
#5991 = SURFACE_STYLE_USAGE(.BOTH.,#5992);
#5992 = SURFACE_SIDE_STYLE('',(#5993));
#5993 = SURFACE_STYLE_FILL_AREA(#5994);
#5994 = FILL_AREA_STYLE('',(#5995));
#5995 = FILL_AREA_STYLE_COLOUR('',#5806);
#5996 = STYLED_ITEM('color',(#5997),#1484);
#5997 = PRESENTATION_STYLE_ASSIGNMENT((#5998));
#5998 = SURFACE_STYLE_USAGE(.BOTH.,#5999);
#5999 = SURFACE_SIDE_STYLE('',(#6000));
#6000 = SURFACE_STYLE_FILL_AREA(#6001);
#6001 = FILL_AREA_STYLE('',(#6002));
#6002 = FILL_AREA_STYLE_COLOUR('',#6003);
#6003 = COLOUR_RGB('',0.859000020776,0.737999965183,0.495999988746);
#6004 = STYLED_ITEM('color',(#6005),#1515);
#6005 = PRESENTATION_STYLE_ASSIGNMENT((#6006));
#6006 = SURFACE_STYLE_USAGE(.BOTH.,#6007);
#6007 = SURFACE_SIDE_STYLE('',(#6008));
#6008 = SURFACE_STYLE_FILL_AREA(#6009);
#6009 = FILL_AREA_STYLE('',(#6010));
#6010 = FILL_AREA_STYLE_COLOUR('',#6003);
#6011 = STYLED_ITEM('color',(#6012),#1539);
#6012 = PRESENTATION_STYLE_ASSIGNMENT((#6013));
#6013 = SURFACE_STYLE_USAGE(.BOTH.,#6014);
#6014 = SURFACE_SIDE_STYLE('',(#6015));
#6015 = SURFACE_STYLE_FILL_AREA(#6016);
#6016 = FILL_AREA_STYLE('',(#6017));
#6017 = FILL_AREA_STYLE_COLOUR('',#6003);
#6018 = STYLED_ITEM('color',(#6019),#1563);
#6019 = PRESENTATION_STYLE_ASSIGNMENT((#6020));
#6020 = SURFACE_STYLE_USAGE(.BOTH.,#6021);
#6021 = SURFACE_SIDE_STYLE('',(#6022));
#6022 = SURFACE_STYLE_FILL_AREA(#6023);
#6023 = FILL_AREA_STYLE('',(#6024));
#6024 = FILL_AREA_STYLE_COLOUR('',#6003);
#6025 = STYLED_ITEM('color',(#6026),#1580);
#6026 = PRESENTATION_STYLE_ASSIGNMENT((#6027));
#6027 = SURFACE_STYLE_USAGE(.BOTH.,#6028);
#6028 = SURFACE_SIDE_STYLE('',(#6029));
#6029 = SURFACE_STYLE_FILL_AREA(#6030);
#6030 = FILL_AREA_STYLE('',(#6031));
#6031 = FILL_AREA_STYLE_COLOUR('',#6003);
#6032 = STYLED_ITEM('color',(#6033),#1611);
#6033 = PRESENTATION_STYLE_ASSIGNMENT((#6034));
#6034 = SURFACE_STYLE_USAGE(.BOTH.,#6035);
#6035 = SURFACE_SIDE_STYLE('',(#6036));
#6036 = SURFACE_STYLE_FILL_AREA(#6037);
#6037 = FILL_AREA_STYLE('',(#6038));
#6038 = FILL_AREA_STYLE_COLOUR('',#6003);
#6039 = STYLED_ITEM('color',(#6040),#1635);
#6040 = PRESENTATION_STYLE_ASSIGNMENT((#6041));
#6041 = SURFACE_STYLE_USAGE(.BOTH.,#6042);
#6042 = SURFACE_SIDE_STYLE('',(#6043));
#6043 = SURFACE_STYLE_FILL_AREA(#6044);
#6044 = FILL_AREA_STYLE('',(#6045));
#6045 = FILL_AREA_STYLE_COLOUR('',#6003);
#6046 = STYLED_ITEM('color',(#6047),#1659);
#6047 = PRESENTATION_STYLE_ASSIGNMENT((#6048));
#6048 = SURFACE_STYLE_USAGE(.BOTH.,#6049);
#6049 = SURFACE_SIDE_STYLE('',(#6050));
#6050 = SURFACE_STYLE_FILL_AREA(#6051);
#6051 = FILL_AREA_STYLE('',(#6052));
#6052 = FILL_AREA_STYLE_COLOUR('',#6003);
#6053 = STYLED_ITEM('color',(#6054),#1676);
#6054 = PRESENTATION_STYLE_ASSIGNMENT((#6055));
#6055 = SURFACE_STYLE_USAGE(.BOTH.,#6056);
#6056 = SURFACE_SIDE_STYLE('',(#6057));
#6057 = SURFACE_STYLE_FILL_AREA(#6058);
#6058 = FILL_AREA_STYLE('',(#6059));
#6059 = FILL_AREA_STYLE_COLOUR('',#6003);
#6060 = STYLED_ITEM('color',(#6061),#1707);
#6061 = PRESENTATION_STYLE_ASSIGNMENT((#6062));
#6062 = SURFACE_STYLE_USAGE(.BOTH.,#6063);
#6063 = SURFACE_SIDE_STYLE('',(#6064));
#6064 = SURFACE_STYLE_FILL_AREA(#6065);
#6065 = FILL_AREA_STYLE('',(#6066));
#6066 = FILL_AREA_STYLE_COLOUR('',#6003);
#6067 = STYLED_ITEM('color',(#6068),#1731);
#6068 = PRESENTATION_STYLE_ASSIGNMENT((#6069));
#6069 = SURFACE_STYLE_USAGE(.BOTH.,#6070);
#6070 = SURFACE_SIDE_STYLE('',(#6071));
#6071 = SURFACE_STYLE_FILL_AREA(#6072);
#6072 = FILL_AREA_STYLE('',(#6073));
#6073 = FILL_AREA_STYLE_COLOUR('',#6003);
#6074 = STYLED_ITEM('color',(#6075),#1755);
#6075 = PRESENTATION_STYLE_ASSIGNMENT((#6076));
#6076 = SURFACE_STYLE_USAGE(.BOTH.,#6077);
#6077 = SURFACE_SIDE_STYLE('',(#6078));
#6078 = SURFACE_STYLE_FILL_AREA(#6079);
#6079 = FILL_AREA_STYLE('',(#6080));
#6080 = FILL_AREA_STYLE_COLOUR('',#6003);
#6081 = STYLED_ITEM('color',(#6082),#1772);
#6082 = PRESENTATION_STYLE_ASSIGNMENT((#6083));
#6083 = SURFACE_STYLE_USAGE(.BOTH.,#6084);
#6084 = SURFACE_SIDE_STYLE('',(#6085));
#6085 = SURFACE_STYLE_FILL_AREA(#6086);
#6086 = FILL_AREA_STYLE('',(#6087));
#6087 = FILL_AREA_STYLE_COLOUR('',#6003);
#6088 = STYLED_ITEM('color',(#6089),#1803);
#6089 = PRESENTATION_STYLE_ASSIGNMENT((#6090));
#6090 = SURFACE_STYLE_USAGE(.BOTH.,#6091);
#6091 = SURFACE_SIDE_STYLE('',(#6092));
#6092 = SURFACE_STYLE_FILL_AREA(#6093);
#6093 = FILL_AREA_STYLE('',(#6094));
#6094 = FILL_AREA_STYLE_COLOUR('',#6003);
#6095 = STYLED_ITEM('color',(#6096),#1827);
#6096 = PRESENTATION_STYLE_ASSIGNMENT((#6097));
#6097 = SURFACE_STYLE_USAGE(.BOTH.,#6098);
#6098 = SURFACE_SIDE_STYLE('',(#6099));
#6099 = SURFACE_STYLE_FILL_AREA(#6100);
#6100 = FILL_AREA_STYLE('',(#6101));
#6101 = FILL_AREA_STYLE_COLOUR('',#6003);
#6102 = STYLED_ITEM('color',(#6103),#1851);
#6103 = PRESENTATION_STYLE_ASSIGNMENT((#6104));
#6104 = SURFACE_STYLE_USAGE(.BOTH.,#6105);
#6105 = SURFACE_SIDE_STYLE('',(#6106));
#6106 = SURFACE_STYLE_FILL_AREA(#6107);
#6107 = FILL_AREA_STYLE('',(#6108));
#6108 = FILL_AREA_STYLE_COLOUR('',#6003);
#6109 = STYLED_ITEM('color',(#6110),#1868);
#6110 = PRESENTATION_STYLE_ASSIGNMENT((#6111));
#6111 = SURFACE_STYLE_USAGE(.BOTH.,#6112);
#6112 = SURFACE_SIDE_STYLE('',(#6113));
#6113 = SURFACE_STYLE_FILL_AREA(#6114);
#6114 = FILL_AREA_STYLE('',(#6115));
#6115 = FILL_AREA_STYLE_COLOUR('',#6003);
#6116 = STYLED_ITEM('color',(#6117),#1899);
#6117 = PRESENTATION_STYLE_ASSIGNMENT((#6118));
#6118 = SURFACE_STYLE_USAGE(.BOTH.,#6119);
#6119 = SURFACE_SIDE_STYLE('',(#6120));
#6120 = SURFACE_STYLE_FILL_AREA(#6121);
#6121 = FILL_AREA_STYLE('',(#6122));
#6122 = FILL_AREA_STYLE_COLOUR('',#6003);
#6123 = STYLED_ITEM('color',(#6124),#1923);
#6124 = PRESENTATION_STYLE_ASSIGNMENT((#6125));
#6125 = SURFACE_STYLE_USAGE(.BOTH.,#6126);
#6126 = SURFACE_SIDE_STYLE('',(#6127));
#6127 = SURFACE_STYLE_FILL_AREA(#6128);
#6128 = FILL_AREA_STYLE('',(#6129));
#6129 = FILL_AREA_STYLE_COLOUR('',#6003);
#6130 = STYLED_ITEM('color',(#6131),#1947);
#6131 = PRESENTATION_STYLE_ASSIGNMENT((#6132));
#6132 = SURFACE_STYLE_USAGE(.BOTH.,#6133);
#6133 = SURFACE_SIDE_STYLE('',(#6134));
#6134 = SURFACE_STYLE_FILL_AREA(#6135);
#6135 = FILL_AREA_STYLE('',(#6136));
#6136 = FILL_AREA_STYLE_COLOUR('',#6003);
#6137 = STYLED_ITEM('color',(#6138),#1964);
#6138 = PRESENTATION_STYLE_ASSIGNMENT((#6139));
#6139 = SURFACE_STYLE_USAGE(.BOTH.,#6140);
#6140 = SURFACE_SIDE_STYLE('',(#6141));
#6141 = SURFACE_STYLE_FILL_AREA(#6142);
#6142 = FILL_AREA_STYLE('',(#6143));
#6143 = FILL_AREA_STYLE_COLOUR('',#6003);
#6144 = STYLED_ITEM('color',(#6145),#1995);
#6145 = PRESENTATION_STYLE_ASSIGNMENT((#6146));
#6146 = SURFACE_STYLE_USAGE(.BOTH.,#6147);
#6147 = SURFACE_SIDE_STYLE('',(#6148));
#6148 = SURFACE_STYLE_FILL_AREA(#6149);
#6149 = FILL_AREA_STYLE('',(#6150));
#6150 = FILL_AREA_STYLE_COLOUR('',#6003);
#6151 = STYLED_ITEM('color',(#6152),#2019);
#6152 = PRESENTATION_STYLE_ASSIGNMENT((#6153));
#6153 = SURFACE_STYLE_USAGE(.BOTH.,#6154);
#6154 = SURFACE_SIDE_STYLE('',(#6155));
#6155 = SURFACE_STYLE_FILL_AREA(#6156);
#6156 = FILL_AREA_STYLE('',(#6157));
#6157 = FILL_AREA_STYLE_COLOUR('',#6003);
#6158 = STYLED_ITEM('color',(#6159),#2043);
#6159 = PRESENTATION_STYLE_ASSIGNMENT((#6160));
#6160 = SURFACE_STYLE_USAGE(.BOTH.,#6161);
#6161 = SURFACE_SIDE_STYLE('',(#6162));
#6162 = SURFACE_STYLE_FILL_AREA(#6163);
#6163 = FILL_AREA_STYLE('',(#6164));
#6164 = FILL_AREA_STYLE_COLOUR('',#6003);
#6165 = STYLED_ITEM('color',(#6166),#2060);
#6166 = PRESENTATION_STYLE_ASSIGNMENT((#6167));
#6167 = SURFACE_STYLE_USAGE(.BOTH.,#6168);
#6168 = SURFACE_SIDE_STYLE('',(#6169));
#6169 = SURFACE_STYLE_FILL_AREA(#6170);
#6170 = FILL_AREA_STYLE('',(#6171));
#6171 = FILL_AREA_STYLE_COLOUR('',#6003);
#6172 = STYLED_ITEM('color',(#6173),#2091);
#6173 = PRESENTATION_STYLE_ASSIGNMENT((#6174));
#6174 = SURFACE_STYLE_USAGE(.BOTH.,#6175);
#6175 = SURFACE_SIDE_STYLE('',(#6176));
#6176 = SURFACE_STYLE_FILL_AREA(#6177);
#6177 = FILL_AREA_STYLE('',(#6178));
#6178 = FILL_AREA_STYLE_COLOUR('',#6003);
#6179 = STYLED_ITEM('color',(#6180),#2115);
#6180 = PRESENTATION_STYLE_ASSIGNMENT((#6181));
#6181 = SURFACE_STYLE_USAGE(.BOTH.,#6182);
#6182 = SURFACE_SIDE_STYLE('',(#6183));
#6183 = SURFACE_STYLE_FILL_AREA(#6184);
#6184 = FILL_AREA_STYLE('',(#6185));
#6185 = FILL_AREA_STYLE_COLOUR('',#6003);
#6186 = STYLED_ITEM('color',(#6187),#2139);
#6187 = PRESENTATION_STYLE_ASSIGNMENT((#6188));
#6188 = SURFACE_STYLE_USAGE(.BOTH.,#6189);
#6189 = SURFACE_SIDE_STYLE('',(#6190));
#6190 = SURFACE_STYLE_FILL_AREA(#6191);
#6191 = FILL_AREA_STYLE('',(#6192));
#6192 = FILL_AREA_STYLE_COLOUR('',#6003);
#6193 = STYLED_ITEM('color',(#6194),#2156);
#6194 = PRESENTATION_STYLE_ASSIGNMENT((#6195));
#6195 = SURFACE_STYLE_USAGE(.BOTH.,#6196);
#6196 = SURFACE_SIDE_STYLE('',(#6197));
#6197 = SURFACE_STYLE_FILL_AREA(#6198);
#6198 = FILL_AREA_STYLE('',(#6199));
#6199 = FILL_AREA_STYLE_COLOUR('',#6003);
#6200 = STYLED_ITEM('color',(#6201),#2187);
#6201 = PRESENTATION_STYLE_ASSIGNMENT((#6202));
#6202 = SURFACE_STYLE_USAGE(.BOTH.,#6203);
#6203 = SURFACE_SIDE_STYLE('',(#6204));
#6204 = SURFACE_STYLE_FILL_AREA(#6205);
#6205 = FILL_AREA_STYLE('',(#6206));
#6206 = FILL_AREA_STYLE_COLOUR('',#6003);
#6207 = STYLED_ITEM('color',(#6208),#2211);
#6208 = PRESENTATION_STYLE_ASSIGNMENT((#6209));
#6209 = SURFACE_STYLE_USAGE(.BOTH.,#6210);
#6210 = SURFACE_SIDE_STYLE('',(#6211));
#6211 = SURFACE_STYLE_FILL_AREA(#6212);
#6212 = FILL_AREA_STYLE('',(#6213));
#6213 = FILL_AREA_STYLE_COLOUR('',#6003);
#6214 = STYLED_ITEM('color',(#6215),#2235);
#6215 = PRESENTATION_STYLE_ASSIGNMENT((#6216));
#6216 = SURFACE_STYLE_USAGE(.BOTH.,#6217);
#6217 = SURFACE_SIDE_STYLE('',(#6218));
#6218 = SURFACE_STYLE_FILL_AREA(#6219);
#6219 = FILL_AREA_STYLE('',(#6220));
#6220 = FILL_AREA_STYLE_COLOUR('',#6003);
#6221 = STYLED_ITEM('color',(#6222),#2252);
#6222 = PRESENTATION_STYLE_ASSIGNMENT((#6223));
#6223 = SURFACE_STYLE_USAGE(.BOTH.,#6224);
#6224 = SURFACE_SIDE_STYLE('',(#6225));
#6225 = SURFACE_STYLE_FILL_AREA(#6226);
#6226 = FILL_AREA_STYLE('',(#6227));
#6227 = FILL_AREA_STYLE_COLOUR('',#6003);
#6228 = STYLED_ITEM('color',(#6229),#2283);
#6229 = PRESENTATION_STYLE_ASSIGNMENT((#6230));
#6230 = SURFACE_STYLE_USAGE(.BOTH.,#6231);
#6231 = SURFACE_SIDE_STYLE('',(#6232));
#6232 = SURFACE_STYLE_FILL_AREA(#6233);
#6233 = FILL_AREA_STYLE('',(#6234));
#6234 = FILL_AREA_STYLE_COLOUR('',#6003);
#6235 = STYLED_ITEM('color',(#6236),#2307);
#6236 = PRESENTATION_STYLE_ASSIGNMENT((#6237));
#6237 = SURFACE_STYLE_USAGE(.BOTH.,#6238);
#6238 = SURFACE_SIDE_STYLE('',(#6239));
#6239 = SURFACE_STYLE_FILL_AREA(#6240);
#6240 = FILL_AREA_STYLE('',(#6241));
#6241 = FILL_AREA_STYLE_COLOUR('',#6003);
#6242 = STYLED_ITEM('color',(#6243),#2331);
#6243 = PRESENTATION_STYLE_ASSIGNMENT((#6244));
#6244 = SURFACE_STYLE_USAGE(.BOTH.,#6245);
#6245 = SURFACE_SIDE_STYLE('',(#6246));
#6246 = SURFACE_STYLE_FILL_AREA(#6247);
#6247 = FILL_AREA_STYLE('',(#6248));
#6248 = FILL_AREA_STYLE_COLOUR('',#6003);
#6249 = STYLED_ITEM('color',(#6250),#2348);
#6250 = PRESENTATION_STYLE_ASSIGNMENT((#6251));
#6251 = SURFACE_STYLE_USAGE(.BOTH.,#6252);
#6252 = SURFACE_SIDE_STYLE('',(#6253));
#6253 = SURFACE_STYLE_FILL_AREA(#6254);
#6254 = FILL_AREA_STYLE('',(#6255));
#6255 = FILL_AREA_STYLE_COLOUR('',#6003);
#6256 = STYLED_ITEM('color',(#6257),#2379);
#6257 = PRESENTATION_STYLE_ASSIGNMENT((#6258));
#6258 = SURFACE_STYLE_USAGE(.BOTH.,#6259);
#6259 = SURFACE_SIDE_STYLE('',(#6260));
#6260 = SURFACE_STYLE_FILL_AREA(#6261);
#6261 = FILL_AREA_STYLE('',(#6262));
#6262 = FILL_AREA_STYLE_COLOUR('',#6003);
#6263 = STYLED_ITEM('color',(#6264),#2403);
#6264 = PRESENTATION_STYLE_ASSIGNMENT((#6265));
#6265 = SURFACE_STYLE_USAGE(.BOTH.,#6266);
#6266 = SURFACE_SIDE_STYLE('',(#6267));
#6267 = SURFACE_STYLE_FILL_AREA(#6268);
#6268 = FILL_AREA_STYLE('',(#6269));
#6269 = FILL_AREA_STYLE_COLOUR('',#6003);
#6270 = STYLED_ITEM('color',(#6271),#2427);
#6271 = PRESENTATION_STYLE_ASSIGNMENT((#6272));
#6272 = SURFACE_STYLE_USAGE(.BOTH.,#6273);
#6273 = SURFACE_SIDE_STYLE('',(#6274));
#6274 = SURFACE_STYLE_FILL_AREA(#6275);
#6275 = FILL_AREA_STYLE('',(#6276));
#6276 = FILL_AREA_STYLE_COLOUR('',#6003);
#6277 = STYLED_ITEM('color',(#6278),#2444);
#6278 = PRESENTATION_STYLE_ASSIGNMENT((#6279));
#6279 = SURFACE_STYLE_USAGE(.BOTH.,#6280);
#6280 = SURFACE_SIDE_STYLE('',(#6281));
#6281 = SURFACE_STYLE_FILL_AREA(#6282);
#6282 = FILL_AREA_STYLE('',(#6283));
#6283 = FILL_AREA_STYLE_COLOUR('',#6003);
#6284 = STYLED_ITEM('color',(#6285),#2475);
#6285 = PRESENTATION_STYLE_ASSIGNMENT((#6286));
#6286 = SURFACE_STYLE_USAGE(.BOTH.,#6287);
#6287 = SURFACE_SIDE_STYLE('',(#6288));
#6288 = SURFACE_STYLE_FILL_AREA(#6289);
#6289 = FILL_AREA_STYLE('',(#6290));
#6290 = FILL_AREA_STYLE_COLOUR('',#6003);
#6291 = STYLED_ITEM('color',(#6292),#2499);
#6292 = PRESENTATION_STYLE_ASSIGNMENT((#6293));
#6293 = SURFACE_STYLE_USAGE(.BOTH.,#6294);
#6294 = SURFACE_SIDE_STYLE('',(#6295));
#6295 = SURFACE_STYLE_FILL_AREA(#6296);
#6296 = FILL_AREA_STYLE('',(#6297));
#6297 = FILL_AREA_STYLE_COLOUR('',#6003);
#6298 = STYLED_ITEM('color',(#6299),#2523);
#6299 = PRESENTATION_STYLE_ASSIGNMENT((#6300));
#6300 = SURFACE_STYLE_USAGE(.BOTH.,#6301);
#6301 = SURFACE_SIDE_STYLE('',(#6302));
#6302 = SURFACE_STYLE_FILL_AREA(#6303);
#6303 = FILL_AREA_STYLE('',(#6304));
#6304 = FILL_AREA_STYLE_COLOUR('',#6003);
#6305 = STYLED_ITEM('color',(#6306),#2540);
#6306 = PRESENTATION_STYLE_ASSIGNMENT((#6307));
#6307 = SURFACE_STYLE_USAGE(.BOTH.,#6308);
#6308 = SURFACE_SIDE_STYLE('',(#6309));
#6309 = SURFACE_STYLE_FILL_AREA(#6310);
#6310 = FILL_AREA_STYLE('',(#6311));
#6311 = FILL_AREA_STYLE_COLOUR('',#6003);
#6312 = STYLED_ITEM('color',(#6313),#2571);
#6313 = PRESENTATION_STYLE_ASSIGNMENT((#6314));
#6314 = SURFACE_STYLE_USAGE(.BOTH.,#6315);
#6315 = SURFACE_SIDE_STYLE('',(#6316));
#6316 = SURFACE_STYLE_FILL_AREA(#6317);
#6317 = FILL_AREA_STYLE('',(#6318));
#6318 = FILL_AREA_STYLE_COLOUR('',#6003);
#6319 = STYLED_ITEM('color',(#6320),#2595);
#6320 = PRESENTATION_STYLE_ASSIGNMENT((#6321));
#6321 = SURFACE_STYLE_USAGE(.BOTH.,#6322);
#6322 = SURFACE_SIDE_STYLE('',(#6323));
#6323 = SURFACE_STYLE_FILL_AREA(#6324);
#6324 = FILL_AREA_STYLE('',(#6325));
#6325 = FILL_AREA_STYLE_COLOUR('',#6003);
#6326 = STYLED_ITEM('color',(#6327),#2619);
#6327 = PRESENTATION_STYLE_ASSIGNMENT((#6328));
#6328 = SURFACE_STYLE_USAGE(.BOTH.,#6329);
#6329 = SURFACE_SIDE_STYLE('',(#6330));
#6330 = SURFACE_STYLE_FILL_AREA(#6331);
#6331 = FILL_AREA_STYLE('',(#6332));
#6332 = FILL_AREA_STYLE_COLOUR('',#6003);
#6333 = STYLED_ITEM('color',(#6334),#2636);
#6334 = PRESENTATION_STYLE_ASSIGNMENT((#6335));
#6335 = SURFACE_STYLE_USAGE(.BOTH.,#6336);
#6336 = SURFACE_SIDE_STYLE('',(#6337));
#6337 = SURFACE_STYLE_FILL_AREA(#6338);
#6338 = FILL_AREA_STYLE('',(#6339));
#6339 = FILL_AREA_STYLE_COLOUR('',#6003);
#6340 = STYLED_ITEM('color',(#6341),#2667);
#6341 = PRESENTATION_STYLE_ASSIGNMENT((#6342));
#6342 = SURFACE_STYLE_USAGE(.BOTH.,#6343);
#6343 = SURFACE_SIDE_STYLE('',(#6344));
#6344 = SURFACE_STYLE_FILL_AREA(#6345);
#6345 = FILL_AREA_STYLE('',(#6346));
#6346 = FILL_AREA_STYLE_COLOUR('',#6003);
#6347 = STYLED_ITEM('color',(#6348),#2691);
#6348 = PRESENTATION_STYLE_ASSIGNMENT((#6349));
#6349 = SURFACE_STYLE_USAGE(.BOTH.,#6350);
#6350 = SURFACE_SIDE_STYLE('',(#6351));
#6351 = SURFACE_STYLE_FILL_AREA(#6352);
#6352 = FILL_AREA_STYLE('',(#6353));
#6353 = FILL_AREA_STYLE_COLOUR('',#6003);
#6354 = STYLED_ITEM('color',(#6355),#2715);
#6355 = PRESENTATION_STYLE_ASSIGNMENT((#6356));
#6356 = SURFACE_STYLE_USAGE(.BOTH.,#6357);
#6357 = SURFACE_SIDE_STYLE('',(#6358));
#6358 = SURFACE_STYLE_FILL_AREA(#6359);
#6359 = FILL_AREA_STYLE('',(#6360));
#6360 = FILL_AREA_STYLE_COLOUR('',#6003);
#6361 = STYLED_ITEM('color',(#6362),#2732);
#6362 = PRESENTATION_STYLE_ASSIGNMENT((#6363));
#6363 = SURFACE_STYLE_USAGE(.BOTH.,#6364);
#6364 = SURFACE_SIDE_STYLE('',(#6365));
#6365 = SURFACE_STYLE_FILL_AREA(#6366);
#6366 = FILL_AREA_STYLE('',(#6367));
#6367 = FILL_AREA_STYLE_COLOUR('',#6003);
#6368 = STYLED_ITEM('color',(#6369),#2763);
#6369 = PRESENTATION_STYLE_ASSIGNMENT((#6370));
#6370 = SURFACE_STYLE_USAGE(.BOTH.,#6371);
#6371 = SURFACE_SIDE_STYLE('',(#6372));
#6372 = SURFACE_STYLE_FILL_AREA(#6373);
#6373 = FILL_AREA_STYLE('',(#6374));
#6374 = FILL_AREA_STYLE_COLOUR('',#6003);
#6375 = STYLED_ITEM('color',(#6376),#2787);
#6376 = PRESENTATION_STYLE_ASSIGNMENT((#6377));
#6377 = SURFACE_STYLE_USAGE(.BOTH.,#6378);
#6378 = SURFACE_SIDE_STYLE('',(#6379));
#6379 = SURFACE_STYLE_FILL_AREA(#6380);
#6380 = FILL_AREA_STYLE('',(#6381));
#6381 = FILL_AREA_STYLE_COLOUR('',#6003);
#6382 = STYLED_ITEM('color',(#6383),#2811);
#6383 = PRESENTATION_STYLE_ASSIGNMENT((#6384));
#6384 = SURFACE_STYLE_USAGE(.BOTH.,#6385);
#6385 = SURFACE_SIDE_STYLE('',(#6386));
#6386 = SURFACE_STYLE_FILL_AREA(#6387);
#6387 = FILL_AREA_STYLE('',(#6388));
#6388 = FILL_AREA_STYLE_COLOUR('',#6003);
#6389 = STYLED_ITEM('color',(#6390),#2828);
#6390 = PRESENTATION_STYLE_ASSIGNMENT((#6391));
#6391 = SURFACE_STYLE_USAGE(.BOTH.,#6392);
#6392 = SURFACE_SIDE_STYLE('',(#6393));
#6393 = SURFACE_STYLE_FILL_AREA(#6394);
#6394 = FILL_AREA_STYLE('',(#6395));
#6395 = FILL_AREA_STYLE_COLOUR('',#6003);
#6396 = STYLED_ITEM('color',(#6397),#2859);
#6397 = PRESENTATION_STYLE_ASSIGNMENT((#6398));
#6398 = SURFACE_STYLE_USAGE(.BOTH.,#6399);
#6399 = SURFACE_SIDE_STYLE('',(#6400));
#6400 = SURFACE_STYLE_FILL_AREA(#6401);
#6401 = FILL_AREA_STYLE('',(#6402));
#6402 = FILL_AREA_STYLE_COLOUR('',#6003);
#6403 = STYLED_ITEM('color',(#6404),#2883);
#6404 = PRESENTATION_STYLE_ASSIGNMENT((#6405));
#6405 = SURFACE_STYLE_USAGE(.BOTH.,#6406);
#6406 = SURFACE_SIDE_STYLE('',(#6407));
#6407 = SURFACE_STYLE_FILL_AREA(#6408);
#6408 = FILL_AREA_STYLE('',(#6409));
#6409 = FILL_AREA_STYLE_COLOUR('',#6003);
#6410 = STYLED_ITEM('color',(#6411),#2907);
#6411 = PRESENTATION_STYLE_ASSIGNMENT((#6412));
#6412 = SURFACE_STYLE_USAGE(.BOTH.,#6413);
#6413 = SURFACE_SIDE_STYLE('',(#6414));
#6414 = SURFACE_STYLE_FILL_AREA(#6415);
#6415 = FILL_AREA_STYLE('',(#6416));
#6416 = FILL_AREA_STYLE_COLOUR('',#6003);
#6417 = STYLED_ITEM('color',(#6418),#2924);
#6418 = PRESENTATION_STYLE_ASSIGNMENT((#6419));
#6419 = SURFACE_STYLE_USAGE(.BOTH.,#6420);
#6420 = SURFACE_SIDE_STYLE('',(#6421));
#6421 = SURFACE_STYLE_FILL_AREA(#6422);
#6422 = FILL_AREA_STYLE('',(#6423));
#6423 = FILL_AREA_STYLE_COLOUR('',#6003);
#6424 = STYLED_ITEM('color',(#6425),#2955);
#6425 = PRESENTATION_STYLE_ASSIGNMENT((#6426));
#6426 = SURFACE_STYLE_USAGE(.BOTH.,#6427);
#6427 = SURFACE_SIDE_STYLE('',(#6428));
#6428 = SURFACE_STYLE_FILL_AREA(#6429);
#6429 = FILL_AREA_STYLE('',(#6430));
#6430 = FILL_AREA_STYLE_COLOUR('',#6003);
#6431 = STYLED_ITEM('color',(#6432),#2979);
#6432 = PRESENTATION_STYLE_ASSIGNMENT((#6433));
#6433 = SURFACE_STYLE_USAGE(.BOTH.,#6434);
#6434 = SURFACE_SIDE_STYLE('',(#6435));
#6435 = SURFACE_STYLE_FILL_AREA(#6436);
#6436 = FILL_AREA_STYLE('',(#6437));
#6437 = FILL_AREA_STYLE_COLOUR('',#6003);
#6438 = STYLED_ITEM('color',(#6439),#3003);
#6439 = PRESENTATION_STYLE_ASSIGNMENT((#6440));
#6440 = SURFACE_STYLE_USAGE(.BOTH.,#6441);
#6441 = SURFACE_SIDE_STYLE('',(#6442));
#6442 = SURFACE_STYLE_FILL_AREA(#6443);
#6443 = FILL_AREA_STYLE('',(#6444));
#6444 = FILL_AREA_STYLE_COLOUR('',#6003);
#6445 = STYLED_ITEM('color',(#6446),#3020);
#6446 = PRESENTATION_STYLE_ASSIGNMENT((#6447));
#6447 = SURFACE_STYLE_USAGE(.BOTH.,#6448);
#6448 = SURFACE_SIDE_STYLE('',(#6449));
#6449 = SURFACE_STYLE_FILL_AREA(#6450);
#6450 = FILL_AREA_STYLE('',(#6451));
#6451 = FILL_AREA_STYLE_COLOUR('',#6003);
#6452 = STYLED_ITEM('color',(#6453),#3051);
#6453 = PRESENTATION_STYLE_ASSIGNMENT((#6454));
#6454 = SURFACE_STYLE_USAGE(.BOTH.,#6455);
#6455 = SURFACE_SIDE_STYLE('',(#6456));
#6456 = SURFACE_STYLE_FILL_AREA(#6457);
#6457 = FILL_AREA_STYLE('',(#6458));
#6458 = FILL_AREA_STYLE_COLOUR('',#6003);
#6459 = STYLED_ITEM('color',(#6460),#3075);
#6460 = PRESENTATION_STYLE_ASSIGNMENT((#6461));
#6461 = SURFACE_STYLE_USAGE(.BOTH.,#6462);
#6462 = SURFACE_SIDE_STYLE('',(#6463));
#6463 = SURFACE_STYLE_FILL_AREA(#6464);
#6464 = FILL_AREA_STYLE('',(#6465));
#6465 = FILL_AREA_STYLE_COLOUR('',#6003);
#6466 = STYLED_ITEM('color',(#6467),#3099);
#6467 = PRESENTATION_STYLE_ASSIGNMENT((#6468));
#6468 = SURFACE_STYLE_USAGE(.BOTH.,#6469);
#6469 = SURFACE_SIDE_STYLE('',(#6470));
#6470 = SURFACE_STYLE_FILL_AREA(#6471);
#6471 = FILL_AREA_STYLE('',(#6472));
#6472 = FILL_AREA_STYLE_COLOUR('',#6003);
#6473 = STYLED_ITEM('color',(#6474),#3116);
#6474 = PRESENTATION_STYLE_ASSIGNMENT((#6475));
#6475 = SURFACE_STYLE_USAGE(.BOTH.,#6476);
#6476 = SURFACE_SIDE_STYLE('',(#6477));
#6477 = SURFACE_STYLE_FILL_AREA(#6478);
#6478 = FILL_AREA_STYLE('',(#6479));
#6479 = FILL_AREA_STYLE_COLOUR('',#6003);
#6480 = STYLED_ITEM('color',(#6481),#3147);
#6481 = PRESENTATION_STYLE_ASSIGNMENT((#6482));
#6482 = SURFACE_STYLE_USAGE(.BOTH.,#6483);
#6483 = SURFACE_SIDE_STYLE('',(#6484));
#6484 = SURFACE_STYLE_FILL_AREA(#6485);
#6485 = FILL_AREA_STYLE('',(#6486));
#6486 = FILL_AREA_STYLE_COLOUR('',#6003);
#6487 = STYLED_ITEM('color',(#6488),#3171);
#6488 = PRESENTATION_STYLE_ASSIGNMENT((#6489));
#6489 = SURFACE_STYLE_USAGE(.BOTH.,#6490);
#6490 = SURFACE_SIDE_STYLE('',(#6491));
#6491 = SURFACE_STYLE_FILL_AREA(#6492);
#6492 = FILL_AREA_STYLE('',(#6493));
#6493 = FILL_AREA_STYLE_COLOUR('',#6003);
#6494 = STYLED_ITEM('color',(#6495),#3195);
#6495 = PRESENTATION_STYLE_ASSIGNMENT((#6496));
#6496 = SURFACE_STYLE_USAGE(.BOTH.,#6497);
#6497 = SURFACE_SIDE_STYLE('',(#6498));
#6498 = SURFACE_STYLE_FILL_AREA(#6499);
#6499 = FILL_AREA_STYLE('',(#6500));
#6500 = FILL_AREA_STYLE_COLOUR('',#6003);
#6501 = STYLED_ITEM('color',(#6502),#3212);
#6502 = PRESENTATION_STYLE_ASSIGNMENT((#6503));
#6503 = SURFACE_STYLE_USAGE(.BOTH.,#6504);
#6504 = SURFACE_SIDE_STYLE('',(#6505));
#6505 = SURFACE_STYLE_FILL_AREA(#6506);
#6506 = FILL_AREA_STYLE('',(#6507));
#6507 = FILL_AREA_STYLE_COLOUR('',#6003);
#6508 = STYLED_ITEM('color',(#6509),#3243);
#6509 = PRESENTATION_STYLE_ASSIGNMENT((#6510));
#6510 = SURFACE_STYLE_USAGE(.BOTH.,#6511);
#6511 = SURFACE_SIDE_STYLE('',(#6512));
#6512 = SURFACE_STYLE_FILL_AREA(#6513);
#6513 = FILL_AREA_STYLE('',(#6514));
#6514 = FILL_AREA_STYLE_COLOUR('',#6003);
#6515 = STYLED_ITEM('color',(#6516),#3267);
#6516 = PRESENTATION_STYLE_ASSIGNMENT((#6517));
#6517 = SURFACE_STYLE_USAGE(.BOTH.,#6518);
#6518 = SURFACE_SIDE_STYLE('',(#6519));
#6519 = SURFACE_STYLE_FILL_AREA(#6520);
#6520 = FILL_AREA_STYLE('',(#6521));
#6521 = FILL_AREA_STYLE_COLOUR('',#6003);
#6522 = STYLED_ITEM('color',(#6523),#3291);
#6523 = PRESENTATION_STYLE_ASSIGNMENT((#6524));
#6524 = SURFACE_STYLE_USAGE(.BOTH.,#6525);
#6525 = SURFACE_SIDE_STYLE('',(#6526));
#6526 = SURFACE_STYLE_FILL_AREA(#6527);
#6527 = FILL_AREA_STYLE('',(#6528));
#6528 = FILL_AREA_STYLE_COLOUR('',#6003);
#6529 = STYLED_ITEM('color',(#6530),#3308);
#6530 = PRESENTATION_STYLE_ASSIGNMENT((#6531));
#6531 = SURFACE_STYLE_USAGE(.BOTH.,#6532);
#6532 = SURFACE_SIDE_STYLE('',(#6533));
#6533 = SURFACE_STYLE_FILL_AREA(#6534);
#6534 = FILL_AREA_STYLE('',(#6535));
#6535 = FILL_AREA_STYLE_COLOUR('',#6003);
#6536 = STYLED_ITEM('color',(#6537),#3339);
#6537 = PRESENTATION_STYLE_ASSIGNMENT((#6538));
#6538 = SURFACE_STYLE_USAGE(.BOTH.,#6539);
#6539 = SURFACE_SIDE_STYLE('',(#6540));
#6540 = SURFACE_STYLE_FILL_AREA(#6541);
#6541 = FILL_AREA_STYLE('',(#6542));
#6542 = FILL_AREA_STYLE_COLOUR('',#6003);
#6543 = STYLED_ITEM('color',(#6544),#3363);
#6544 = PRESENTATION_STYLE_ASSIGNMENT((#6545));
#6545 = SURFACE_STYLE_USAGE(.BOTH.,#6546);
#6546 = SURFACE_SIDE_STYLE('',(#6547));
#6547 = SURFACE_STYLE_FILL_AREA(#6548);
#6548 = FILL_AREA_STYLE('',(#6549));
#6549 = FILL_AREA_STYLE_COLOUR('',#6003);
#6550 = STYLED_ITEM('color',(#6551),#3387);
#6551 = PRESENTATION_STYLE_ASSIGNMENT((#6552));
#6552 = SURFACE_STYLE_USAGE(.BOTH.,#6553);
#6553 = SURFACE_SIDE_STYLE('',(#6554));
#6554 = SURFACE_STYLE_FILL_AREA(#6555);
#6555 = FILL_AREA_STYLE('',(#6556));
#6556 = FILL_AREA_STYLE_COLOUR('',#6003);
#6557 = STYLED_ITEM('color',(#6558),#3404);
#6558 = PRESENTATION_STYLE_ASSIGNMENT((#6559));
#6559 = SURFACE_STYLE_USAGE(.BOTH.,#6560);
#6560 = SURFACE_SIDE_STYLE('',(#6561));
#6561 = SURFACE_STYLE_FILL_AREA(#6562);
#6562 = FILL_AREA_STYLE('',(#6563));
#6563 = FILL_AREA_STYLE_COLOUR('',#6003);
#6564 = STYLED_ITEM('color',(#6565),#3435);
#6565 = PRESENTATION_STYLE_ASSIGNMENT((#6566));
#6566 = SURFACE_STYLE_USAGE(.BOTH.,#6567);
#6567 = SURFACE_SIDE_STYLE('',(#6568));
#6568 = SURFACE_STYLE_FILL_AREA(#6569);
#6569 = FILL_AREA_STYLE('',(#6570));
#6570 = FILL_AREA_STYLE_COLOUR('',#6003);
#6571 = STYLED_ITEM('color',(#6572),#3459);
#6572 = PRESENTATION_STYLE_ASSIGNMENT((#6573));
#6573 = SURFACE_STYLE_USAGE(.BOTH.,#6574);
#6574 = SURFACE_SIDE_STYLE('',(#6575));
#6575 = SURFACE_STYLE_FILL_AREA(#6576);
#6576 = FILL_AREA_STYLE('',(#6577));
#6577 = FILL_AREA_STYLE_COLOUR('',#6003);
#6578 = STYLED_ITEM('color',(#6579),#3483);
#6579 = PRESENTATION_STYLE_ASSIGNMENT((#6580));
#6580 = SURFACE_STYLE_USAGE(.BOTH.,#6581);
#6581 = SURFACE_SIDE_STYLE('',(#6582));
#6582 = SURFACE_STYLE_FILL_AREA(#6583);
#6583 = FILL_AREA_STYLE('',(#6584));
#6584 = FILL_AREA_STYLE_COLOUR('',#6003);
#6585 = STYLED_ITEM('color',(#6586),#3500);
#6586 = PRESENTATION_STYLE_ASSIGNMENT((#6587));
#6587 = SURFACE_STYLE_USAGE(.BOTH.,#6588);
#6588 = SURFACE_SIDE_STYLE('',(#6589));
#6589 = SURFACE_STYLE_FILL_AREA(#6590);
#6590 = FILL_AREA_STYLE('',(#6591));
#6591 = FILL_AREA_STYLE_COLOUR('',#6003);
#6592 = STYLED_ITEM('color',(#6593),#3531);
#6593 = PRESENTATION_STYLE_ASSIGNMENT((#6594));
#6594 = SURFACE_STYLE_USAGE(.BOTH.,#6595);
#6595 = SURFACE_SIDE_STYLE('',(#6596));
#6596 = SURFACE_STYLE_FILL_AREA(#6597);
#6597 = FILL_AREA_STYLE('',(#6598));
#6598 = FILL_AREA_STYLE_COLOUR('',#6003);
#6599 = STYLED_ITEM('color',(#6600),#3555);
#6600 = PRESENTATION_STYLE_ASSIGNMENT((#6601));
#6601 = SURFACE_STYLE_USAGE(.BOTH.,#6602);
#6602 = SURFACE_SIDE_STYLE('',(#6603));
#6603 = SURFACE_STYLE_FILL_AREA(#6604);
#6604 = FILL_AREA_STYLE('',(#6605));
#6605 = FILL_AREA_STYLE_COLOUR('',#6003);
#6606 = STYLED_ITEM('color',(#6607),#3579);
#6607 = PRESENTATION_STYLE_ASSIGNMENT((#6608));
#6608 = SURFACE_STYLE_USAGE(.BOTH.,#6609);
#6609 = SURFACE_SIDE_STYLE('',(#6610));
#6610 = SURFACE_STYLE_FILL_AREA(#6611);
#6611 = FILL_AREA_STYLE('',(#6612));
#6612 = FILL_AREA_STYLE_COLOUR('',#6003);
#6613 = STYLED_ITEM('color',(#6614),#3596);
#6614 = PRESENTATION_STYLE_ASSIGNMENT((#6615));
#6615 = SURFACE_STYLE_USAGE(.BOTH.,#6616);
#6616 = SURFACE_SIDE_STYLE('',(#6617));
#6617 = SURFACE_STYLE_FILL_AREA(#6618);
#6618 = FILL_AREA_STYLE('',(#6619));
#6619 = FILL_AREA_STYLE_COLOUR('',#6003);
#6620 = STYLED_ITEM('color',(#6621),#3627);
#6621 = PRESENTATION_STYLE_ASSIGNMENT((#6622));
#6622 = SURFACE_STYLE_USAGE(.BOTH.,#6623);
#6623 = SURFACE_SIDE_STYLE('',(#6624));
#6624 = SURFACE_STYLE_FILL_AREA(#6625);
#6625 = FILL_AREA_STYLE('',(#6626));
#6626 = FILL_AREA_STYLE_COLOUR('',#6003);
#6627 = STYLED_ITEM('color',(#6628),#3651);
#6628 = PRESENTATION_STYLE_ASSIGNMENT((#6629));
#6629 = SURFACE_STYLE_USAGE(.BOTH.,#6630);
#6630 = SURFACE_SIDE_STYLE('',(#6631));
#6631 = SURFACE_STYLE_FILL_AREA(#6632);
#6632 = FILL_AREA_STYLE('',(#6633));
#6633 = FILL_AREA_STYLE_COLOUR('',#6003);
#6634 = STYLED_ITEM('color',(#6635),#3675);
#6635 = PRESENTATION_STYLE_ASSIGNMENT((#6636));
#6636 = SURFACE_STYLE_USAGE(.BOTH.,#6637);
#6637 = SURFACE_SIDE_STYLE('',(#6638));
#6638 = SURFACE_STYLE_FILL_AREA(#6639);
#6639 = FILL_AREA_STYLE('',(#6640));
#6640 = FILL_AREA_STYLE_COLOUR('',#6003);
#6641 = STYLED_ITEM('color',(#6642),#3692);
#6642 = PRESENTATION_STYLE_ASSIGNMENT((#6643));
#6643 = SURFACE_STYLE_USAGE(.BOTH.,#6644);
#6644 = SURFACE_SIDE_STYLE('',(#6645));
#6645 = SURFACE_STYLE_FILL_AREA(#6646);
#6646 = FILL_AREA_STYLE('',(#6647));
#6647 = FILL_AREA_STYLE_COLOUR('',#6003);
#6648 = STYLED_ITEM('color',(#6649),#3723);
#6649 = PRESENTATION_STYLE_ASSIGNMENT((#6650));
#6650 = SURFACE_STYLE_USAGE(.BOTH.,#6651);
#6651 = SURFACE_SIDE_STYLE('',(#6652));
#6652 = SURFACE_STYLE_FILL_AREA(#6653);
#6653 = FILL_AREA_STYLE('',(#6654));
#6654 = FILL_AREA_STYLE_COLOUR('',#6003);
#6655 = STYLED_ITEM('color',(#6656),#3747);
#6656 = PRESENTATION_STYLE_ASSIGNMENT((#6657));
#6657 = SURFACE_STYLE_USAGE(.BOTH.,#6658);
#6658 = SURFACE_SIDE_STYLE('',(#6659));
#6659 = SURFACE_STYLE_FILL_AREA(#6660);
#6660 = FILL_AREA_STYLE('',(#6661));
#6661 = FILL_AREA_STYLE_COLOUR('',#6003);
#6662 = STYLED_ITEM('color',(#6663),#3771);
#6663 = PRESENTATION_STYLE_ASSIGNMENT((#6664));
#6664 = SURFACE_STYLE_USAGE(.BOTH.,#6665);
#6665 = SURFACE_SIDE_STYLE('',(#6666));
#6666 = SURFACE_STYLE_FILL_AREA(#6667);
#6667 = FILL_AREA_STYLE('',(#6668));
#6668 = FILL_AREA_STYLE_COLOUR('',#6003);
#6669 = STYLED_ITEM('color',(#6670),#3788);
#6670 = PRESENTATION_STYLE_ASSIGNMENT((#6671));
#6671 = SURFACE_STYLE_USAGE(.BOTH.,#6672);
#6672 = SURFACE_SIDE_STYLE('',(#6673));
#6673 = SURFACE_STYLE_FILL_AREA(#6674);
#6674 = FILL_AREA_STYLE('',(#6675));
#6675 = FILL_AREA_STYLE_COLOUR('',#6003);
#6676 = STYLED_ITEM('color',(#6677),#3819);
#6677 = PRESENTATION_STYLE_ASSIGNMENT((#6678));
#6678 = SURFACE_STYLE_USAGE(.BOTH.,#6679);
#6679 = SURFACE_SIDE_STYLE('',(#6680));
#6680 = SURFACE_STYLE_FILL_AREA(#6681);
#6681 = FILL_AREA_STYLE('',(#6682));
#6682 = FILL_AREA_STYLE_COLOUR('',#6003);
#6683 = STYLED_ITEM('color',(#6684),#3843);
#6684 = PRESENTATION_STYLE_ASSIGNMENT((#6685));
#6685 = SURFACE_STYLE_USAGE(.BOTH.,#6686);
#6686 = SURFACE_SIDE_STYLE('',(#6687));
#6687 = SURFACE_STYLE_FILL_AREA(#6688);
#6688 = FILL_AREA_STYLE('',(#6689));
#6689 = FILL_AREA_STYLE_COLOUR('',#6003);
#6690 = STYLED_ITEM('color',(#6691),#3867);
#6691 = PRESENTATION_STYLE_ASSIGNMENT((#6692));
#6692 = SURFACE_STYLE_USAGE(.BOTH.,#6693);
#6693 = SURFACE_SIDE_STYLE('',(#6694));
#6694 = SURFACE_STYLE_FILL_AREA(#6695);
#6695 = FILL_AREA_STYLE('',(#6696));
#6696 = FILL_AREA_STYLE_COLOUR('',#6003);
#6697 = STYLED_ITEM('color',(#6698),#3884);
#6698 = PRESENTATION_STYLE_ASSIGNMENT((#6699));
#6699 = SURFACE_STYLE_USAGE(.BOTH.,#6700);
#6700 = SURFACE_SIDE_STYLE('',(#6701));
#6701 = SURFACE_STYLE_FILL_AREA(#6702);
#6702 = FILL_AREA_STYLE('',(#6703));
#6703 = FILL_AREA_STYLE_COLOUR('',#6003);
#6704 = STYLED_ITEM('color',(#6705),#3915);
#6705 = PRESENTATION_STYLE_ASSIGNMENT((#6706));
#6706 = SURFACE_STYLE_USAGE(.BOTH.,#6707);
#6707 = SURFACE_SIDE_STYLE('',(#6708));
#6708 = SURFACE_STYLE_FILL_AREA(#6709);
#6709 = FILL_AREA_STYLE('',(#6710));
#6710 = FILL_AREA_STYLE_COLOUR('',#6003);
#6711 = STYLED_ITEM('color',(#6712),#3939);
#6712 = PRESENTATION_STYLE_ASSIGNMENT((#6713));
#6713 = SURFACE_STYLE_USAGE(.BOTH.,#6714);
#6714 = SURFACE_SIDE_STYLE('',(#6715));
#6715 = SURFACE_STYLE_FILL_AREA(#6716);
#6716 = FILL_AREA_STYLE('',(#6717));
#6717 = FILL_AREA_STYLE_COLOUR('',#6003);
#6718 = STYLED_ITEM('color',(#6719),#3963);
#6719 = PRESENTATION_STYLE_ASSIGNMENT((#6720));
#6720 = SURFACE_STYLE_USAGE(.BOTH.,#6721);
#6721 = SURFACE_SIDE_STYLE('',(#6722));
#6722 = SURFACE_STYLE_FILL_AREA(#6723);
#6723 = FILL_AREA_STYLE('',(#6724));
#6724 = FILL_AREA_STYLE_COLOUR('',#6003);
#6725 = STYLED_ITEM('color',(#6726),#3980);
#6726 = PRESENTATION_STYLE_ASSIGNMENT((#6727));
#6727 = SURFACE_STYLE_USAGE(.BOTH.,#6728);
#6728 = SURFACE_SIDE_STYLE('',(#6729));
#6729 = SURFACE_STYLE_FILL_AREA(#6730);
#6730 = FILL_AREA_STYLE('',(#6731));
#6731 = FILL_AREA_STYLE_COLOUR('',#6003);
#6732 = STYLED_ITEM('color',(#6733),#4011);
#6733 = PRESENTATION_STYLE_ASSIGNMENT((#6734));
#6734 = SURFACE_STYLE_USAGE(.BOTH.,#6735);
#6735 = SURFACE_SIDE_STYLE('',(#6736));
#6736 = SURFACE_STYLE_FILL_AREA(#6737);
#6737 = FILL_AREA_STYLE('',(#6738));
#6738 = FILL_AREA_STYLE_COLOUR('',#6003);
#6739 = STYLED_ITEM('color',(#6740),#4035);
#6740 = PRESENTATION_STYLE_ASSIGNMENT((#6741));
#6741 = SURFACE_STYLE_USAGE(.BOTH.,#6742);
#6742 = SURFACE_SIDE_STYLE('',(#6743));
#6743 = SURFACE_STYLE_FILL_AREA(#6744);
#6744 = FILL_AREA_STYLE('',(#6745));
#6745 = FILL_AREA_STYLE_COLOUR('',#6003);
#6746 = STYLED_ITEM('color',(#6747),#4059);
#6747 = PRESENTATION_STYLE_ASSIGNMENT((#6748));
#6748 = SURFACE_STYLE_USAGE(.BOTH.,#6749);
#6749 = SURFACE_SIDE_STYLE('',(#6750));
#6750 = SURFACE_STYLE_FILL_AREA(#6751);
#6751 = FILL_AREA_STYLE('',(#6752));
#6752 = FILL_AREA_STYLE_COLOUR('',#6003);
#6753 = STYLED_ITEM('color',(#6754),#4076);
#6754 = PRESENTATION_STYLE_ASSIGNMENT((#6755));
#6755 = SURFACE_STYLE_USAGE(.BOTH.,#6756);
#6756 = SURFACE_SIDE_STYLE('',(#6757));
#6757 = SURFACE_STYLE_FILL_AREA(#6758);
#6758 = FILL_AREA_STYLE('',(#6759));
#6759 = FILL_AREA_STYLE_COLOUR('',#6003);
#6760 = STYLED_ITEM('color',(#6761),#4107);
#6761 = PRESENTATION_STYLE_ASSIGNMENT((#6762));
#6762 = SURFACE_STYLE_USAGE(.BOTH.,#6763);
#6763 = SURFACE_SIDE_STYLE('',(#6764));
#6764 = SURFACE_STYLE_FILL_AREA(#6765);
#6765 = FILL_AREA_STYLE('',(#6766));
#6766 = FILL_AREA_STYLE_COLOUR('',#6003);
#6767 = STYLED_ITEM('color',(#6768),#4131);
#6768 = PRESENTATION_STYLE_ASSIGNMENT((#6769));
#6769 = SURFACE_STYLE_USAGE(.BOTH.,#6770);
#6770 = SURFACE_SIDE_STYLE('',(#6771));
#6771 = SURFACE_STYLE_FILL_AREA(#6772);
#6772 = FILL_AREA_STYLE('',(#6773));
#6773 = FILL_AREA_STYLE_COLOUR('',#6003);
#6774 = STYLED_ITEM('color',(#6775),#4155);
#6775 = PRESENTATION_STYLE_ASSIGNMENT((#6776));
#6776 = SURFACE_STYLE_USAGE(.BOTH.,#6777);
#6777 = SURFACE_SIDE_STYLE('',(#6778));
#6778 = SURFACE_STYLE_FILL_AREA(#6779);
#6779 = FILL_AREA_STYLE('',(#6780));
#6780 = FILL_AREA_STYLE_COLOUR('',#6003);
#6781 = STYLED_ITEM('color',(#6782),#4172);
#6782 = PRESENTATION_STYLE_ASSIGNMENT((#6783));
#6783 = SURFACE_STYLE_USAGE(.BOTH.,#6784);
#6784 = SURFACE_SIDE_STYLE('',(#6785));
#6785 = SURFACE_STYLE_FILL_AREA(#6786);
#6786 = FILL_AREA_STYLE('',(#6787));
#6787 = FILL_AREA_STYLE_COLOUR('',#6003);
#6788 = STYLED_ITEM('color',(#6789),#4203);
#6789 = PRESENTATION_STYLE_ASSIGNMENT((#6790));
#6790 = SURFACE_STYLE_USAGE(.BOTH.,#6791);
#6791 = SURFACE_SIDE_STYLE('',(#6792));
#6792 = SURFACE_STYLE_FILL_AREA(#6793);
#6793 = FILL_AREA_STYLE('',(#6794));
#6794 = FILL_AREA_STYLE_COLOUR('',#6003);
#6795 = STYLED_ITEM('color',(#6796),#4227);
#6796 = PRESENTATION_STYLE_ASSIGNMENT((#6797));
#6797 = SURFACE_STYLE_USAGE(.BOTH.,#6798);
#6798 = SURFACE_SIDE_STYLE('',(#6799));
#6799 = SURFACE_STYLE_FILL_AREA(#6800);
#6800 = FILL_AREA_STYLE('',(#6801));
#6801 = FILL_AREA_STYLE_COLOUR('',#6003);
#6802 = STYLED_ITEM('color',(#6803),#4251);
#6803 = PRESENTATION_STYLE_ASSIGNMENT((#6804));
#6804 = SURFACE_STYLE_USAGE(.BOTH.,#6805);
#6805 = SURFACE_SIDE_STYLE('',(#6806));
#6806 = SURFACE_STYLE_FILL_AREA(#6807);
#6807 = FILL_AREA_STYLE('',(#6808));
#6808 = FILL_AREA_STYLE_COLOUR('',#6003);
#6809 = STYLED_ITEM('color',(#6810),#4268);
#6810 = PRESENTATION_STYLE_ASSIGNMENT((#6811));
#6811 = SURFACE_STYLE_USAGE(.BOTH.,#6812);
#6812 = SURFACE_SIDE_STYLE('',(#6813));
#6813 = SURFACE_STYLE_FILL_AREA(#6814);
#6814 = FILL_AREA_STYLE('',(#6815));
#6815 = FILL_AREA_STYLE_COLOUR('',#6003);
#6816 = STYLED_ITEM('color',(#6817),#4299);
#6817 = PRESENTATION_STYLE_ASSIGNMENT((#6818));
#6818 = SURFACE_STYLE_USAGE(.BOTH.,#6819);
#6819 = SURFACE_SIDE_STYLE('',(#6820));
#6820 = SURFACE_STYLE_FILL_AREA(#6821);
#6821 = FILL_AREA_STYLE('',(#6822));
#6822 = FILL_AREA_STYLE_COLOUR('',#6003);
#6823 = STYLED_ITEM('color',(#6824),#4323);
#6824 = PRESENTATION_STYLE_ASSIGNMENT((#6825));
#6825 = SURFACE_STYLE_USAGE(.BOTH.,#6826);
#6826 = SURFACE_SIDE_STYLE('',(#6827));
#6827 = SURFACE_STYLE_FILL_AREA(#6828);
#6828 = FILL_AREA_STYLE('',(#6829));
#6829 = FILL_AREA_STYLE_COLOUR('',#6003);
#6830 = STYLED_ITEM('color',(#6831),#4347);
#6831 = PRESENTATION_STYLE_ASSIGNMENT((#6832));
#6832 = SURFACE_STYLE_USAGE(.BOTH.,#6833);
#6833 = SURFACE_SIDE_STYLE('',(#6834));
#6834 = SURFACE_STYLE_FILL_AREA(#6835);
#6835 = FILL_AREA_STYLE('',(#6836));
#6836 = FILL_AREA_STYLE_COLOUR('',#6003);
#6837 = STYLED_ITEM('color',(#6838),#4364);
#6838 = PRESENTATION_STYLE_ASSIGNMENT((#6839));
#6839 = SURFACE_STYLE_USAGE(.BOTH.,#6840);
#6840 = SURFACE_SIDE_STYLE('',(#6841));
#6841 = SURFACE_STYLE_FILL_AREA(#6842);
#6842 = FILL_AREA_STYLE('',(#6843));
#6843 = FILL_AREA_STYLE_COLOUR('',#6003);
#6844 = STYLED_ITEM('color',(#6845),#4395);
#6845 = PRESENTATION_STYLE_ASSIGNMENT((#6846));
#6846 = SURFACE_STYLE_USAGE(.BOTH.,#6847);
#6847 = SURFACE_SIDE_STYLE('',(#6848));
#6848 = SURFACE_STYLE_FILL_AREA(#6849);
#6849 = FILL_AREA_STYLE('',(#6850));
#6850 = FILL_AREA_STYLE_COLOUR('',#6003);
#6851 = STYLED_ITEM('color',(#6852),#4419);
#6852 = PRESENTATION_STYLE_ASSIGNMENT((#6853));
#6853 = SURFACE_STYLE_USAGE(.BOTH.,#6854);
#6854 = SURFACE_SIDE_STYLE('',(#6855));
#6855 = SURFACE_STYLE_FILL_AREA(#6856);
#6856 = FILL_AREA_STYLE('',(#6857));
#6857 = FILL_AREA_STYLE_COLOUR('',#6003);
#6858 = STYLED_ITEM('color',(#6859),#4443);
#6859 = PRESENTATION_STYLE_ASSIGNMENT((#6860));
#6860 = SURFACE_STYLE_USAGE(.BOTH.,#6861);
#6861 = SURFACE_SIDE_STYLE('',(#6862));
#6862 = SURFACE_STYLE_FILL_AREA(#6863);
#6863 = FILL_AREA_STYLE('',(#6864));
#6864 = FILL_AREA_STYLE_COLOUR('',#6003);
#6865 = STYLED_ITEM('color',(#6866),#4460);
#6866 = PRESENTATION_STYLE_ASSIGNMENT((#6867));
#6867 = SURFACE_STYLE_USAGE(.BOTH.,#6868);
#6868 = SURFACE_SIDE_STYLE('',(#6869));
#6869 = SURFACE_STYLE_FILL_AREA(#6870);
#6870 = FILL_AREA_STYLE('',(#6871));
#6871 = FILL_AREA_STYLE_COLOUR('',#6003);
#6872 = STYLED_ITEM('color',(#6873),#4491);
#6873 = PRESENTATION_STYLE_ASSIGNMENT((#6874));
#6874 = SURFACE_STYLE_USAGE(.BOTH.,#6875);
#6875 = SURFACE_SIDE_STYLE('',(#6876));
#6876 = SURFACE_STYLE_FILL_AREA(#6877);
#6877 = FILL_AREA_STYLE('',(#6878));
#6878 = FILL_AREA_STYLE_COLOUR('',#6003);
#6879 = STYLED_ITEM('color',(#6880),#4515);
#6880 = PRESENTATION_STYLE_ASSIGNMENT((#6881));
#6881 = SURFACE_STYLE_USAGE(.BOTH.,#6882);
#6882 = SURFACE_SIDE_STYLE('',(#6883));
#6883 = SURFACE_STYLE_FILL_AREA(#6884);
#6884 = FILL_AREA_STYLE('',(#6885));
#6885 = FILL_AREA_STYLE_COLOUR('',#6003);
#6886 = STYLED_ITEM('color',(#6887),#4539);
#6887 = PRESENTATION_STYLE_ASSIGNMENT((#6888));
#6888 = SURFACE_STYLE_USAGE(.BOTH.,#6889);
#6889 = SURFACE_SIDE_STYLE('',(#6890));
#6890 = SURFACE_STYLE_FILL_AREA(#6891);
#6891 = FILL_AREA_STYLE('',(#6892));
#6892 = FILL_AREA_STYLE_COLOUR('',#6003);
#6893 = STYLED_ITEM('color',(#6894),#4556);
#6894 = PRESENTATION_STYLE_ASSIGNMENT((#6895));
#6895 = SURFACE_STYLE_USAGE(.BOTH.,#6896);
#6896 = SURFACE_SIDE_STYLE('',(#6897));
#6897 = SURFACE_STYLE_FILL_AREA(#6898);
#6898 = FILL_AREA_STYLE('',(#6899));
#6899 = FILL_AREA_STYLE_COLOUR('',#6003);
#6900 = STYLED_ITEM('color',(#6901),#4568);
#6901 = PRESENTATION_STYLE_ASSIGNMENT((#6902));
#6902 = SURFACE_STYLE_USAGE(.BOTH.,#6903);
#6903 = SURFACE_SIDE_STYLE('',(#6904));
#6904 = SURFACE_STYLE_FILL_AREA(#6905);
#6905 = FILL_AREA_STYLE('',(#6906));
#6906 = FILL_AREA_STYLE_COLOUR('',#6003);
#6907 = STYLED_ITEM('color',(#6908),#4580);
#6908 = PRESENTATION_STYLE_ASSIGNMENT((#6909));
#6909 = SURFACE_STYLE_USAGE(.BOTH.,#6910);
#6910 = SURFACE_SIDE_STYLE('',(#6911));
#6911 = SURFACE_STYLE_FILL_AREA(#6912);
#6912 = FILL_AREA_STYLE('',(#6913));
#6913 = FILL_AREA_STYLE_COLOUR('',#6003);
#6914 = STYLED_ITEM('color',(#6915),#4592);
#6915 = PRESENTATION_STYLE_ASSIGNMENT((#6916));
#6916 = SURFACE_STYLE_USAGE(.BOTH.,#6917);
#6917 = SURFACE_SIDE_STYLE('',(#6918));
#6918 = SURFACE_STYLE_FILL_AREA(#6919);
#6919 = FILL_AREA_STYLE('',(#6920));
#6920 = FILL_AREA_STYLE_COLOUR('',#6003);
#6921 = STYLED_ITEM('color',(#6922),#4604);
#6922 = PRESENTATION_STYLE_ASSIGNMENT((#6923));
#6923 = SURFACE_STYLE_USAGE(.BOTH.,#6924);
#6924 = SURFACE_SIDE_STYLE('',(#6925));
#6925 = SURFACE_STYLE_FILL_AREA(#6926);
#6926 = FILL_AREA_STYLE('',(#6927));
#6927 = FILL_AREA_STYLE_COLOUR('',#6003);
#6928 = STYLED_ITEM('color',(#6929),#4616);
#6929 = PRESENTATION_STYLE_ASSIGNMENT((#6930));
#6930 = SURFACE_STYLE_USAGE(.BOTH.,#6931);
#6931 = SURFACE_SIDE_STYLE('',(#6932));
#6932 = SURFACE_STYLE_FILL_AREA(#6933);
#6933 = FILL_AREA_STYLE('',(#6934));
#6934 = FILL_AREA_STYLE_COLOUR('',#6003);
#6935 = STYLED_ITEM('color',(#6936),#4628);
#6936 = PRESENTATION_STYLE_ASSIGNMENT((#6937));
#6937 = SURFACE_STYLE_USAGE(.BOTH.,#6938);
#6938 = SURFACE_SIDE_STYLE('',(#6939));
#6939 = SURFACE_STYLE_FILL_AREA(#6940);
#6940 = FILL_AREA_STYLE('',(#6941));
#6941 = FILL_AREA_STYLE_COLOUR('',#6003);
#6942 = STYLED_ITEM('color',(#6943),#4640);
#6943 = PRESENTATION_STYLE_ASSIGNMENT((#6944));
#6944 = SURFACE_STYLE_USAGE(.BOTH.,#6945);
#6945 = SURFACE_SIDE_STYLE('',(#6946));
#6946 = SURFACE_STYLE_FILL_AREA(#6947);
#6947 = FILL_AREA_STYLE('',(#6948));
#6948 = FILL_AREA_STYLE_COLOUR('',#6003);
#6949 = STYLED_ITEM('color',(#6950),#4652);
#6950 = PRESENTATION_STYLE_ASSIGNMENT((#6951));
#6951 = SURFACE_STYLE_USAGE(.BOTH.,#6952);
#6952 = SURFACE_SIDE_STYLE('',(#6953));
#6953 = SURFACE_STYLE_FILL_AREA(#6954);
#6954 = FILL_AREA_STYLE('',(#6955));
#6955 = FILL_AREA_STYLE_COLOUR('',#6003);
#6956 = STYLED_ITEM('color',(#6957),#4664);
#6957 = PRESENTATION_STYLE_ASSIGNMENT((#6958));
#6958 = SURFACE_STYLE_USAGE(.BOTH.,#6959);
#6959 = SURFACE_SIDE_STYLE('',(#6960));
#6960 = SURFACE_STYLE_FILL_AREA(#6961);
#6961 = FILL_AREA_STYLE('',(#6962));
#6962 = FILL_AREA_STYLE_COLOUR('',#6003);
#6963 = STYLED_ITEM('color',(#6964),#4676);
#6964 = PRESENTATION_STYLE_ASSIGNMENT((#6965));
#6965 = SURFACE_STYLE_USAGE(.BOTH.,#6966);
#6966 = SURFACE_SIDE_STYLE('',(#6967));
#6967 = SURFACE_STYLE_FILL_AREA(#6968);
#6968 = FILL_AREA_STYLE('',(#6969));
#6969 = FILL_AREA_STYLE_COLOUR('',#6003);
#6970 = STYLED_ITEM('color',(#6971),#4688);
#6971 = PRESENTATION_STYLE_ASSIGNMENT((#6972));
#6972 = SURFACE_STYLE_USAGE(.BOTH.,#6973);
#6973 = SURFACE_SIDE_STYLE('',(#6974));
#6974 = SURFACE_STYLE_FILL_AREA(#6975);
#6975 = FILL_AREA_STYLE('',(#6976));
#6976 = FILL_AREA_STYLE_COLOUR('',#6003);
#6977 = STYLED_ITEM('color',(#6978),#4700);
#6978 = PRESENTATION_STYLE_ASSIGNMENT((#6979));
#6979 = SURFACE_STYLE_USAGE(.BOTH.,#6980);
#6980 = SURFACE_SIDE_STYLE('',(#6981));
#6981 = SURFACE_STYLE_FILL_AREA(#6982);
#6982 = FILL_AREA_STYLE('',(#6983));
#6983 = FILL_AREA_STYLE_COLOUR('',#6003);
#6984 = STYLED_ITEM('color',(#6985),#4712);
#6985 = PRESENTATION_STYLE_ASSIGNMENT((#6986));
#6986 = SURFACE_STYLE_USAGE(.BOTH.,#6987);
#6987 = SURFACE_SIDE_STYLE('',(#6988));
#6988 = SURFACE_STYLE_FILL_AREA(#6989);
#6989 = FILL_AREA_STYLE('',(#6990));
#6990 = FILL_AREA_STYLE_COLOUR('',#6003);
#6991 = STYLED_ITEM('color',(#6992),#4724);
#6992 = PRESENTATION_STYLE_ASSIGNMENT((#6993));
#6993 = SURFACE_STYLE_USAGE(.BOTH.,#6994);
#6994 = SURFACE_SIDE_STYLE('',(#6995));
#6995 = SURFACE_STYLE_FILL_AREA(#6996);
#6996 = FILL_AREA_STYLE('',(#6997));
#6997 = FILL_AREA_STYLE_COLOUR('',#6003);
#6998 = STYLED_ITEM('color',(#6999),#4736);
#6999 = PRESENTATION_STYLE_ASSIGNMENT((#7000));
#7000 = SURFACE_STYLE_USAGE(.BOTH.,#7001);
#7001 = SURFACE_SIDE_STYLE('',(#7002));
#7002 = SURFACE_STYLE_FILL_AREA(#7003);
#7003 = FILL_AREA_STYLE('',(#7004));
#7004 = FILL_AREA_STYLE_COLOUR('',#6003);
ENDSEC;
END-ISO-10303-21;
