ISO-10303-21;
HEADER;
FILE_DESCRIPTION (( 'STEP AP214' ),
    '1' );
FILE_NAME ('G8PM_1AW7R.step',
    '2024-01-23T02:33:13',
    ( 'OSMC1.0    ' ),
    ( ' ' ),
    'SwSTEP 2.0',
    'SolidWorks 2002025',
    '' );
FILE_SCHEMA (( 'AUTOMOTIVE_DESIGN' ));
ENDSEC;

DATA;
#1 = EDGE_LOOP ( 'NONE', ( #1435, #2394, #1678, #2202 ) ) ;
#2 = EDGE_CURVE ( 'NONE', #36, #499, #560, .T. ) ;
#3 = VERTEX_POINT ( 'NONE', #564 ) ;
#4 = EDGE_CURVE ( 'NONE', #134, #291, #565, .T. ) ;
#5 = ORIENTED_EDGE ( 'NONE', *, *, #371, .F. ) ;
#6 = ORIENTED_EDGE ( 'NONE', *, *, #53, .T. ) ;
#7 = VERTEX_POINT ( 'NONE', #573 ) ;
#8 = ADVANCED_FACE ( 'NONE', ( #602, #603 ), #619, .T. ) ;
#9 = ADVANCED_FACE ( 'NONE', ( #632 ), #650, .T. ) ;
#10 = EDGE_CURVE ( 'NONE', #224, #489, #655, .T. ) ;
#11 = VERTEX_POINT ( 'NONE', #659 ) ;
#12 = ORIENTED_EDGE ( 'NONE', *, *, #24, .F. ) ;
#13 = ORIENTED_EDGE ( 'NONE', *, *, #108, .T. ) ;
#14 = EDGE_CURVE ( 'NONE', #228, #217, #660, .T. ) ;
#15 = EDGE_CURVE ( 'NONE', #27, #144, #664, .T. ) ;
#16 = ORIENTED_EDGE ( 'NONE', *, *, #35, .T. ) ;
#17 = EDGE_CURVE ( 'NONE', #238, #240, #668, .T. ) ;
#18 = ORIENTED_EDGE ( 'NONE', *, *, #42, .T. ) ;
#19 = VERTEX_POINT ( 'NONE', #672 ) ;
#20 = EDGE_CURVE ( 'NONE', #423, #127, #673, .T. ) ;
#21 = EDGE_CURVE ( 'NONE', #543, #47, #678, .T. ) ;
#22 = ORIENTED_EDGE ( 'NONE', *, *, #15, .T. ) ;
#23 = EDGE_CURVE ( 'NONE', #2417, #50, #682, .T. ) ;
#24 = EDGE_CURVE ( 'NONE', #416, #424, #690, .T. ) ;
#25 = EDGE_CURVE ( 'NONE', #1747, #2443, #719, .T. ) ;
#26 = ORIENTED_EDGE ( 'NONE', *, *, #2083, .F. ) ;
#27 = VERTEX_POINT ( 'NONE', #723 ) ;
#28 = EDGE_LOOP ( 'NONE', ( #60, #52, #103, #275 ) ) ;
#29 = EDGE_CURVE ( 'NONE', #32, #11, #724, .T. ) ;
#30 = ORIENTED_EDGE ( 'NONE', *, *, #1241, .T. ) ;
#31 = MANIFOLD_SOLID_BREP ( 'NONE', #2427 ) ;
#32 = VERTEX_POINT ( 'NONE', #772 ) ;
#33 = ORIENTED_EDGE ( 'NONE', *, *, #2134, .T. ) ;
#34 = EDGE_CURVE ( 'NONE', #526, #356, #773, .T. ) ;
#35 = EDGE_CURVE ( 'NONE', #543, #270, #777, .T. ) ;
#36 = VERTEX_POINT ( 'NONE', #805 ) ;
#37 = EDGE_CURVE ( 'NONE', #19, #1747, #806, .T. ) ;
#38 = ORIENTED_EDGE ( 'NONE', *, *, #23, .F. ) ;
#39 = EDGE_CURVE ( 'NONE', #11, #84, #810, .T. ) ;
#40 = ORIENTED_EDGE ( 'NONE', *, *, #87, .F. ) ;
#41 = EDGE_LOOP ( 'NONE', ( #360, #1781, #359, #1378 ) ) ;
#42 = EDGE_CURVE ( 'NONE', #7, #223, #821, .T. ) ;
#43 = ORIENTED_EDGE ( 'NONE', *, *, #185, .F. ) ;
#44 = VERTEX_POINT ( 'NONE', #825 ) ;
#45 = EDGE_CURVE ( 'NONE', #2436, #513, #826, .T. ) ;
#46 = ORIENTED_EDGE ( 'NONE', *, *, #262, .F. ) ;
#47 = VERTEX_POINT ( 'NONE', #837 ) ;
#48 = ORIENTED_EDGE ( 'NONE', *, *, #2203, .F. ) ;
#49 = ADVANCED_FACE ( 'NONE', ( #842 ), #859, .T. ) ;
#50 = VERTEX_POINT ( 'NONE', #864 ) ;
#51 = ADVANCED_FACE ( 'NONE', ( #866 ), #883, .F. ) ;
#52 = ORIENTED_EDGE ( 'NONE', *, *, #1027, .F. ) ;
#53 = EDGE_CURVE ( 'NONE', #434, #83, #918, .T. ) ;
#54 = ORIENTED_EDGE ( 'NONE', *, *, #1206, .T. ) ;
#55 = ORIENTED_EDGE ( 'NONE', *, *, #551, .F. ) ;
#56 = ORIENTED_EDGE ( 'NONE', *, *, #1538, .F. ) ;
#57 = EDGE_CURVE ( 'NONE', #485, #204, #945, .T. ) ;
#58 = ORIENTED_EDGE ( 'NONE', *, *, #100, .F. ) ;
#59 = EDGE_CURVE ( 'NONE', #145, #513, #949, .T. ) ;
#60 = ORIENTED_EDGE ( 'NONE', *, *, #318, .F. ) ;
#61 = ORIENTED_EDGE ( 'NONE', *, *, #82, .F. ) ;
#62 = EDGE_CURVE ( 'NONE', #2450, #305, #1004, .T. ) ;
#63 = ORIENTED_EDGE ( 'NONE', *, *, #171, .F. ) ;
#64 = EDGE_LOOP ( 'NONE', ( #74, #68, #239, #1414 ) ) ;
#65 = EDGE_CURVE ( 'NONE', #187, #189, #1016, .T. ) ;
#66 = EDGE_LOOP ( 'NONE', ( #33, #393, #346, #321, #512, #347, #472, #1205, #30, #38, #76, #277 ) ) ;
#67 = ORIENTED_EDGE ( 'NONE', *, *, #2432, .F. ) ;
#68 = ORIENTED_EDGE ( 'NONE', *, *, #113, .T. ) ;
#69 = VERTEX_POINT ( 'NONE', #1054 ) ;
#70 = ORIENTED_EDGE ( 'NONE', *, *, #77, .F. ) ;
#71 = ORIENTED_EDGE ( 'NONE', *, *, #37, .F. ) ;
#72 = ORIENTED_EDGE ( 'NONE', *, *, #88, .T. ) ;
#73 = ORIENTED_EDGE ( 'NONE', *, *, #90, .F. ) ;
#74 = ORIENTED_EDGE ( 'NONE', *, *, #922, .F. ) ;
#75 = ORIENTED_EDGE ( 'NONE', *, *, #2456, .T. ) ;
#76 = ORIENTED_EDGE ( 'NONE', *, *, #94, .F. ) ;
#77 = EDGE_CURVE ( 'NONE', #399, #187, #1056, .T. ) ;
#78 = EDGE_LOOP ( 'NONE', ( #199, #438, #80, #139 ) ) ;
#79 = ORIENTED_EDGE ( 'NONE', *, *, #95, .T. ) ;
#80 = ORIENTED_EDGE ( 'NONE', *, *, #96, .F. ) ;
#81 = VERTEX_POINT ( 'NONE', #1065 ) ;
#82 = EDGE_CURVE ( 'NONE', #237, #385, #1067, .T. ) ;
#83 = VERTEX_POINT ( 'NONE', #1071 ) ;
#84 = VERTEX_POINT ( 'NONE', #1072 ) ;
#85 = EDGE_CURVE ( 'NONE', #189, #181, #1073, .T. ) ;
#86 = ADVANCED_FACE ( 'NONE', ( #1077 ), #1078, .T. ) ;
#87 = EDGE_CURVE ( 'NONE', #200, #463, #1086, .T. ) ;
#88 = EDGE_CURVE ( 'NONE', #349, #123, #1097, .T. ) ;
#89 = ADVANCED_FACE ( 'NONE', ( #1109 ), #1125, .T. ) ;
#90 = EDGE_CURVE ( 'NONE', #81, #391, #1133, .T. ) ;
#91 = ORIENTED_EDGE ( 'NONE', *, *, #102, .F. ) ;
#92 = EDGE_CURVE ( 'NONE', #399, #183, #1141, .T. ) ;
#93 = ORIENTED_EDGE ( 'NONE', *, *, #367, .T. ) ;
#94 = EDGE_CURVE ( 'NONE', #886, #2417, #1150, .T. ) ;
#95 = EDGE_CURVE ( 'NONE', #19, #222, #1158, .T. ) ;
#96 = EDGE_CURVE ( 'NONE', #422, #224, #1169, .T. ) ;
#97 = ORIENTED_EDGE ( 'NONE', *, *, #113, .F. ) ;
#98 = EDGE_LOOP ( 'NONE', ( #160, #328, #293, #337 ) ) ;
#99 = ORIENTED_EDGE ( 'NONE', *, *, #994, .F. ) ;
#100 = EDGE_CURVE ( 'NONE', #391, #285, #1211, .T. ) ;
#101 = ORIENTED_EDGE ( 'NONE', *, *, #326, .T. ) ;
#102 = EDGE_CURVE ( 'NONE', #127, #134, #1219, .T. ) ;
#103 = ORIENTED_EDGE ( 'NONE', *, *, #1379, .F. ) ;
#104 = VERTEX_POINT ( 'NONE', #1225 ) ;
#105 = ORIENTED_EDGE ( 'NONE', *, *, #125, .F. ) ;
#106 = ORIENTED_EDGE ( 'NONE', *, *, #339, .F. ) ;
#107 = EDGE_LOOP ( 'NONE', ( #556, #646, #255, #2424, #372, #1130, #1899, #258 ) ) ;
#108 = EDGE_CURVE ( 'NONE', #507, #542, #1249, .T. ) ;
#109 = ORIENTED_EDGE ( 'NONE', *, *, #21, .F. ) ;
#110 = VERTEX_POINT ( 'NONE', #1254 ) ;
#111 = EDGE_CURVE ( 'NONE', #170, #230, #1259, .T. ) ;
#112 = ORIENTED_EDGE ( 'NONE', *, *, #20, .F. ) ;
#113 = EDGE_CURVE ( 'NONE', #2392, #454, #1264, .T. ) ;
#114 = ADVANCED_FACE ( 'NONE', ( #1268 ), #1269, .T. ) ;
#115 = ORIENTED_EDGE ( 'NONE', *, *, #2473, .F. ) ;
#116 = ORIENTED_EDGE ( 'NONE', *, *, #2454, .T. ) ;
#117 = ORIENTED_EDGE ( 'NONE', *, *, #37, .T. ) ;
#118 = ORIENTED_EDGE ( 'NONE', *, *, #342, .F. ) ;
#119 = ORIENTED_EDGE ( 'NONE', *, *, #155, .F. ) ;
#120 = ORIENTED_EDGE ( 'NONE', *, *, #379, .T. ) ;
#121 = ORIENTED_EDGE ( 'NONE', *, *, #1432, .F. ) ;
#122 = ORIENTED_EDGE ( 'NONE', *, *, #318, .T. ) ;
#123 = VERTEX_POINT ( 'NONE', #1287 ) ;
#124 = ORIENTED_EDGE ( 'NONE', *, *, #24, .T. ) ;
#125 = EDGE_CURVE ( 'NONE', #485, #44, #1288, .T. ) ;
#126 = ORIENTED_EDGE ( 'NONE', *, *, #184, .F. ) ;
#127 = VERTEX_POINT ( 'NONE', #1305 ) ;
#128 = EDGE_LOOP ( 'NONE', ( #266, #303, #6, #143 ) ) ;
#129 = EDGE_CURVE ( 'NONE', #886, #441, #1306, .T. ) ;
#130 = EDGE_CURVE ( 'NONE', #36, #204, #1322, .T. ) ;
#131 = EDGE_CURVE ( 'NONE', #2338, #458, #1354, .T. ) ;
#132 = ORIENTED_EDGE ( 'NONE', *, *, #165, .T. ) ;
#133 = ADVANCED_FACE ( 'NONE', ( #1358 ), #1375, .T. ) ;
#134 = VERTEX_POINT ( 'NONE', #1383 ) ;
#135 = ORIENTED_EDGE ( 'NONE', *, *, #476, .F. ) ;
#136 = ORIENTED_EDGE ( 'NONE', *, *, #535, .F. ) ;
#137 = ORIENTED_EDGE ( 'NONE', *, *, #163, .T. ) ;
#138 = ORIENTED_EDGE ( 'NONE', *, *, #166, .F. ) ;
#139 = ORIENTED_EDGE ( 'NONE', *, *, #401, .T. ) ;
#140 = ORIENTED_EDGE ( 'NONE', *, *, #1132, .F. ) ;
#141 = EDGE_CURVE ( 'NONE', #2372, #162, #1410, .T. ) ;
#142 = ADVANCED_FACE ( 'NONE', ( #1420 ), #1440, .F. ) ;
#143 = ORIENTED_EDGE ( 'NONE', *, *, #1415, .F. ) ;
#144 = VERTEX_POINT ( 'NONE', #1449 ) ;
#145 = VERTEX_POINT ( 'NONE', #1450 ) ;
#146 = EDGE_CURVE ( 'NONE', #240, #168, #1451, .T. ) ;
#147 = EDGE_LOOP ( 'NONE', ( #135, #221, #256, #698 ) ) ;
#148 = EDGE_CURVE ( 'NONE', #450, #214, #1466, .T. ) ;
#149 = ORIENTED_EDGE ( 'NONE', *, *, #263, .F. ) ;
#150 = EDGE_LOOP ( 'NONE', ( #109, #16, #2408, #63 ) ) ;
#151 = ORIENTED_EDGE ( 'NONE', *, *, #245, .F. ) ;
#152 = ADVANCED_FACE ( 'NONE', ( #1479, #1480, #1481, #1482, #1483, #1484, #1485 ), #1503, .F. ) ;
#153 = EDGE_LOOP ( 'NONE', ( #2444, #233, #492, #538 ) ) ;
#154 = ORIENTED_EDGE ( 'NONE', *, *, #548, .T. ) ;
#155 = EDGE_CURVE ( 'NONE', #555, #696, #1549, .T. ) ;
#156 = ORIENTED_EDGE ( 'NONE', *, *, #62, .T. ) ;
#157 = ORIENTED_EDGE ( 'NONE', *, *, #182, .T. ) ;
#158 = ORIENTED_EDGE ( 'NONE', *, *, #208, .T. ) ;
#159 = EDGE_CURVE ( 'NONE', #424, #2435, #1559, .T. ) ;
#160 = ORIENTED_EDGE ( 'NONE', *, *, #2426, .T. ) ;
#161 = EDGE_CURVE ( 'NONE', #181, #489, #1584, .T. ) ;
#162 = VERTEX_POINT ( 'NONE', #1598 ) ;
#163 = EDGE_CURVE ( 'NONE', #334, #555, #1624, .T. ) ;
#164 = EDGE_LOOP ( 'NONE', ( #365, #405 ) ) ;
#165 = EDGE_CURVE ( 'NONE', #2466, #247, #1637, .T. ) ;
#166 = EDGE_CURVE ( 'NONE', #356, #2389, #1647, .T. ) ;
#167 = VERTEX_POINT ( 'NONE', #1653 ) ;
#168 = VERTEX_POINT ( 'NONE', #1654 ) ;
#169 = VERTEX_POINT ( 'NONE', #1655 ) ;
#170 = VERTEX_POINT ( 'NONE', #1656 ) ;
#171 = EDGE_CURVE ( 'NONE', #47, #167, #1657, .T. ) ;
#172 = ORIENTED_EDGE ( 'NONE', *, *, #2200, .T. ) ;
#173 = ORIENTED_EDGE ( 'NONE', *, *, #2393, .F. ) ;
#174 = ORIENTED_EDGE ( 'NONE', *, *, #417, .F. ) ;
#175 = VERTEX_POINT ( 'NONE', #1671 ) ;
#176 = ORIENTED_EDGE ( 'NONE', *, *, #163, .F. ) ;
#177 = EDGE_LOOP ( 'NONE', ( #1166, #715, #101, #22, #327, #116, #647, #309, #2321, #2440, #126, #1242 ) ) ;
#178 = ORIENTED_EDGE ( 'NONE', *, *, #248, .T. ) ;
#179 = VERTEX_POINT ( 'NONE', #1680 ) ;
#180 = ADVANCED_FACE ( 'NONE', ( #1681 ), #1682, .T. ) ;
#181 = VERTEX_POINT ( 'NONE', #1687 ) ;
#182 = EDGE_CURVE ( 'NONE', #47, #200, #1688, .T. ) ;
#183 = VERTEX_POINT ( 'NONE', #1692 ) ;
#184 = EDGE_CURVE ( 'NONE', #32, #2338, #1715, .T. ) ;
#185 = EDGE_CURVE ( 'NONE', #434, #294, #1719, .T. ) ;
#186 = ORIENTED_EDGE ( 'NONE', *, *, #2453, .F. ) ;
#187 = VERTEX_POINT ( 'NONE', #1750 ) ;
#188 = ORIENTED_EDGE ( 'NONE', *, *, #378, .T. ) ;
#189 = VERTEX_POINT ( 'NONE', #1777 ) ;
#190 = EDGE_LOOP ( 'NONE', ( #310, #186, #2470, #338 ) ) ;
#191 = ORIENTED_EDGE ( 'NONE', *, *, #59, .F. ) ;
#192 = ORIENTED_EDGE ( 'NONE', *, *, #442, .T. ) ;
#193 = ORIENTED_EDGE ( 'NONE', *, *, #25, .F. ) ;
#194 = EDGE_LOOP ( 'NONE', ( #525, #552, #226, #2419 ) ) ;
#195 = ORIENTED_EDGE ( 'NONE', *, *, #85, .T. ) ;
#196 = EDGE_LOOP ( 'NONE', ( #18, #364, #904, #2391 ) ) ;
#197 = EDGE_LOOP ( 'NONE', ( #523, #626, #317, #2116 ) ) ;
#198 = EDGE_CURVE ( 'NONE', #169, #175, #1848, .T. ) ;
#199 = ORIENTED_EDGE ( 'NONE', *, *, #161, .T. ) ;
#200 = VERTEX_POINT ( 'NONE', #1852 ) ;
#201 = ORIENTED_EDGE ( 'NONE', *, *, #220, .F. ) ;
#202 = ADVANCED_FACE ( 'NONE', ( #1864 ), #1880, .T. ) ;
#203 = ADVANCED_FACE ( 'NONE', ( #1891 ), #1892, .T. ) ;
#204 = VERTEX_POINT ( 'NONE', #1903 ) ;
#205 = EDGE_LOOP ( 'NONE', ( #118, #151, #2288, #2431 ) ) ;
#206 = ORIENTED_EDGE ( 'NONE', *, *, #357, .T. ) ;
#207 = VERTEX_POINT ( 'NONE', #1974 ) ;
#208 = EDGE_CURVE ( 'NONE', #1223, #44, #1976, .T. ) ;
#209 = ORIENTED_EDGE ( 'NONE', *, *, #219, .F. ) ;
#210 = EDGE_LOOP ( 'NONE', ( #420, #13, #1433, #299 ) ) ;
#211 = ADVANCED_FACE ( 'NONE', ( #2003 ), #2004, .F. ) ;
#212 = ORIENTED_EDGE ( 'NONE', *, *, #455, .T. ) ;
#213 = ORIENTED_EDGE ( 'NONE', *, *, #130, .F. ) ;
#214 = VERTEX_POINT ( 'NONE', #2024 ) ;
#215 = ORIENTED_EDGE ( 'NONE', *, *, #220, .T. ) ;
#216 = EDGE_LOOP ( 'NONE', ( #2437, #2407, #2438, #99 ) ) ;
#217 = VERTEX_POINT ( 'NONE', #2034 ) ;
#218 = ORIENTED_EDGE ( 'NONE', *, *, #95, .F. ) ;
#219 = EDGE_CURVE ( 'NONE', #463, #179, #2044, .T. ) ;
#220 = EDGE_CURVE ( 'NONE', #501, #168, #2086, .T. ) ;
#221 = ORIENTED_EDGE ( 'NONE', *, *, #2425, .T. ) ;
#222 = VERTEX_POINT ( 'NONE', #2130 ) ;
#223 = VERTEX_POINT ( 'NONE', #2154 ) ;
#224 = VERTEX_POINT ( 'NONE', #2159 ) ;
#225 = ADVANCED_FACE ( 'NONE', ( #2171 ), #2172, .T. ) ;
#226 = ORIENTED_EDGE ( 'NONE', *, *, #141, .T. ) ;
#227 = EDGE_LOOP ( 'NONE', ( #486, #515, #514, #243 ) ) ;
#228 = VERTEX_POINT ( 'NONE', #2178 ) ;
#229 = ORIENTED_EDGE ( 'NONE', *, *, #166, .T. ) ;
#230 = VERTEX_POINT ( 'NONE', #2226 ) ;
#231 = ADVANCED_FACE ( 'NONE', ( #2231 ), #2232, .T. ) ;
#232 = EDGE_LOOP ( 'NONE', ( #366, #261, #333, #1327 ) ) ;
#233 = ORIENTED_EDGE ( 'NONE', *, *, #100, .T. ) ;
#234 = ORIENTED_EDGE ( 'NONE', *, *, #2167, .F. ) ;
#235 = EDGE_CURVE ( 'NONE', #104, #291, #2239, .T. ) ;
#236 = ORIENTED_EDGE ( 'NONE', *, *, #125, .T. ) ;
#237 = VERTEX_POINT ( 'NONE', #2244 ) ;
#238 = VERTEX_POINT ( 'NONE', #2249 ) ;
#239 = ORIENTED_EDGE ( 'NONE', *, *, #245, .T. ) ;
#240 = VERTEX_POINT ( 'NONE', #2262 ) ;
#241 = EDGE_LOOP ( 'NONE', ( #1881, #330, #352, #48 ) ) ;
#242 = ORIENTED_EDGE ( 'NONE', *, *, #494, .T. ) ;
#243 = ORIENTED_EDGE ( 'NONE', *, *, #254, .T. ) ;
#244 = ADVANCED_FACE ( 'NONE', ( #2267 ), #2285, .F. ) ;
#245 = EDGE_CURVE ( 'NONE', #454, #284, #2291, .T. ) ;
#246 = EDGE_CURVE ( 'NONE', #104, #592, #2295, .T. ) ;
#247 = VERTEX_POINT ( 'NONE', #2299 ) ;
#248 = EDGE_CURVE ( 'NONE', #207, #145, #2300, .T. ) ;
#249 = ORIENTED_EDGE ( 'NONE', *, *, #477, .F. ) ;
#250 = ADVANCED_FACE ( 'NONE', ( #2304 ), #2305, .T. ) ;
#251 = EDGE_LOOP ( 'NONE', ( #119, #505, #627, #306, #157, #496 ) ) ;
#252 = VERTEX_POINT ( 'NONE', #2345 ) ;
#253 = ADVANCED_FACE ( 'NONE', ( #2346 ), #2347, .F. ) ;
#254 = EDGE_CURVE ( 'NONE', #522, #110, #2352, .T. ) ;
#255 = ORIENTED_EDGE ( 'NONE', *, *, #475, .F. ) ;
#256 = ORIENTED_EDGE ( 'NONE', *, *, #263, .T. ) ;
#257 = ADVANCED_FACE ( 'NONE', ( #2361 ), #2362, .T. ) ;
#258 = ORIENTED_EDGE ( 'NONE', *, *, #129, .F. ) ;
#259 = ADVANCED_FACE ( 'NONE', ( #2368 ), #2369, .F. ) ;
#260 = ORIENTED_EDGE ( 'NONE', *, *, #1309, .T. ) ;
#261 = ORIENTED_EDGE ( 'NONE', *, *, #269, .T. ) ;
#262 = EDGE_CURVE ( 'NONE', #240, #434, #2375, .T. ) ;
#263 = EDGE_CURVE ( 'NONE', #162, #542, #2379, .T. ) ;
#264 = EDGE_CURVE ( 'NONE', #1898, #144, #2383, .T. ) ;
#265 = ORIENTED_EDGE ( 'NONE', *, *, #994, .T. ) ;
#266 = ORIENTED_EDGE ( 'NONE', *, *, #146, .F. ) ;
#267 = ORIENTED_EDGE ( 'NONE', *, *, #59, .T. ) ;
#268 = ORIENTED_EDGE ( 'NONE', *, *, #289, .F. ) ;
#269 = EDGE_CURVE ( 'NONE', #7, #284, #838, .T. ) ;
#270 = VERTEX_POINT ( 'NONE', #865 ) ;
#271 = ADVANCED_FACE ( 'NONE', ( #895 ), #913, .T. ) ;
#272 = ADVANCED_FACE ( 'NONE', ( #929 ), #930, .F. ) ;
#273 = ADVANCED_FACE ( 'NONE', ( #954 ), #971, .T. ) ;
#274 = ORIENTED_EDGE ( 'NONE', *, *, #77, .T. ) ;
#275 = ORIENTED_EDGE ( 'NONE', *, *, #1206, .F. ) ;
#276 = ORIENTED_EDGE ( 'NONE', *, *, #302, .F. ) ;
#277 = ORIENTED_EDGE ( 'NONE', *, *, #129, .T. ) ;
#278 = EDGE_LOOP ( 'NONE', ( #323, #276, #361, #392 ) ) ;
#279 = EDGE_LOOP ( 'NONE', ( #173, #1168, #1470, #97 ) ) ;
#280 = ORIENTED_EDGE ( 'NONE', *, *, #286, .T. ) ;
#281 = ORIENTED_EDGE ( 'NONE', *, *, #45, .F. ) ;
#282 = EDGE_LOOP ( 'NONE', ( #137, #940, #1396, #140 ) ) ;
#283 = ORIENTED_EDGE ( 'NONE', *, *, #532, .F. ) ;
#284 = VERTEX_POINT ( 'NONE', #1091 ) ;
#285 = VERTEX_POINT ( 'NONE', #1092 ) ;
#286 = EDGE_CURVE ( 'NONE', #169, #356, #1101, .T. ) ;
#287 = EDGE_LOOP ( 'NONE', ( #314, #520, #528, #234 ) ) ;
#288 = EDGE_LOOP ( 'NONE', ( #325, #404, #229, #260 ) ) ;
#289 = EDGE_CURVE ( 'NONE', #1028, #501, #1145, .T. ) ;
#290 = EDGE_CURVE ( 'NONE', #285, #204, #1154, .T. ) ;
#291 = VERTEX_POINT ( 'NONE', #1177 ) ;
#292 = ADVANCED_FACE ( 'NONE', ( #1178 ), #1179, .F. ) ;
#293 = ORIENTED_EDGE ( 'NONE', *, *, #14, .F. ) ;
#294 = VERTEX_POINT ( 'NONE', #1210 ) ;
#295 = EDGE_CURVE ( 'NONE', #489, #183, #1215, .T. ) ;
#296 = ORIENTED_EDGE ( 'NONE', *, *, #304, .F. ) ;
#297 = ORIENTED_EDGE ( 'NONE', *, *, #319, .T. ) ;
#298 = ADVANCED_FACE ( 'NONE', ( #1226 ), #1244, .T. ) ;
#299 = ORIENTED_EDGE ( 'NONE', *, *, #312, .F. ) ;
#300 = ORIENTED_EDGE ( 'NONE', *, *, #246, .T. ) ;
#301 = ORIENTED_EDGE ( 'NONE', *, *, #415, .T. ) ;
#302 = EDGE_CURVE ( 'NONE', #228, #2435, #1255, .T. ) ;
#303 = ORIENTED_EDGE ( 'NONE', *, *, #262, .T. ) ;
#304 = EDGE_CURVE ( 'NONE', #344, #123, #1274, .T. ) ;
#305 = VERTEX_POINT ( 'NONE', #1284 ) ;
#306 = ORIENTED_EDGE ( 'NONE', *, *, #21, .T. ) ;
#307 = ORIENTED_EDGE ( 'NONE', *, *, #94, .T. ) ;
#308 = EDGE_LOOP ( 'NONE', ( #345, #531 ) ) ;
#309 = ORIENTED_EDGE ( 'NONE', *, *, #4, .T. ) ;
#310 = ORIENTED_EDGE ( 'NONE', *, *, #2454, .F. ) ;
#311 = ORIENTED_EDGE ( 'NONE', *, *, #290, .T. ) ;
#312 = EDGE_CURVE ( 'NONE', #2466, #1782, #1293, .T. ) ;
#313 = ADVANCED_FACE ( 'NONE', ( #1312 ), #1313, .T. ) ;
#314 = ORIENTED_EDGE ( 'NONE', *, *, #165, .F. ) ;
#315 = ORIENTED_EDGE ( 'NONE', *, *, #25, .T. ) ;
#316 = ORIENTED_EDGE ( 'NONE', *, *, #1432, .T. ) ;
#317 = ORIENTED_EDGE ( 'NONE', *, *, #339, .T. ) ;
#318 = EDGE_CURVE ( 'NONE', #1898, #488, #1402, .T. ) ;
#319 = EDGE_CURVE ( 'NONE', #457, #334, #1416, .T. ) ;
#320 = ORIENTED_EDGE ( 'NONE', *, *, #408, .T. ) ;
#321 = ORIENTED_EDGE ( 'NONE', *, *, #332, .F. ) ;
#322 = ORIENTED_EDGE ( 'NONE', *, *, #477, .T. ) ;
#323 = ORIENTED_EDGE ( 'NONE', *, *, #159, .T. ) ;
#324 = ADVANCED_FACE ( 'NONE', ( #1473 ), #1474, .T. ) ;
#325 = ORIENTED_EDGE ( 'NONE', *, *, #491, .T. ) ;
#326 = EDGE_CURVE ( 'NONE', #518, #27, #1508, .T. ) ;
#327 = ORIENTED_EDGE ( 'NONE', *, *, #834, .T. ) ;
#328 = ORIENTED_EDGE ( 'NONE', *, *, #469, .F. ) ;
#329 = ORIENTED_EDGE ( 'NONE', *, *, #374, .F. ) ;
#330 = ORIENTED_EDGE ( 'NONE', *, *, #357, .F. ) ;
#331 = ORIENTED_EDGE ( 'NONE', *, *, #111, .F. ) ;
#332 = EDGE_CURVE ( 'NONE', #2443, #506, #1553, .T. ) ;
#333 = ORIENTED_EDGE ( 'NONE', *, *, #342, .T. ) ;
#334 = VERTEX_POINT ( 'NONE', #1564 ) ;
#335 = EDGE_CURVE ( 'NONE', #1728, #69, #1565, .T. ) ;
#336 = ADVANCED_FACE ( 'NONE', ( #1570 ), #1571, .F. ) ;
#337 = ORIENTED_EDGE ( 'NONE', *, *, #302, .T. ) ;
#338 = ORIENTED_EDGE ( 'NONE', *, *, #2473, .T. ) ;
#339 = EDGE_CURVE ( 'NONE', #2450, #1729, #1594, .T. ) ;
#340 = ADVANCED_FACE ( 'NONE', ( #1603 ), #1619, .F. ) ;
#341 = EDGE_LOOP ( 'NONE', ( #1658, #500, #43, #46 ) ) ;
#342 = EDGE_CURVE ( 'NONE', #284, #349, #1633, .T. ) ;
#343 = ORIENTED_EDGE ( 'NONE', *, *, #834, .F. ) ;
#344 = VERTEX_POINT ( 'NONE', #1652 ) ;
#345 = ORIENTED_EDGE ( 'NONE', *, *, #367, .F. ) ;
#346 = ORIENTED_EDGE ( 'NONE', *, *, #455, .F. ) ;
#347 = ORIENTED_EDGE ( 'NONE', *, *, #295, .F. ) ;
#348 = EDGE_LOOP ( 'NONE', ( #467, #497, #72, #296 ) ) ;
#349 = VERTEX_POINT ( 'NONE', #1673 ) ;
#350 = EDGE_LOOP ( 'NONE', ( #373, #2458, #172, #138 ) ) ;
#351 = EDGE_CURVE ( 'NONE', #214, #450, #1674, .T. ) ;
#352 = ORIENTED_EDGE ( 'NONE', *, *, #62, .F. ) ;
#353 = ORIENTED_EDGE ( 'NONE', *, *, #362, .F. ) ;
#354 = ADVANCED_FACE ( 'NONE', ( #1693 ), #1709, .F. ) ;
#355 = ADVANCED_FACE ( 'NONE', ( #1723 ), #1741, .T. ) ;
#356 = VERTEX_POINT ( 'NONE', #1772 ) ;
#357 = EDGE_CURVE ( 'NONE', #305, #169, #1773, .T. ) ;
#358 = EDGE_LOOP ( 'NONE', ( #386, #439, #1576, #446 ) ) ;
#359 = ORIENTED_EDGE ( 'NONE', *, *, #475, .T. ) ;
#360 = ORIENTED_EDGE ( 'NONE', *, *, #1186, .T. ) ;
#361 = ORIENTED_EDGE ( 'NONE', *, *, #1186, .F. ) ;
#362 = EDGE_CURVE ( 'NONE', #83, #1028, #1778, .T. ) ;
#363 = ORIENTED_EDGE ( 'NONE', *, *, #2133, .T. ) ;
#364 = ORIENTED_EDGE ( 'NONE', *, *, #462, .T. ) ;
#365 = ORIENTED_EDGE ( 'NONE', *, *, #351, .F. ) ;
#366 = ORIENTED_EDGE ( 'NONE', *, *, #42, .F. ) ;
#367 = EDGE_CURVE ( 'NONE', #69, #1728, #1835, .T. ) ;
#368 = ORIENTED_EDGE ( 'NONE', *, *, #377, .T. ) ;
#369 = EDGE_LOOP ( 'NONE', ( #12, #2460, #307, #322, #817, #2050, #2421, #465 ) ) ;
#370 = ORIENTED_EDGE ( 'NONE', *, *, #351, .T. ) ;
#371 = EDGE_CURVE ( 'NONE', #513, #145, #1854, .T. ) ;
#372 = ORIENTED_EDGE ( 'NONE', *, *, #2468, .F. ) ;
#373 = ORIENTED_EDGE ( 'NONE', *, *, #286, .F. ) ;
#374 = EDGE_CURVE ( 'NONE', #385, #19, #1908, .T. ) ;
#375 = ORIENTED_EDGE ( 'NONE', *, *, #34, .F. ) ;
#376 = ORIENTED_EDGE ( 'NONE', *, *, #461, .T. ) ;
#377 = EDGE_CURVE ( 'NONE', #44, #522, #1925, .T. ) ;
#378 = EDGE_CURVE ( 'NONE', #397, #27, #1959, .T. ) ;
#379 = EDGE_CURVE ( 'NONE', #499, #1223, #1963, .T. ) ;
#380 = ORIENTED_EDGE ( 'NONE', *, *, #1131, .T. ) ;
#381 = ORIENTED_EDGE ( 'NONE', *, *, #87, .T. ) ;
#382 = EDGE_LOOP ( 'NONE', ( #1360, #2429, #418, #315 ) ) ;
#383 = ADVANCED_FACE ( 'NONE', ( #1986 ), #1987, .T. ) ;
#384 = ORIENTED_EDGE ( 'NONE', *, *, #141, .F. ) ;
#385 = VERTEX_POINT ( 'NONE', #2029 ) ;
#386 = ORIENTED_EDGE ( 'NONE', *, *, #248, .F. ) ;
#387 = ORIENTED_EDGE ( 'NONE', *, *, #1538, .T. ) ;
#388 = ORIENTED_EDGE ( 'NONE', *, *, #185, .T. ) ;
#389 = EDGE_CURVE ( 'NONE', #291, #458, #2040, .T. ) ;
#390 = EDGE_CURVE ( 'NONE', #553, #457, #2048, .T. ) ;
#391 = VERTEX_POINT ( 'NONE', #2053 ) ;
#392 = ORIENTED_EDGE ( 'NONE', *, *, #417, .T. ) ;
#393 = ORIENTED_EDGE ( 'NONE', *, *, #408, .F. ) ;
#394 = ADVANCED_FACE ( 'NONE', ( #2091 ), #2092, .F. ) ;
#395 = ORIENTED_EDGE ( 'NONE', *, *, #447, .F. ) ;
#396 = EDGE_CURVE ( 'NONE', #592, #423, #2101, .T. ) ;
#397 = VERTEX_POINT ( 'NONE', #2105 ) ;
#398 = ADVANCED_FACE ( 'NONE', ( #2106 ), #2107, .F. ) ;
#399 = VERTEX_POINT ( 'NONE', #2112 ) ;
#400 = ORIENTED_EDGE ( 'NONE', *, *, #545, .F. ) ;
#401 = EDGE_CURVE ( 'NONE', #422, #181, #2113, .T. ) ;
#402 = EDGE_LOOP ( 'NONE', ( #320, #218, #329, #2220 ) ) ;
#403 = ORIENTED_EDGE ( 'NONE', *, *, #396, .F. ) ;
#404 = ORIENTED_EDGE ( 'NONE', *, *, #34, .T. ) ;
#405 = ORIENTED_EDGE ( 'NONE', *, *, #148, .F. ) ;
#406 = ORIENTED_EDGE ( 'NONE', *, *, #390, .T. ) ;
#407 = ORIENTED_EDGE ( 'NONE', *, *, #2434, .T. ) ;
#408 = EDGE_CURVE ( 'NONE', #3, #222, #2122, .T. ) ;
#409 = EDGE_CURVE ( 'NONE', #499, #485, #2126, .T. ) ;
#410 = ADVANCED_FACE ( 'NONE', ( #2131 ), #2149, .T. ) ;
#411 = EDGE_LOOP ( 'NONE', ( #484, #206, #280, #375 ) ) ;
#412 = ORIENTED_EDGE ( 'NONE', *, *, #10, .T. ) ;
#413 = EDGE_LOOP ( 'NONE', ( #453, #2459, #435, #381 ) ) ;
#414 = ORIENTED_EDGE ( 'NONE', *, *, #430, .T. ) ;
#415 = EDGE_CURVE ( 'NONE', #167, #270, #2160, .T. ) ;
#416 = VERTEX_POINT ( 'NONE', #2164 ) ;
#417 = EDGE_CURVE ( 'NONE', #230, #424, #2165, .T. ) ;
#418 = ORIENTED_EDGE ( 'NONE', *, *, #548, .F. ) ;
#419 = ORIENTED_EDGE ( 'NONE', *, *, #2201, .T. ) ;
#420 = ORIENTED_EDGE ( 'NONE', *, *, #431, .F. ) ;
#421 = ORIENTED_EDGE ( 'NONE', *, *, #451, .T. ) ;
#422 = VERTEX_POINT ( 'NONE', #2170 ) ;
#423 = VERTEX_POINT ( 'NONE', #2177 ) ;
#424 = VERTEX_POINT ( 'NONE', #2183 ) ;
#425 = ORIENTED_EDGE ( 'NONE', *, *, #2471, .F. ) ;
#426 = ORIENTED_EDGE ( 'NONE', *, *, #2448, .F. ) ;
#427 = ORIENTED_EDGE ( 'NONE', *, *, #82, .T. ) ;
#428 = ORIENTED_EDGE ( 'NONE', *, *, #92, .F. ) ;
#429 = ADVANCED_FACE ( 'NONE', ( #2188 ), #2208, .T. ) ;
#430 = EDGE_CURVE ( 'NONE', #247, #252, #2217, .T. ) ;
#431 = EDGE_CURVE ( 'NONE', #507, #2466, #2222, .T. ) ;
#432 = ORIENTED_EDGE ( 'NONE', *, *, #2471, .T. ) ;
#433 = ORIENTED_EDGE ( 'NONE', *, *, #182, .F. ) ;
#434 = VERTEX_POINT ( 'NONE', #2238 ) ;
#435 = ORIENTED_EDGE ( 'NONE', *, *, #527, .T. ) ;
#436 = ORIENTED_EDGE ( 'NONE', *, *, #374, .T. ) ;
#437 = ORIENTED_EDGE ( 'NONE', *, *, #887, .T. ) ;
#438 = ORIENTED_EDGE ( 'NONE', *, *, #10, .F. ) ;
#439 = ORIENTED_EDGE ( 'NONE', *, *, #1131, .F. ) ;
#440 = ORIENTED_EDGE ( 'NONE', *, *, #1081, .T. ) ;
#441 = VERTEX_POINT ( 'NONE', #2243 ) ;
#442 = EDGE_CURVE ( 'NONE', #214, #69, #569, .T. ) ;
#443 = ADVANCED_FACE ( 'NONE', ( #574 ), #591, .F. ) ;
#444 = EDGE_LOOP ( 'NONE', ( #1452, #120, #158, #105 ) ) ;
#445 = EDGE_CURVE ( 'NONE', #123, #454, #598, .T. ) ;
#446 = ORIENTED_EDGE ( 'NONE', *, *, #371, .T. ) ;
#447 = EDGE_CURVE ( 'NONE', #457, #270, #624, .T. ) ;
#448 = ORIENTED_EDGE ( 'NONE', *, *, #235, .F. ) ;
#449 = ORIENTED_EDGE ( 'NONE', *, *, #447, .T. ) ;
#450 = VERTEX_POINT ( 'NONE', #677 ) ;
#451 = EDGE_CURVE ( 'NONE', #167, #463, #686, .T. ) ;
#452 = ADVANCED_FACE ( 'NONE', ( #694 ), #713, .F. ) ;
#453 = ORIENTED_EDGE ( 'NONE', *, *, #219, .T. ) ;
#454 = VERTEX_POINT ( 'NONE', #728 ) ;
#455 = EDGE_CURVE ( 'NONE', #506, #3, #729, .T. ) ;
#456 = ADVANCED_FACE ( 'NONE', ( #733 ), #750, .F. ) ;
#457 = VERTEX_POINT ( 'NONE', #755 ) ;
#458 = VERTEX_POINT ( 'NONE', #756 ) ;
#459 = ADVANCED_FACE ( 'NONE', ( #781, #782 ), #800, .T. ) ;
#460 = ORIENTED_EDGE ( 'NONE', *, *, #57, .T. ) ;
#461 = EDGE_CURVE ( 'NONE', #294, #238, #814, .T. ) ;
#462 = EDGE_CURVE ( 'NONE', #223, #344, #830, .T. ) ;
#463 = VERTEX_POINT ( 'NONE', #835 ) ;
#464 = ORIENTED_EDGE ( 'NONE', *, *, #491, .F. ) ;
#465 = ORIENTED_EDGE ( 'NONE', *, *, #159, .F. ) ;
#466 = ORIENTED_EDGE ( 'NONE', *, *, #319, .F. ) ;
#467 = ORIENTED_EDGE ( 'NONE', *, *, #462, .F. ) ;
#468 = EDGE_LOOP ( 'NONE', ( #533, #559, #192, #93 ) ) ;
#469 = EDGE_CURVE ( 'NONE', #217, #1557, #891, .T. ) ;
#470 = ADVANCED_FACE ( 'NONE', ( #923 ), #924, .T. ) ;
#471 = ORIENTED_EDGE ( 'NONE', *, *, #17, .T. ) ;
#472 = ORIENTED_EDGE ( 'NONE', *, *, #161, .F. ) ;
#473 = ADVANCED_FACE ( 'NONE', ( #935 ), #936, .F. ) ;
#474 = ORIENTED_EDGE ( 'NONE', *, *, #1415, .T. ) ;
#475 = EDGE_CURVE ( 'NONE', #217, #170, #977, .T. ) ;
#476 = EDGE_CURVE ( 'NONE', #252, #507, #1008, .T. ) ;
#477 = EDGE_CURVE ( 'NONE', #2417, #32, #1012, .T. ) ;
#478 = ADVANCED_FACE ( 'NONE', ( #1020 ), #1021, .F. ) ;
#479 = EDGE_CURVE ( 'NONE', #238, #501, #1026, .T. ) ;
#480 = ADVANCED_FACE ( 'NONE', ( #1033 ), #1049, .F. ) ;
#481 = ORIENTED_EDGE ( 'NONE', *, *, #409, .T. ) ;
#482 = EDGE_LOOP ( 'NONE', ( #387, #939, #249, #1800 ) ) ;
#483 = ORIENTED_EDGE ( 'NONE', *, *, #335, .T. ) ;
#484 = ORIENTED_EDGE ( 'NONE', *, *, #509, .F. ) ;
#485 = VERTEX_POINT ( 'NONE', #1055 ) ;
#486 = ORIENTED_EDGE ( 'NONE', *, *, #494, .F. ) ;
#487 = ORIENTED_EDGE ( 'NONE', *, *, #264, .F. ) ;
#488 = VERTEX_POINT ( 'NONE', #1066 ) ;
#489 = VERTEX_POINT ( 'NONE', #1090 ) ;
#490 = EDGE_LOOP ( 'NONE', ( #425, #178, #267, #281 ) ) ;
#491 = EDGE_CURVE ( 'NONE', #1729, #526, #1093, .T. ) ;
#492 = ORIENTED_EDGE ( 'NONE', *, *, #1275, .T. ) ;
#493 = ORIENTED_EDGE ( 'NONE', *, *, #1575, .F. ) ;
#494 = EDGE_CURVE ( 'NONE', #81, #110, #1162, .T. ) ;
#495 = EDGE_LOOP ( 'NONE', ( #540, #301, #395, #297, #816, #209 ) ) ;
#496 = ORIENTED_EDGE ( 'NONE', *, *, #527, .F. ) ;
#497 = ORIENTED_EDGE ( 'NONE', *, *, #1397, .T. ) ;
#498 = ADVANCED_FACE ( 'NONE', ( #1184 ), #1188, .T. ) ;
#499 = VERTEX_POINT ( 'NONE', #1201 ) ;
#500 = ORIENTED_EDGE ( 'NONE', *, *, #461, .F. ) ;
#501 = VERTEX_POINT ( 'NONE', #1209 ) ;
#502 = ORIENTED_EDGE ( 'NONE', *, *, #146, .T. ) ;
#503 = ORIENTED_EDGE ( 'NONE', *, *, #476, .T. ) ;
#504 = EDGE_LOOP ( 'NONE', ( #534, #1029, #58, #75 ) ) ;
#505 = ORIENTED_EDGE ( 'NONE', *, *, #535, .T. ) ;
#506 = VERTEX_POINT ( 'NONE', #1253 ) ;
#507 = VERTEX_POINT ( 'NONE', #1263 ) ;
#508 = EDGE_LOOP ( 'NONE', ( #124, #174, #331, #363 ) ) ;
#509 = EDGE_CURVE ( 'NONE', #305, #526, #1280, .T. ) ;
#510 = ORIENTED_EDGE ( 'NONE', *, *, #390, .F. ) ;
#511 = ORIENTED_EDGE ( 'NONE', *, *, #509, .T. ) ;
#512 = ORIENTED_EDGE ( 'NONE', *, *, #551, .T. ) ;
#513 = VERTEX_POINT ( 'NONE', #1285 ) ;
#514 = ORIENTED_EDGE ( 'NONE', *, *, #532, .T. ) ;
#515 = ORIENTED_EDGE ( 'NONE', *, *, #529, .F. ) ;
#516 = EDGE_LOOP ( 'NONE', ( #384, #2452, #493, #149 ) ) ;
#517 = ADVANCED_FACE ( 'NONE', ( #1297 ), #1298, .T. ) ;
#518 = VERTEX_POINT ( 'NONE', #1304 ) ;
#519 = EDGE_CURVE ( 'NONE', #416, #886, #1328, .T. ) ;
#520 = ORIENTED_EDGE ( 'NONE', *, *, #312, .T. ) ;
#521 = ADVANCED_FACE ( 'NONE', ( #1332 ), #1348, .F. ) ;
#522 = VERTEX_POINT ( 'NONE', #1353 ) ;
#523 = ORIENTED_EDGE ( 'NONE', *, *, #2200, .F. ) ;
#524 = EDGE_LOOP ( 'NONE', ( #628, #2446, #406, #449 ) ) ;
#525 = ORIENTED_EDGE ( 'NONE', *, *, #430, .F. ) ;
#526 = VERTEX_POINT ( 'NONE', #1384 ) ;
#527 = EDGE_CURVE ( 'NONE', #696, #200, #1385, .T. ) ;
#528 = ORIENTED_EDGE ( 'NONE', *, *, #2423, .T. ) ;
#529 = EDGE_CURVE ( 'NONE', #546, #81, #1390, .T. ) ;
#530 = ADVANCED_FACE ( 'NONE', ( #1394 ), #1395, .F. ) ;
#531 = ORIENTED_EDGE ( 'NONE', *, *, #335, .F. ) ;
#532 = EDGE_CURVE ( 'NONE', #546, #522, #1406, .T. ) ;
#533 = ORIENTED_EDGE ( 'NONE', *, *, #541, .F. ) ;
#534 = ORIENTED_EDGE ( 'NONE', *, *, #130, .T. ) ;
#535 = EDGE_CURVE ( 'NONE', #555, #553, #1445, .T. ) ;
#536 = EDGE_LOOP ( 'NONE', ( #426, #112, #403, #1469 ) ) ;
#537 = ADVANCED_FACE ( 'NONE', ( #1456 ), #1457, .T. ) ;
#538 = ORIENTED_EDGE ( 'NONE', *, *, #529, .T. ) ;
#539 = ADVANCED_FACE ( 'NONE', ( #1512 ), #1529, .F. ) ;
#540 = ORIENTED_EDGE ( 'NONE', *, *, #451, .F. ) ;
#541 = EDGE_CURVE ( 'NONE', #450, #1728, #1534, .T. ) ;
#542 = VERTEX_POINT ( 'NONE', #1578 ) ;
#543 = VERTEX_POINT ( 'NONE', #1579 ) ;
#544 = EDGE_LOOP ( 'NONE', ( #380, #432 ) ) ;
#545 = EDGE_CURVE ( 'NONE', #385, #3, #1580, .T. ) ;
#546 = VERTEX_POINT ( 'NONE', #1588 ) ;
#547 = ORIENTED_EDGE ( 'NONE', *, *, #96, .T. ) ;
#548 = EDGE_CURVE ( 'NONE', #1747, #237, #1589, .T. ) ;
#549 = ORIENTED_EDGE ( 'NONE', *, *, #39, .F. ) ;
#550 = ORIENTED_EDGE ( 'NONE', *, *, #479, .T. ) ;
#551 = EDGE_CURVE ( 'NONE', #2443, #183, #1599, .T. ) ;
#552 = ORIENTED_EDGE ( 'NONE', *, *, #2167, .T. ) ;
#553 = VERTEX_POINT ( 'NONE', #1628 ) ;
#554 = ADVANCED_FACE ( 'NONE', ( #1641 ), #1642, .F. ) ;
#555 = VERTEX_POINT ( 'NONE', #1651 ) ;
#556 = ORIENTED_EDGE ( 'NONE', *, *, #519, .F. ) ;
#557 = ORIENTED_EDGE ( 'NONE', *, *, #2457, .F. ) ;
#558 = ORIENTED_EDGE ( 'NONE', *, *, #92, .T. ) ;
#559 = ORIENTED_EDGE ( 'NONE', *, *, #148, .T. ) ;
#560 = LINE ( 'NONE', #561, #562 ) ;
#561 = CARTESIAN_POINT ( 'NONE',  ( -11.25000000000000000, 0.9000000000000000200, -2.100000000000000100 ) ) ;
#562 = VECTOR ( 'NONE', #563, 1000.000000000000000 ) ;
#563 = DIRECTION ( 'NONE',  ( 0.0000000000000000000, 0.0000000000000000000, 1.000000000000000000 ) ) ;
#564 = CARTESIAN_POINT ( 'NONE',  ( -1.250000000000000000, -8.511014159065500300E-017, -11.25000000000000000 ) ) ;
#565 = LINE ( 'NONE', #566, #567 ) ;
#566 = CARTESIAN_POINT ( 'NONE',  ( -1.250000000000000000, 0.9000000000000000200, 1.649999999999999900 ) ) ;
#567 = VECTOR ( 'NONE', #568, 1000.000000000000000 ) ;
#568 = DIRECTION ( 'NONE',  ( 0.0000000000000000000, 1.000000000000000000, 0.0000000000000000000 ) ) ;
#569 = LINE ( 'NONE', #570, #571 ) ;
#570 = CARTESIAN_POINT ( 'NONE',  ( 0.4500000000000000100, 15.39289321881345000, -4.549999999999998900 ) ) ;
#571 = VECTOR ( 'NONE', #572, 1000.000000000000000 ) ;
#572 = DIRECTION ( 'NONE',  ( 0.0000000000000000000, 1.000000000000000000, 0.0000000000000000000 ) ) ;
#573 = CARTESIAN_POINT ( 'NONE',  ( -4.850000000000000500, 0.9000000000000000200, 0.5999999999999999800 ) ) ;
#574 = FACE_OUTER_BOUND ( 'NONE', #402, .T. ) ;
#575 = EDGE_LOOP ( 'NONE', ( #136, #176, #466, #510 ) ) ;
#576 = COLOUR_RGB ( '',0.9176470588235293700, 0.9058823529411764700, 0.7686274509803920900 ) ;
#577 = FILL_AREA_STYLE_COLOUR ( '', #576 ) ;
#578 = FILL_AREA_STYLE ('',( #577 ) ) ;
#579 = SURFACE_STYLE_FILL_AREA ( #578 ) ;
#580 = SURFACE_SIDE_STYLE ('',( #579 ) ) ;
#581 = SURFACE_STYLE_USAGE ( .BOTH. , #580 ) ;
#582 = PRESENTATION_STYLE_ASSIGNMENT (( #581 ) ) ;
#583 = STYLED_ITEM ( 'NONE', ( #582 ), #443 ) ;
#584 = PRESENTATION_LAYER_ASSIGNMENT (  '', '', ( #583 ) ) ;
#585 = MECHANICAL_DESIGN_GEOMETRIC_PRESENTATION_REPRESENTATION (  '', ( #583 ), #590 ) ;
#586 =( LENGTH_UNIT ( ) NAMED_UNIT ( * ) SI_UNIT ( .MILLI., .METRE. ) );
#587 =( NAMED_UNIT ( * ) PLANE_ANGLE_UNIT ( ) SI_UNIT ( $, .RADIAN. ) );
#588 =( NAMED_UNIT ( * ) SI_UNIT ( $, .STERADIAN. ) SOLID_ANGLE_UNIT ( ) );
#589 = UNCERTAINTY_MEASURE_WITH_UNIT (LENGTH_MEASURE( 1.000000000000000100E-005 ), #586, 'distance_accuracy_value', 'NONE');
#590 =( GEOMETRIC_REPRESENTATION_CONTEXT ( 3 ) GLOBAL_UNCERTAINTY_ASSIGNED_CONTEXT ( ( #589 ) ) GLOBAL_UNIT_ASSIGNED_CONTEXT ( ( #586, #587, #588 ) ) REPRESENTATION_CONTEXT ( 'NONE', 'WORKASPACE' ) );
#591 = PLANE ( 'NONE',  #594 ) ;
#592 = VERTEX_POINT ( 'NONE', #1670 ) ;
#593 = ORIENTED_EDGE ( 'NONE', *, *, #887, .F. ) ;
#594 = AXIS2_PLACEMENT_3D ( 'NONE', #595, #596, #597 ) ;
#595 = CARTESIAN_POINT ( 'NONE',  ( -1.250000000000000000, 0.9000000000000000200, -10.88000000000000100 ) ) ;
#596 = DIRECTION ( 'NONE',  ( -1.000000000000000000, 0.0000000000000000000, 0.0000000000000000000 ) ) ;
#597 = DIRECTION ( 'NONE',  ( 0.0000000000000000000, 0.0000000000000000000, 1.000000000000000000 ) ) ;
#598 = LINE ( 'NONE', #599, #600 ) ;
#599 = CARTESIAN_POINT ( 'NONE',  ( -5.150000000000000400, -3.200000000000000200, 0.5999999999999999800 ) ) ;
#600 = VECTOR ( 'NONE', #601, 1000.000000000000000 ) ;
#601 = DIRECTION ( 'NONE',  ( 0.0000000000000000000, 0.0000000000000000000, 1.000000000000000000 ) ) ;
#602 = FACE_OUTER_BOUND ( 'NONE', #41, .T. ) ;
#603 = FACE_BOUND ( 'NONE', #2270, .T. ) ;
#604 = COLOUR_RGB ( '',0.9176470588235293700, 0.9058823529411764700, 0.7686274509803920900 ) ;
#605 = FILL_AREA_STYLE_COLOUR ( '', #604 ) ;
#606 = FILL_AREA_STYLE ('',( #605 ) ) ;
#607 = SURFACE_STYLE_FILL_AREA ( #606 ) ;
#608 = SURFACE_SIDE_STYLE ('',( #607 ) ) ;
#609 = SURFACE_STYLE_USAGE ( .BOTH. , #608 ) ;
#610 = PRESENTATION_STYLE_ASSIGNMENT (( #609 ) ) ;
#611 = STYLED_ITEM ( 'NONE', ( #610 ), #8 ) ;
#612 = PRESENTATION_LAYER_ASSIGNMENT (  '', '', ( #611 ) ) ;
#613 = MECHANICAL_DESIGN_GEOMETRIC_PRESENTATION_REPRESENTATION (  '', ( #611 ), #618 ) ;
#614 =( LENGTH_UNIT ( ) NAMED_UNIT ( * ) SI_UNIT ( .MILLI., .METRE. ) );
#615 =( NAMED_UNIT ( * ) PLANE_ANGLE_UNIT ( ) SI_UNIT ( $, .RADIAN. ) );
#616 =( NAMED_UNIT ( * ) SI_UNIT ( $, .STERADIAN. ) SOLID_ANGLE_UNIT ( ) );
#617 = UNCERTAINTY_MEASURE_WITH_UNIT (LENGTH_MEASURE( 1.000000000000000100E-005 ), #614, 'distance_accuracy_value', 'NONE');
#618 =( GEOMETRIC_REPRESENTATION_CONTEXT ( 3 ) GLOBAL_UNCERTAINTY_ASSIGNED_CONTEXT ( ( #617 ) ) GLOBAL_UNIT_ASSIGNED_CONTEXT ( ( #614, #615, #616 ) ) REPRESENTATION_CONTEXT ( 'NONE', 'WORKASPACE' ) );
#619 = PLANE ( 'NONE',  #620 ) ;
#620 = AXIS2_PLACEMENT_3D ( 'NONE', #621, #622, #623 ) ;
#621 = CARTESIAN_POINT ( 'NONE',  ( 0.4500000000000000100, 16.10000000000000100, -4.799999999999999800 ) ) ;
#622 = DIRECTION ( 'NONE',  ( 0.0000000000000000000, 1.000000000000000000, 0.0000000000000000000 ) ) ;
#623 = DIRECTION ( 'NONE',  ( 0.0000000000000000000, 0.0000000000000000000, 1.000000000000000000 ) ) ;
#624 = LINE ( 'NONE', #625, #630 ) ;
#625 = CARTESIAN_POINT ( 'NONE',  ( -10.75000000000000000, 0.6999999999999999600, -6.500000000000000000 ) ) ;
#626 = ORIENTED_EDGE ( 'NONE', *, *, #2203, .T. ) ;
#627 = ORIENTED_EDGE ( 'NONE', *, *, #905, .T. ) ;
#628 = ORIENTED_EDGE ( 'NONE', *, *, #35, .F. ) ;
#629 = EDGE_LOOP ( 'NONE', ( #213, #2433, #481, #460 ) ) ;
#630 = VECTOR ( 'NONE', #631, 1000.000000000000000 ) ;
#631 = DIRECTION ( 'NONE',  ( 0.0000000000000000000, 1.000000000000000000, 0.0000000000000000000 ) ) ;
#632 = FACE_OUTER_BOUND ( 'NONE', #490, .T. ) ;
#633 = COLOUR_RGB ( '',0.9176470588235293700, 0.9058823529411764700, 0.7686274509803920900 ) ;
#634 = FILL_AREA_STYLE_COLOUR ( '', #633 ) ;
#635 = FILL_AREA_STYLE ('',( #634 ) ) ;
#636 = SURFACE_STYLE_FILL_AREA ( #635 ) ;
#637 = SURFACE_SIDE_STYLE ('',( #636 ) ) ;
#638 = SURFACE_STYLE_USAGE ( .BOTH. , #637 ) ;
#639 = PRESENTATION_STYLE_ASSIGNMENT (( #638 ) ) ;
#640 = STYLED_ITEM ( 'NONE', ( #639 ), #9 ) ;
#641 = PRESENTATION_LAYER_ASSIGNMENT (  '', '', ( #640 ) ) ;
#642 = MECHANICAL_DESIGN_GEOMETRIC_PRESENTATION_REPRESENTATION (  '', ( #640 ), #649 ) ;
#643 =( LENGTH_UNIT ( ) NAMED_UNIT ( * ) SI_UNIT ( .MILLI., .METRE. ) );
#644 =( NAMED_UNIT ( * ) PLANE_ANGLE_UNIT ( ) SI_UNIT ( $, .RADIAN. ) );
#645 =( NAMED_UNIT ( * ) SI_UNIT ( $, .STERADIAN. ) SOLID_ANGLE_UNIT ( ) );
#646 = ORIENTED_EDGE ( 'NONE', *, *, #2133, .F. ) ;
#647 = ORIENTED_EDGE ( 'NONE', *, *, #2457, .T. ) ;
#648 = UNCERTAINTY_MEASURE_WITH_UNIT (LENGTH_MEASURE( 1.000000000000000100E-005 ), #643, 'distance_accuracy_value', 'NONE');
#649 =( GEOMETRIC_REPRESENTATION_CONTEXT ( 3 ) GLOBAL_UNCERTAINTY_ASSIGNED_CONTEXT ( ( #648 ) ) GLOBAL_UNIT_ASSIGNED_CONTEXT ( ( #643, #644, #645 ) ) REPRESENTATION_CONTEXT ( 'NONE', 'WORKASPACE' ) );
#650 = CYLINDRICAL_SURFACE ( 'NONE', #651, 0.5500000000000001600 ) ;
#651 = AXIS2_PLACEMENT_3D ( 'NONE', #652, #653, #654 ) ;
#652 = CARTESIAN_POINT ( 'NONE',  ( 0.4500000000000000100, 18.15563491861039900, -4.799999999999999800 ) ) ;
#653 = DIRECTION ( 'NONE',  ( 0.0000000000000000000, -1.000000000000000000, 0.0000000000000000000 ) ) ;
#654 = DIRECTION ( 'NONE',  ( 0.0000000000000000000, 0.0000000000000000000, -1.000000000000000000 ) ) ;
#655 = LINE ( 'NONE', #656, #657 ) ;
#656 = CARTESIAN_POINT ( 'NONE',  ( -9.700000000000001100, -1.033567762626084000E-015, -10.88000000000000100 ) ) ;
#657 = VECTOR ( 'NONE', #658, 1000.000000000000000 ) ;
#658 = DIRECTION ( 'NONE',  ( 0.0000000000000000000, 0.0000000000000000000, -1.000000000000000000 ) ) ;
#659 = CARTESIAN_POINT ( 'NONE',  ( -13.15000000000000000, 0.9000000000000000200, 1.649999999999999900 ) ) ;
#660 = LINE ( 'NONE', #661, #662 ) ;
#661 = CARTESIAN_POINT ( 'NONE',  ( 0.4500000000000000100, 16.10000000000000100, -3.649999999999999900 ) ) ;
#662 = VECTOR ( 'NONE', #663, 1000.000000000000000 ) ;
#663 = DIRECTION ( 'NONE',  ( 1.000000000000000000, 0.0000000000000000000, 0.0000000000000000000 ) ) ;
#664 = LINE ( 'NONE', #665, #666 ) ;
#665 = CARTESIAN_POINT ( 'NONE',  ( -9.700000000000001100, 0.9000000000000000200, 1.649999999999999900 ) ) ;
#666 = VECTOR ( 'NONE', #667, 1000.000000000000000 ) ;
#667 = DIRECTION ( 'NONE',  ( 0.0000000000000000000, 1.000000000000000000, 0.0000000000000000000 ) ) ;
#668 = LINE ( 'NONE', #669, #670 ) ;
#669 = CARTESIAN_POINT ( 'NONE',  ( -5.150000000000000400, 0.9000000000000000200, -10.20000000000000100 ) ) ;
#670 = VECTOR ( 'NONE', #671, 1000.000000000000000 ) ;
#671 = DIRECTION ( 'NONE',  ( 0.0000000000000000000, 0.0000000000000000000, -1.000000000000000000 ) ) ;
#672 = CARTESIAN_POINT ( 'NONE',  ( -1.250000000000000000, 0.9000000000000000200, -10.88000000000000100 ) ) ;
#673 = LINE ( 'NONE', #674, #675 ) ;
#674 = CARTESIAN_POINT ( 'NONE',  ( -1.250000000000000000, -8.511014159065500300E-017, 1.280000000000000000 ) ) ;
#675 = VECTOR ( 'NONE', #676, 1000.000000000000000 ) ;
#676 = DIRECTION ( 'NONE',  ( 1.000000000000000000, 0.0000000000000000000, 0.0000000000000000000 ) ) ;
#677 = CARTESIAN_POINT ( 'NONE',  ( 0.4500000000000000700, 16.10000000000000100, -5.049999999999999800 ) ) ;
#678 = LINE ( 'NONE', #679, #680 ) ;
#679 = CARTESIAN_POINT ( 'NONE',  ( -11.25000000000000000, 0.9000000000000000200, -7.500000000000000000 ) ) ;
#680 = VECTOR ( 'NONE', #681, 1000.000000000000000 ) ;
#681 = DIRECTION ( 'NONE',  ( 0.0000000000000000000, 0.0000000000000000000, -1.000000000000000000 ) ) ;
#682 = LINE ( 'NONE', #683, #684 ) ;
#683 = CARTESIAN_POINT ( 'NONE',  ( -13.15000000000000000, 16.60000000000000100, -11.25000000000000000 ) ) ;
#684 = VECTOR ( 'NONE', #685, 1000.000000000000000 ) ;
#685 = DIRECTION ( 'NONE',  ( 0.0000000000000000000, -1.000000000000000000, 0.0000000000000000000 ) ) ;
#686 = LINE ( 'NONE', #687, #688 ) ;
#687 = CARTESIAN_POINT ( 'NONE',  ( -10.75000000000000000, 1.754400374531754900, -9.099999999999999600 ) ) ;
#688 = VECTOR ( 'NONE', #689, 1000.000000000000000 ) ;
#689 = DIRECTION ( 'NONE',  ( 0.0000000000000000000, -1.000000000000000000, 0.0000000000000000000 ) ) ;
#690 = LINE ( 'NONE', #691, #692 ) ;
#691 = CARTESIAN_POINT ( 'NONE',  ( 0.4500000000000000100, 16.60000000000000100, -5.950000000000000200 ) ) ;
#692 = VECTOR ( 'NONE', #693, 1000.000000000000000 ) ;
#693 = DIRECTION ( 'NONE',  ( -1.000000000000000000, 0.0000000000000000000, 0.0000000000000000000 ) ) ;
#694 = FACE_OUTER_BOUND ( 'NONE', #468, .T. ) ;
#695 = COLOUR_RGB ( '',0.9176470588235293700, 0.9058823529411764700, 0.7686274509803920900 ) ;
#696 = VERTEX_POINT ( 'NONE', #1749 ) ;
#697 = ADVANCED_FACE ( 'NONE', ( #1751 ), #1767, .F. ) ;
#698 = ORIENTED_EDGE ( 'NONE', *, *, #108, .F. ) ;
#699 = FILL_AREA_STYLE_COLOUR ( '', #695 ) ;
#700 = FILL_AREA_STYLE ('',( #699 ) ) ;
#701 = SURFACE_STYLE_FILL_AREA ( #700 ) ;
#702 = SURFACE_SIDE_STYLE ('',( #701 ) ) ;
#703 = SURFACE_STYLE_USAGE ( .BOTH. , #702 ) ;
#704 = PRESENTATION_STYLE_ASSIGNMENT (( #703 ) ) ;
#705 = STYLED_ITEM ( 'NONE', ( #704 ), #452 ) ;
#706 = PRESENTATION_LAYER_ASSIGNMENT (  '', '', ( #705 ) ) ;
#707 = MECHANICAL_DESIGN_GEOMETRIC_PRESENTATION_REPRESENTATION (  '', ( #705 ), #712 ) ;
#708 =( LENGTH_UNIT ( ) NAMED_UNIT ( * ) SI_UNIT ( .MILLI., .METRE. ) );
#709 =( NAMED_UNIT ( * ) PLANE_ANGLE_UNIT ( ) SI_UNIT ( $, .RADIAN. ) );
#710 =( NAMED_UNIT ( * ) SI_UNIT ( $, .STERADIAN. ) SOLID_ANGLE_UNIT ( ) );
#711 = UNCERTAINTY_MEASURE_WITH_UNIT (LENGTH_MEASURE( 1.000000000000000100E-005 ), #708, 'distance_accuracy_value', 'NONE');
#712 =( GEOMETRIC_REPRESENTATION_CONTEXT ( 3 ) GLOBAL_UNCERTAINTY_ASSIGNED_CONTEXT ( ( #711 ) ) GLOBAL_UNIT_ASSIGNED_CONTEXT ( ( #708, #709, #710 ) ) REPRESENTATION_CONTEXT ( 'NONE', 'WORKASPACE' ) );
#713 = CYLINDRICAL_SURFACE ( 'NONE', #714, 0.2500000000000002200 ) ;
#714 = AXIS2_PLACEMENT_3D ( 'NONE', #716, #717, #718 ) ;
#715 = ORIENTED_EDGE ( 'NONE', *, *, #2432, .T. ) ;
#716 = CARTESIAN_POINT ( 'NONE',  ( 0.4500000000000000100, 15.39289321881345000, -4.799999999999999800 ) ) ;
#717 = DIRECTION ( 'NONE',  ( 0.0000000000000000000, 1.000000000000000000, 0.0000000000000000000 ) ) ;
#718 = DIRECTION ( 'NONE',  ( 0.0000000000000000000, 0.0000000000000000000, 1.000000000000000000 ) ) ;
#719 = LINE ( 'NONE', #720, #721 ) ;
#720 = CARTESIAN_POINT ( 'NONE',  ( -2.649999999999999900, 0.9000000000000000200, -10.88000000000000100 ) ) ;
#721 = VECTOR ( 'NONE', #722, 1000.000000000000000 ) ;
#722 = DIRECTION ( 'NONE',  ( 0.0000000000000000000, 0.0000000000000000000, -1.000000000000000000 ) ) ;
#723 = CARTESIAN_POINT ( 'NONE',  ( -9.700000000000001100, -1.033567762626084000E-015, 1.649999999999999900 ) ) ;
#724 = LINE ( 'NONE', #725, #726 ) ;
#725 = CARTESIAN_POINT ( 'NONE',  ( -13.15000000000000000, 16.60000000000000100, 1.649999999999999900 ) ) ;
#726 = VECTOR ( 'NONE', #727, 1000.000000000000000 ) ;
#727 = DIRECTION ( 'NONE',  ( 0.0000000000000000000, -1.000000000000000000, 0.0000000000000000000 ) ) ;
#728 = CARTESIAN_POINT ( 'NONE',  ( -5.150000000000000400, -3.200000000000000200, 0.5999999999999999800 ) ) ;
#729 = LINE ( 'NONE', #730, #731 ) ;
#730 = CARTESIAN_POINT ( 'NONE',  ( -1.250000000000000000, -8.511014159065500300E-017, -11.25000000000000000 ) ) ;
#731 = VECTOR ( 'NONE', #732, 1000.000000000000000 ) ;
#732 = DIRECTION ( 'NONE',  ( 1.000000000000000000, 0.0000000000000000000, 0.0000000000000000000 ) ) ;
#733 = FACE_OUTER_BOUND ( 'NONE', #107, .T. ) ;
#734 = COLOUR_RGB ( '',0.9176470588235293700, 0.9058823529411764700, 0.7686274509803920900 ) ;
#735 = FILL_AREA_STYLE_COLOUR ( '', #734 ) ;
#736 = FILL_AREA_STYLE ('',( #735 ) ) ;
#737 = SURFACE_STYLE_FILL_AREA ( #736 ) ;
#738 = SURFACE_SIDE_STYLE ('',( #737 ) ) ;
#739 = SURFACE_STYLE_USAGE ( .BOTH. , #738 ) ;
#740 = PRESENTATION_STYLE_ASSIGNMENT (( #739 ) ) ;
#741 = STYLED_ITEM ( 'NONE', ( #740 ), #456 ) ;
#742 = PRESENTATION_LAYER_ASSIGNMENT (  '', '', ( #741 ) ) ;
#743 = MECHANICAL_DESIGN_GEOMETRIC_PRESENTATION_REPRESENTATION (  '', ( #741 ), #749 ) ;
#744 =( LENGTH_UNIT ( ) NAMED_UNIT ( * ) SI_UNIT ( .MILLI., .METRE. ) );
#745 =( NAMED_UNIT ( * ) PLANE_ANGLE_UNIT ( ) SI_UNIT ( $, .RADIAN. ) );
#746 =( NAMED_UNIT ( * ) SI_UNIT ( $, .STERADIAN. ) SOLID_ANGLE_UNIT ( ) );
#747 = UNCERTAINTY_MEASURE_WITH_UNIT (LENGTH_MEASURE( 1.000000000000000100E-005 ), #744, 'distance_accuracy_value', 'NONE');
#748 = EDGE_LOOP ( 'NONE', ( #1062, #868, #1276, #188 ) ) ;
#749 =( GEOMETRIC_REPRESENTATION_CONTEXT ( 3 ) GLOBAL_UNCERTAINTY_ASSIGNED_CONTEXT ( ( #747 ) ) GLOBAL_UNIT_ASSIGNED_CONTEXT ( ( #744, #745, #746 ) ) REPRESENTATION_CONTEXT ( 'NONE', 'WORKASPACE' ) );
#750 = PLANE ( 'NONE',  #751 ) ;
#751 = AXIS2_PLACEMENT_3D ( 'NONE', #752, #753, #754 ) ;
#752 = CARTESIAN_POINT ( 'NONE',  ( 1.750000000000000000, 16.60000000000000100, -11.25000000000000000 ) ) ;
#753 = DIRECTION ( 'NONE',  ( -1.000000000000000000, 0.0000000000000000000, 1.176653520526904000E-016 ) ) ;
#754 = DIRECTION ( 'NONE',  ( 1.176653520526904000E-016, 0.0000000000000000000, 1.000000000000000000 ) ) ;
#755 = CARTESIAN_POINT ( 'NONE',  ( -10.75000000000000000, 0.6999999999999999600, -6.500000000000000000 ) ) ;
#756 = CARTESIAN_POINT ( 'NONE',  ( 1.750000000000000000, 0.9000000000000000200, 1.649999999999999900 ) ) ;
#757 = COLOUR_RGB ( '',0.7490196078431372600, 0.7490196078431372600, 0.7490196078431372600 ) ;
#758 = FILL_AREA_STYLE_COLOUR ( '', #757 ) ;
#759 = FILL_AREA_STYLE ('',( #758 ) ) ;
#760 = SURFACE_STYLE_FILL_AREA ( #759 ) ;
#761 = SURFACE_SIDE_STYLE ('',( #760 ) ) ;
#762 = SURFACE_STYLE_USAGE ( .BOTH. , #761 ) ;
#763 = PRESENTATION_STYLE_ASSIGNMENT (( #762 ) ) ;
#764 = STYLED_ITEM ( 'NONE', ( #763 ), #31 ) ;
#765 = PRESENTATION_LAYER_ASSIGNMENT (  '', '', ( #764 ) ) ;
#766 = MECHANICAL_DESIGN_GEOMETRIC_PRESENTATION_REPRESENTATION (  '', ( #764 ), #771 ) ;
#767 =( LENGTH_UNIT ( ) NAMED_UNIT ( * ) SI_UNIT ( .MILLI., .METRE. ) );
#768 =( NAMED_UNIT ( * ) PLANE_ANGLE_UNIT ( ) SI_UNIT ( $, .RADIAN. ) );
#769 =( NAMED_UNIT ( * ) SI_UNIT ( $, .STERADIAN. ) SOLID_ANGLE_UNIT ( ) );
#770 = UNCERTAINTY_MEASURE_WITH_UNIT (LENGTH_MEASURE( 1.000000000000000100E-005 ), #767, 'distance_accuracy_value', 'NONE');
#771 =( GEOMETRIC_REPRESENTATION_CONTEXT ( 3 ) GLOBAL_UNCERTAINTY_ASSIGNED_CONTEXT ( ( #770 ) ) GLOBAL_UNIT_ASSIGNED_CONTEXT ( ( #767, #768, #769 ) ) REPRESENTATION_CONTEXT ( 'NONE', 'WORKASPACE' ) );
#772 = CARTESIAN_POINT ( 'NONE',  ( -13.15000000000000000, 16.60000000000000100, 1.649999999999999900 ) ) ;
#773 = LINE ( 'NONE', #774, #775 ) ;
#774 = CARTESIAN_POINT ( 'NONE',  ( -0.5999999999999999800, -3.200000000000000200, -10.20000000000000100 ) ) ;
#775 = VECTOR ( 'NONE', #776, 1000.000000000000000 ) ;
#776 = DIRECTION ( 'NONE',  ( 1.000000000000000000, 0.0000000000000000000, 0.0000000000000000000 ) ) ;
#777 = LINE ( 'NONE', #778, #779 ) ;
#778 = CARTESIAN_POINT ( 'NONE',  ( -11.25000000000000000, 0.9000000000000000200, -6.500000000000000000 ) ) ;
#779 = VECTOR ( 'NONE', #780, 1000.000000000000000 ) ;
#780 = DIRECTION ( 'NONE',  ( 1.000000000000000000, 0.0000000000000000000, 0.0000000000000000000 ) ) ;
#781 = FACE_BOUND ( 'NONE', #308, .T. ) ;
#782 = FACE_OUTER_BOUND ( 'NONE', #544, .T. ) ;
#783 = COLOUR_RGB ( '',0.9176470588235293700, 0.9058823529411764700, 0.7686274509803920900 ) ;
#784 = FILL_AREA_STYLE_COLOUR ( '', #783 ) ;
#785 = FILL_AREA_STYLE ('',( #784 ) ) ;
#786 = SURFACE_STYLE_FILL_AREA ( #785 ) ;
#787 = SURFACE_SIDE_STYLE ('',( #786 ) ) ;
#788 = SURFACE_STYLE_USAGE ( .BOTH. , #787 ) ;
#789 = PRESENTATION_STYLE_ASSIGNMENT (( #788 ) ) ;
#790 = STYLED_ITEM ( 'NONE', ( #789 ), #459 ) ;
#791 = PRESENTATION_LAYER_ASSIGNMENT (  '', '', ( #790 ) ) ;
#792 = MECHANICAL_DESIGN_GEOMETRIC_PRESENTATION_REPRESENTATION (  '', ( #790 ), #799 ) ;
#793 =( LENGTH_UNIT ( ) NAMED_UNIT ( * ) SI_UNIT ( .MILLI., .METRE. ) );
#794 =( NAMED_UNIT ( * ) PLANE_ANGLE_UNIT ( ) SI_UNIT ( $, .RADIAN. ) );
#795 =( NAMED_UNIT ( * ) SI_UNIT ( $, .STERADIAN. ) SOLID_ANGLE_UNIT ( ) );
#796 = UNCERTAINTY_MEASURE_WITH_UNIT (LENGTH_MEASURE( 1.000000000000000100E-005 ), #793, 'distance_accuracy_value', 'NONE');
#797 = ORIENTED_EDGE ( 'NONE', *, *, #65, .T. ) ;
#798 = ADVANCED_FACE ( 'NONE', ( #1786 ), #1803, .T. ) ;
#799 =( GEOMETRIC_REPRESENTATION_CONTEXT ( 3 ) GLOBAL_UNCERTAINTY_ASSIGNED_CONTEXT ( ( #796 ) ) GLOBAL_UNIT_ASSIGNED_CONTEXT ( ( #793, #794, #795 ) ) REPRESENTATION_CONTEXT ( 'NONE', 'WORKASPACE' ) );
#800 = PLANE ( 'NONE',  #801 ) ;
#801 = AXIS2_PLACEMENT_3D ( 'NONE', #802, #803, #804 ) ;
#802 = CARTESIAN_POINT ( 'NONE',  ( -13.15000000000000000, 16.60000000000000100, 1.649999999999999900 ) ) ;
#803 = DIRECTION ( 'NONE',  ( 0.0000000000000000000, 1.000000000000000000, 0.0000000000000000000 ) ) ;
#804 = DIRECTION ( 'NONE',  ( 0.0000000000000000000, 0.0000000000000000000, 1.000000000000000000 ) ) ;
#805 = CARTESIAN_POINT ( 'NONE',  ( -11.25000000000000000, 0.9000000000000000200, -3.100000000000000100 ) ) ;
#806 = LINE ( 'NONE', #807, #808 ) ;
#807 = CARTESIAN_POINT ( 'NONE',  ( -1.250000000000000000, 0.9000000000000000200, -10.88000000000000100 ) ) ;
#808 = VECTOR ( 'NONE', #809, 1000.000000000000000 ) ;
#809 = DIRECTION ( 'NONE',  ( -1.000000000000000000, 0.0000000000000000000, 0.0000000000000000000 ) ) ;
#810 = LINE ( 'NONE', #811, #812 ) ;
#811 = CARTESIAN_POINT ( 'NONE',  ( -13.15000000000000000, 0.9000000000000000200, 1.649999999999999900 ) ) ;
#812 = VECTOR ( 'NONE', #813, 1000.000000000000000 ) ;
#813 = DIRECTION ( 'NONE',  ( 1.000000000000000000, 0.0000000000000000000, 0.0000000000000000000 ) ) ;
#814 = LINE ( 'NONE', #818, #819 ) ;
#815 = ADVANCED_FACE ( 'NONE', ( #1808 ), #1824, .F. ) ;
#816 = ORIENTED_EDGE ( 'NONE', *, *, #1132, .T. ) ;
#817 = ORIENTED_EDGE ( 'NONE', *, *, #184, .T. ) ;
#818 = CARTESIAN_POINT ( 'NONE',  ( -4.850000000000000500, 0.9000000000000000200, -9.400000000000000400 ) ) ;
#819 = VECTOR ( 'NONE', #820, 1000.000000000000000 ) ;
#820 = DIRECTION ( 'NONE',  ( -1.000000000000000000, 0.0000000000000000000, 0.0000000000000000000 ) ) ;
#821 = LINE ( 'NONE', #822, #823 ) ;
#822 = CARTESIAN_POINT ( 'NONE',  ( -4.850000000000000500, 0.9000000000000000200, 0.5999999999999999800 ) ) ;
#823 = VECTOR ( 'NONE', #824, 1000.000000000000000 ) ;
#824 = DIRECTION ( 'NONE',  ( 1.084202172485504000E-015, 0.0000000000000000000, -1.000000000000000000 ) ) ;
#825 = CARTESIAN_POINT ( 'NONE',  ( -10.75000000000000000, -3.200000000000000200, -0.5000000000000000000 ) ) ;
#826 = LINE ( 'NONE', #827, #828 ) ;
#827 = CARTESIAN_POINT ( 'NONE',  ( 0.4500000000000000100, 18.15563491861039900, -5.349999999999999600 ) ) ;
#828 = VECTOR ( 'NONE', #829, 1000.000000000000000 ) ;
#829 = DIRECTION ( 'NONE',  ( 0.0000000000000000000, -1.000000000000000000, 0.0000000000000000000 ) ) ;
#830 = LINE ( 'NONE', #831, #832 ) ;
#831 = CARTESIAN_POINT ( 'NONE',  ( -4.850000000000000500, 0.9000000000000000200, -0.2000000000000000100 ) ) ;
#832 = VECTOR ( 'NONE', #833, 1000.000000000000000 ) ;
#833 = DIRECTION ( 'NONE',  ( -1.000000000000000000, 0.0000000000000000000, 0.0000000000000000000 ) ) ;
#834 = EDGE_CURVE ( 'NONE', #144, #1711, #1840, .T. ) ;
#835 = CARTESIAN_POINT ( 'NONE',  ( -10.75000000000000000, -3.200000000000000200, -9.099999999999999600 ) ) ;
#836 = CARTESIAN_POINT ( 'NONE',  ( -9.700000000000001100, 0.9000000000000000200, 1.280000000000000000 ) ) ;
#837 = CARTESIAN_POINT ( 'NONE',  ( -11.25000000000000000, 0.9000000000000000200, -9.099999999999999600 ) ) ;
#838 = LINE ( 'NONE', #839, #840 ) ;
#839 = CARTESIAN_POINT ( 'NONE',  ( -4.850000000000000500, 1.754400374531754900, 0.5999999999999999800 ) ) ;
#840 = VECTOR ( 'NONE', #841, 1000.000000000000000 ) ;
#841 = DIRECTION ( 'NONE',  ( 0.0000000000000000000, -1.000000000000000000, 0.0000000000000000000 ) ) ;
#842 = FACE_OUTER_BOUND ( 'NONE', #369, .T. ) ;
#843 = COLOUR_RGB ( '',0.9176470588235293700, 0.9058823529411764700, 0.7686274509803920900 ) ;
#844 = FILL_AREA_STYLE_COLOUR ( '', #843 ) ;
#845 = FILL_AREA_STYLE ('',( #844 ) ) ;
#846 = SURFACE_STYLE_FILL_AREA ( #845 ) ;
#847 = SURFACE_SIDE_STYLE ('',( #846 ) ) ;
#848 = SURFACE_STYLE_USAGE ( .BOTH. , #847 ) ;
#849 = PRESENTATION_STYLE_ASSIGNMENT (( #848 ) ) ;
#850 = STYLED_ITEM ( 'NONE', ( #849 ), #49 ) ;
#851 = ORIENTED_EDGE ( 'NONE', *, *, #2, .F. ) ;
#852 = PRESENTATION_LAYER_ASSIGNMENT (  '', '', ( #850 ) ) ;
#853 = MECHANICAL_DESIGN_GEOMETRIC_PRESENTATION_REPRESENTATION (  '', ( #850 ), #858 ) ;
#854 =( LENGTH_UNIT ( ) NAMED_UNIT ( * ) SI_UNIT ( .MILLI., .METRE. ) );
#855 =( NAMED_UNIT ( * ) PLANE_ANGLE_UNIT ( ) SI_UNIT ( $, .RADIAN. ) );
#856 =( NAMED_UNIT ( * ) SI_UNIT ( $, .STERADIAN. ) SOLID_ANGLE_UNIT ( ) );
#857 = UNCERTAINTY_MEASURE_WITH_UNIT (LENGTH_MEASURE( 1.000000000000000100E-005 ), #854, 'distance_accuracy_value', 'NONE');
#858 =( GEOMETRIC_REPRESENTATION_CONTEXT ( 3 ) GLOBAL_UNCERTAINTY_ASSIGNED_CONTEXT ( ( #857 ) ) GLOBAL_UNIT_ASSIGNED_CONTEXT ( ( #854, #855, #856 ) ) REPRESENTATION_CONTEXT ( 'NONE', 'WORKASPACE' ) );
#859 = PLANE ( 'NONE',  #860 ) ;
#860 = AXIS2_PLACEMENT_3D ( 'NONE', #861, #862, #863 ) ;
#861 = CARTESIAN_POINT ( 'NONE',  ( -13.15000000000000000, 16.60000000000000100, 1.649999999999999900 ) ) ;
#862 = DIRECTION ( 'NONE',  ( 0.0000000000000000000, 1.000000000000000000, 0.0000000000000000000 ) ) ;
#863 = DIRECTION ( 'NONE',  ( 0.0000000000000000000, 0.0000000000000000000, 1.000000000000000000 ) ) ;
#864 = CARTESIAN_POINT ( 'NONE',  ( -13.15000000000000000, 0.9000000000000000200, -11.25000000000000000 ) ) ;
#865 = CARTESIAN_POINT ( 'NONE',  ( -10.75000000000000000, 0.9000000000000000200, -6.500000000000000000 ) ) ;
#866 = FACE_OUTER_BOUND ( 'NONE', #98, .T. ) ;
#867 = COLOUR_RGB ( '',0.9176470588235293700, 0.9058823529411764700, 0.7686274509803920900 ) ;
#868 = ORIENTED_EDGE ( 'NONE', *, *, #976, .F. ) ;
#869 = FILL_AREA_STYLE_COLOUR ( '', #867 ) ;
#870 = FILL_AREA_STYLE ('',( #869 ) ) ;
#871 = SURFACE_STYLE_FILL_AREA ( #870 ) ;
#872 = SURFACE_SIDE_STYLE ('',( #871 ) ) ;
#873 = SURFACE_STYLE_USAGE ( .BOTH. , #872 ) ;
#874 = PRESENTATION_STYLE_ASSIGNMENT (( #873 ) ) ;
#875 = STYLED_ITEM ( 'NONE', ( #874 ), #51 ) ;
#876 = PRESENTATION_LAYER_ASSIGNMENT (  '', '', ( #875 ) ) ;
#877 = MECHANICAL_DESIGN_GEOMETRIC_PRESENTATION_REPRESENTATION (  '', ( #875 ), #882 ) ;
#878 =( LENGTH_UNIT ( ) NAMED_UNIT ( * ) SI_UNIT ( .MILLI., .METRE. ) );
#879 =( NAMED_UNIT ( * ) PLANE_ANGLE_UNIT ( ) SI_UNIT ( $, .RADIAN. ) );
#880 =( NAMED_UNIT ( * ) SI_UNIT ( $, .STERADIAN. ) SOLID_ANGLE_UNIT ( ) );
#881 = UNCERTAINTY_MEASURE_WITH_UNIT (LENGTH_MEASURE( 1.000000000000000100E-005 ), #878, 'distance_accuracy_value', 'NONE');
#882 =( GEOMETRIC_REPRESENTATION_CONTEXT ( 3 ) GLOBAL_UNCERTAINTY_ASSIGNED_CONTEXT ( ( #881 ) ) GLOBAL_UNIT_ASSIGNED_CONTEXT ( ( #878, #879, #880 ) ) REPRESENTATION_CONTEXT ( 'NONE', 'WORKASPACE' ) );
#883 = PLANE ( 'NONE',  #884 ) ;
#884 = AXIS2_PLACEMENT_3D ( 'NONE', #888, #889, #890 ) ;
#885 = VERTEX_POINT ( 'NONE', #1853 ) ;
#886 = VERTEX_POINT ( 'NONE', #1859 ) ;
#887 = EDGE_CURVE ( 'NONE', #294, #1028, #1860, .T. ) ;
#888 = CARTESIAN_POINT ( 'NONE',  ( 0.4500000000000000100, 16.10000000000000100, -3.649999999999999900 ) ) ;
#889 = DIRECTION ( 'NONE',  ( 0.0000000000000000000, 0.0000000000000000000, 1.000000000000000000 ) ) ;
#890 = DIRECTION ( 'NONE',  ( 1.000000000000000000, 0.0000000000000000000, 0.0000000000000000000 ) ) ;
#891 = LINE ( 'NONE', #892, #893 ) ;
#892 = CARTESIAN_POINT ( 'NONE',  ( 1.750000000000000000, 16.10000000000000100, -3.649999999999999900 ) ) ;
#893 = VECTOR ( 'NONE', #894, 1000.000000000000000 ) ;
#894 = DIRECTION ( 'NONE',  ( 0.0000000000000000000, 1.000000000000000000, 0.0000000000000000000 ) ) ;
#895 = FACE_OUTER_BOUND ( 'NONE', #28, .T. ) ;
#896 = COLOUR_RGB ( '',0.9176470588235293700, 0.9058823529411764700, 0.7686274509803920900 ) ;
#897 = FILL_AREA_STYLE_COLOUR ( '', #896 ) ;
#898 = FILL_AREA_STYLE ('',( #897 ) ) ;
#899 = SURFACE_STYLE_FILL_AREA ( #898 ) ;
#900 = SURFACE_SIDE_STYLE ('',( #899 ) ) ;
#901 = SURFACE_STYLE_USAGE ( .BOTH. , #900 ) ;
#902 = PRESENTATION_STYLE_ASSIGNMENT (( #901 ) ) ;
#903 = STYLED_ITEM ( 'NONE', ( #902 ), #271 ) ;
#904 = ORIENTED_EDGE ( 'NONE', *, *, #2393, .T. ) ;
#905 = EDGE_CURVE ( 'NONE', #553, #543, #1887, .T. ) ;
#906 = PRESENTATION_LAYER_ASSIGNMENT (  '', '', ( #903 ) ) ;
#907 = MECHANICAL_DESIGN_GEOMETRIC_PRESENTATION_REPRESENTATION (  '', ( #903 ), #912 ) ;
#908 =( LENGTH_UNIT ( ) NAMED_UNIT ( * ) SI_UNIT ( .MILLI., .METRE. ) );
#909 =( NAMED_UNIT ( * ) PLANE_ANGLE_UNIT ( ) SI_UNIT ( $, .RADIAN. ) );
#910 =( NAMED_UNIT ( * ) SI_UNIT ( $, .STERADIAN. ) SOLID_ANGLE_UNIT ( ) );
#911 = UNCERTAINTY_MEASURE_WITH_UNIT (LENGTH_MEASURE( 1.000000000000000100E-005 ), #908, 'distance_accuracy_value', 'NONE');
#912 =( GEOMETRIC_REPRESENTATION_CONTEXT ( 3 ) GLOBAL_UNCERTAINTY_ASSIGNED_CONTEXT ( ( #911 ) ) GLOBAL_UNIT_ASSIGNED_CONTEXT ( ( #908, #909, #910 ) ) REPRESENTATION_CONTEXT ( 'NONE', 'WORKASPACE' ) );
#913 = PLANE ( 'NONE',  #914 ) ;
#914 = AXIS2_PLACEMENT_3D ( 'NONE', #915, #916, #917 ) ;
#915 = CARTESIAN_POINT ( 'NONE',  ( -9.700000000000001100, 0.9000000000000000200, 1.280000000000000000 ) ) ;
#916 = DIRECTION ( 'NONE',  ( 0.0000000000000000000, 0.0000000000000000000, -1.000000000000000000 ) ) ;
#917 = DIRECTION ( 'NONE',  ( -1.000000000000000000, 0.0000000000000000000, 0.0000000000000000000 ) ) ;
#918 = LINE ( 'NONE', #919, #920 ) ;
#919 = CARTESIAN_POINT ( 'NONE',  ( -4.850000000000000500, 1.754400374531754900, -10.20000000000000100 ) ) ;
#920 = VECTOR ( 'NONE', #921, 1000.000000000000000 ) ;
#921 = DIRECTION ( 'NONE',  ( 0.0000000000000000000, -1.000000000000000000, 0.0000000000000000000 ) ) ;
#922 = EDGE_CURVE ( 'NONE', #2392, #7, #1904, .T. ) ;
#923 = FACE_OUTER_BOUND ( 'NONE', #495, .T. ) ;
#924 = PLANE ( 'NONE',  #925 ) ;
#925 = AXIS2_PLACEMENT_3D ( 'NONE', #926, #927, #928 ) ;
#926 = CARTESIAN_POINT ( 'NONE',  ( -10.75000000000000000, 1.754400374531754900, -7.500000000000000000 ) ) ;
#927 = DIRECTION ( 'NONE',  ( 1.000000000000000000, 0.0000000000000000000, 0.0000000000000000000 ) ) ;
#928 = DIRECTION ( 'NONE',  ( 0.0000000000000000000, 0.0000000000000000000, -1.000000000000000000 ) ) ;
#929 = FACE_OUTER_BOUND ( 'NONE', #2428, .T. ) ;
#930 = PLANE ( 'NONE',  #931 ) ;
#931 = AXIS2_PLACEMENT_3D ( 'NONE', #932, #933, #934 ) ;
#932 = CARTESIAN_POINT ( 'NONE',  ( -11.25000000000000000, 1.754400374531754900, -2.100000000000000100 ) ) ;
#933 = DIRECTION ( 'NONE',  ( 1.000000000000000000, 0.0000000000000000000, 0.0000000000000000000 ) ) ;
#934 = DIRECTION ( 'NONE',  ( 0.0000000000000000000, 0.0000000000000000000, -1.000000000000000000 ) ) ;
#935 = FACE_OUTER_BOUND ( 'NONE', #279, .T. ) ;
#936 = PLANE ( 'NONE',  #937 ) ;
#937 = AXIS2_PLACEMENT_3D ( 'NONE', #938, #943, #944 ) ;
#938 = CARTESIAN_POINT ( 'NONE',  ( -5.150000000000000400, 1.754400374531754900, 0.5999999999999999800 ) ) ;
#939 = ORIENTED_EDGE ( 'NONE', *, *, #29, .F. ) ;
#940 = ORIENTED_EDGE ( 'NONE', *, *, #155, .T. ) ;
#941 = ORIENTED_EDGE ( 'NONE', *, *, #1081, .F. ) ;
#942 = ORIENTED_EDGE ( 'NONE', *, *, #541, .T. ) ;
#943 = DIRECTION ( 'NONE',  ( 1.000000000000000000, 0.0000000000000000000, 0.0000000000000000000 ) ) ;
#944 = DIRECTION ( 'NONE',  ( 0.0000000000000000000, 0.0000000000000000000, -1.000000000000000000 ) ) ;
#945 = LINE ( 'NONE', #946, #947 ) ;
#946 = CARTESIAN_POINT ( 'NONE',  ( -10.75000000000000000, 0.9000000000000000200, -2.100000000000000100 ) ) ;
#947 = VECTOR ( 'NONE', #948, 1000.000000000000000 ) ;
#948 = DIRECTION ( 'NONE',  ( 0.0000000000000000000, 0.0000000000000000000, -1.000000000000000000 ) ) ;
#949 = CIRCLE ( 'NONE', #950, 0.5500000000000001600 ) ;
#950 = AXIS2_PLACEMENT_3D ( 'NONE', #951, #952, #953 ) ;
#951 = CARTESIAN_POINT ( 'NONE',  ( 0.4500000000000000100, 16.10000000000000100, -4.799999999999999800 ) ) ;
#952 = DIRECTION ( 'NONE',  ( 0.0000000000000000000, 1.000000000000000000, 0.0000000000000000000 ) ) ;
#953 = DIRECTION ( 'NONE',  ( 0.0000000000000000000, 0.0000000000000000000, 1.000000000000000000 ) ) ;
#954 = FACE_OUTER_BOUND ( 'NONE', #536, .T. ) ;
#955 = COLOUR_RGB ( '',0.9176470588235293700, 0.9058823529411764700, 0.7686274509803920900 ) ;
#956 = FILL_AREA_STYLE_COLOUR ( '', #955 ) ;
#957 = FILL_AREA_STYLE ('',( #956 ) ) ;
#958 = SURFACE_STYLE_FILL_AREA ( #957 ) ;
#959 = EDGE_LOOP ( 'NONE', ( #557, #115, #2439, #1746 ) ) ;
#960 = SURFACE_SIDE_STYLE ('',( #958 ) ) ;
#961 = SURFACE_STYLE_USAGE ( .BOTH. , #960 ) ;
#962 = PRESENTATION_STYLE_ASSIGNMENT (( #961 ) ) ;
#963 = STYLED_ITEM ( 'NONE', ( #962 ), #273 ) ;
#964 = PRESENTATION_LAYER_ASSIGNMENT (  '', '', ( #963 ) ) ;
#965 = MECHANICAL_DESIGN_GEOMETRIC_PRESENTATION_REPRESENTATION (  '', ( #963 ), #970 ) ;
#966 =( LENGTH_UNIT ( ) NAMED_UNIT ( * ) SI_UNIT ( .MILLI., .METRE. ) );
#967 =( NAMED_UNIT ( * ) PLANE_ANGLE_UNIT ( ) SI_UNIT ( $, .RADIAN. ) );
#968 =( NAMED_UNIT ( * ) SI_UNIT ( $, .STERADIAN. ) SOLID_ANGLE_UNIT ( ) );
#969 = UNCERTAINTY_MEASURE_WITH_UNIT (LENGTH_MEASURE( 1.000000000000000100E-005 ), #966, 'distance_accuracy_value', 'NONE');
#970 =( GEOMETRIC_REPRESENTATION_CONTEXT ( 3 ) GLOBAL_UNCERTAINTY_ASSIGNED_CONTEXT ( ( #969 ) ) GLOBAL_UNIT_ASSIGNED_CONTEXT ( ( #966, #967, #968 ) ) REPRESENTATION_CONTEXT ( 'NONE', 'WORKASPACE' ) );
#971 = PLANE ( 'NONE',  #972 ) ;
#972 = AXIS2_PLACEMENT_3D ( 'NONE', #973, #974, #975 ) ;
#973 = CARTESIAN_POINT ( 'NONE',  ( -1.250000000000000000, -8.511014159065500300E-017, 1.280000000000000000 ) ) ;
#974 = DIRECTION ( 'NONE',  ( 0.0000000000000000000, 0.0000000000000000000, -1.000000000000000000 ) ) ;
#975 = DIRECTION ( 'NONE',  ( -1.000000000000000000, 0.0000000000000000000, 0.0000000000000000000 ) ) ;
#976 = EDGE_CURVE ( 'NONE', #885, #518, #1929, .T. ) ;
#977 = LINE ( 'NONE', #978, #979 ) ;
#978 = CARTESIAN_POINT ( 'NONE',  ( 1.750000000000000000, 16.10000000000000100, -5.950000000000000200 ) ) ;
#979 = VECTOR ( 'NONE', #980, 1000.000000000000000 ) ;
#980 = DIRECTION ( 'NONE',  ( -9.427844978134819000E-017, 0.0000000000000000000, -1.000000000000000000 ) ) ;
#981 = FACE_OUTER_BOUND ( 'NONE', #2422, .T. ) ;
#982 = COLOUR_RGB ( '',0.9176470588235293700, 0.9058823529411764700, 0.7686274509803920900 ) ;
#983 = FILL_AREA_STYLE_COLOUR ( '', #982 ) ;
#984 = FILL_AREA_STYLE ('',( #983 ) ) ;
#985 = SURFACE_STYLE_FILL_AREA ( #984 ) ;
#986 = SURFACE_SIDE_STYLE ('',( #985 ) ) ;
#987 = SURFACE_STYLE_USAGE ( .BOTH. , #986 ) ;
#988 = PRESENTATION_STYLE_ASSIGNMENT (( #987 ) ) ;
#989 = STYLED_ITEM ( 'NONE', ( #988 ), #1968 ) ;
#990 = PRESENTATION_LAYER_ASSIGNMENT (  '', '', ( #989 ) ) ;
#991 = MECHANICAL_DESIGN_GEOMETRIC_PRESENTATION_REPRESENTATION (  '', ( #989 ), #998 ) ;
#992 =( LENGTH_UNIT ( ) NAMED_UNIT ( * ) SI_UNIT ( .MILLI., .METRE. ) );
#993 = ADVANCED_FACE ( 'NONE', ( #1933 ), #1950, .F. ) ;
#994 = EDGE_CURVE ( 'NONE', #110, #1223, #1955, .T. ) ;
#995 =( NAMED_UNIT ( * ) PLANE_ANGLE_UNIT ( ) SI_UNIT ( $, .RADIAN. ) );
#996 =( NAMED_UNIT ( * ) SI_UNIT ( $, .STERADIAN. ) SOLID_ANGLE_UNIT ( ) );
#997 = UNCERTAINTY_MEASURE_WITH_UNIT (LENGTH_MEASURE( 1.000000000000000100E-005 ), #992, 'distance_accuracy_value', 'NONE');
#998 =( GEOMETRIC_REPRESENTATION_CONTEXT ( 3 ) GLOBAL_UNCERTAINTY_ASSIGNED_CONTEXT ( ( #997 ) ) GLOBAL_UNIT_ASSIGNED_CONTEXT ( ( #992, #995, #996 ) ) REPRESENTATION_CONTEXT ( 'NONE', 'WORKASPACE' ) );
#999 = PLANE ( 'NONE',  #1000 ) ;
#1000 = AXIS2_PLACEMENT_3D ( 'NONE', #1001, #1002, #1003 ) ;
#1001 = CARTESIAN_POINT ( 'NONE',  ( -9.700000000000001100, 0.9000000000000000200, -10.88000000000000100 ) ) ;
#1002 = DIRECTION ( 'NONE',  ( 0.0000000000000000000, 0.0000000000000000000, 1.000000000000000000 ) ) ;
#1003 = DIRECTION ( 'NONE',  ( -1.000000000000000000, 0.0000000000000000000, 0.0000000000000000000 ) ) ;
#1004 = LINE ( 'NONE', #1005, #1006 ) ;
#1005 = CARTESIAN_POINT ( 'NONE',  ( -0.5999999999999999800, 0.9000000000000000200, -10.20000000000000100 ) ) ;
#1006 = VECTOR ( 'NONE', #1007, 1000.000000000000000 ) ;
#1007 = DIRECTION ( 'NONE',  ( 0.0000000000000000000, 0.0000000000000000000, -1.000000000000000000 ) ) ;
#1008 = LINE ( 'NONE', #1009, #1010 ) ;
#1009 = CARTESIAN_POINT ( 'NONE',  ( -0.5999999999999999800, 0.9000000000000000200, 0.5999999999999999800 ) ) ;
#1010 = VECTOR ( 'NONE', #1011, 1000.000000000000000 ) ;
#1011 = DIRECTION ( 'NONE',  ( 1.000000000000000000, 0.0000000000000000000, 0.0000000000000000000 ) ) ;
#1012 = LINE ( 'NONE', #1013, #1014 ) ;
#1013 = CARTESIAN_POINT ( 'NONE',  ( -13.15000000000000000, 16.60000000000000100, -11.25000000000000000 ) ) ;
#1014 = VECTOR ( 'NONE', #1015, 1000.000000000000000 ) ;
#1015 = DIRECTION ( 'NONE',  ( -1.344746880602176000E-016, 0.0000000000000000000, 1.000000000000000000 ) ) ;
#1016 = LINE ( 'NONE', #1017, #1018 ) ;
#1017 = CARTESIAN_POINT ( 'NONE',  ( -11.10000000000000000, 0.9000000000000000200, -10.88000000000000100 ) ) ;
#1018 = VECTOR ( 'NONE', #1019, 1000.000000000000000 ) ;
#1019 = DIRECTION ( 'NONE',  ( 0.0000000000000000000, 0.0000000000000000000, -1.000000000000000000 ) ) ;
#1020 = FACE_OUTER_BOUND ( 'NONE', #504, .T. ) ;
#1021 = PLANE ( 'NONE',  #1022 ) ;
#1022 = AXIS2_PLACEMENT_3D ( 'NONE', #1023, #1024, #1025 ) ;
#1023 = CARTESIAN_POINT ( 'NONE',  ( -11.25000000000000000, 0.6999999999999999600, -3.100000000000000100 ) ) ;
#1024 = DIRECTION ( 'NONE',  ( 0.0000000000000000000, 0.0000000000000000000, 1.000000000000000000 ) ) ;
#1025 = DIRECTION ( 'NONE',  ( 1.000000000000000000, 0.0000000000000000000, 0.0000000000000000000 ) ) ;
#1026 = LINE ( 'NONE', #1030, #1031 ) ;
#1027 = EDGE_CURVE ( 'NONE', #397, #1898, #1970, .T. ) ;
#1028 = VERTEX_POINT ( 'NONE', #1975 ) ;
#1029 = ORIENTED_EDGE ( 'NONE', *, *, #290, .F. ) ;
#1030 = CARTESIAN_POINT ( 'NONE',  ( -5.150000000000000400, 1.754400374531754900, -9.400000000000000400 ) ) ;
#1031 = VECTOR ( 'NONE', #1032, 1000.000000000000000 ) ;
#1032 = DIRECTION ( 'NONE',  ( 0.0000000000000000000, -1.000000000000000000, 0.0000000000000000000 ) ) ;
#1033 = FACE_OUTER_BOUND ( 'NONE', #508, .T. ) ;
#1034 = COLOUR_RGB ( '',0.9176470588235293700, 0.9058823529411764700, 0.7686274509803920900 ) ;
#1035 = FILL_AREA_STYLE_COLOUR ( '', #1034 ) ;
#1036 = FILL_AREA_STYLE ('',( #1035 ) ) ;
#1037 = SURFACE_STYLE_FILL_AREA ( #1036 ) ;
#1038 = SURFACE_SIDE_STYLE ('',( #1037 ) ) ;
#1039 = SURFACE_STYLE_USAGE ( .BOTH. , #1038 ) ;
#1040 = PRESENTATION_STYLE_ASSIGNMENT (( #1039 ) ) ;
#1041 = STYLED_ITEM ( 'NONE', ( #1040 ), #480 ) ;
#1042 = PRESENTATION_LAYER_ASSIGNMENT (  '', '', ( #1041 ) ) ;
#1043 = MECHANICAL_DESIGN_GEOMETRIC_PRESENTATION_REPRESENTATION (  '', ( #1041 ), #1048 ) ;
#1044 =( LENGTH_UNIT ( ) NAMED_UNIT ( * ) SI_UNIT ( .MILLI., .METRE. ) );
#1045 =( NAMED_UNIT ( * ) PLANE_ANGLE_UNIT ( ) SI_UNIT ( $, .RADIAN. ) );
#1046 =( NAMED_UNIT ( * ) SI_UNIT ( $, .STERADIAN. ) SOLID_ANGLE_UNIT ( ) );
#1047 = UNCERTAINTY_MEASURE_WITH_UNIT (LENGTH_MEASURE( 1.000000000000000100E-005 ), #1044, 'distance_accuracy_value', 'NONE');
#1048 =( GEOMETRIC_REPRESENTATION_CONTEXT ( 3 ) GLOBAL_UNCERTAINTY_ASSIGNED_CONTEXT ( ( #1047 ) ) GLOBAL_UNIT_ASSIGNED_CONTEXT ( ( #1044, #1045, #1046 ) ) REPRESENTATION_CONTEXT ( 'NONE', 'WORKASPACE' ) );
#1049 = PLANE ( 'NONE',  #1050 ) ;
#1050 = AXIS2_PLACEMENT_3D ( 'NONE', #1051, #1052, #1053 ) ;
#1051 = CARTESIAN_POINT ( 'NONE',  ( 0.4500000000000000100, 16.10000000000000100, -5.950000000000000200 ) ) ;
#1052 = DIRECTION ( 'NONE',  ( 0.0000000000000000000, 0.0000000000000000000, -1.000000000000000000 ) ) ;
#1053 = DIRECTION ( 'NONE',  ( -1.000000000000000000, 0.0000000000000000000, 0.0000000000000000000 ) ) ;
#1054 = CARTESIAN_POINT ( 'NONE',  ( 0.4500000000000000100, 16.60000000000000100, -4.549999999999998900 ) ) ;
#1055 = CARTESIAN_POINT ( 'NONE',  ( -10.75000000000000000, 0.9000000000000000200, -0.5000000000000000000 ) ) ;
#1056 = LINE ( 'NONE', #1057, #1058 ) ;
#1057 = CARTESIAN_POINT ( 'NONE',  ( -11.10000000000000000, 0.9000000000000000200, -10.88000000000000100 ) ) ;
#1058 = VECTOR ( 'NONE', #1059, 1000.000000000000000 ) ;
#1059 = DIRECTION ( 'NONE',  ( -1.000000000000000000, 0.0000000000000000000, 0.0000000000000000000 ) ) ;
#1060 = LINE ( 'NONE', #1061, #1063 ) ;
#1061 = CARTESIAN_POINT ( 'NONE',  ( 1.750000000000000000, 0.9000000000000000200, -11.25000000000000000 ) ) ;
#1062 = ORIENTED_EDGE ( 'NONE', *, *, #326, .F. ) ;
#1063 = VECTOR ( 'NONE', #1064, 1000.000000000000000 ) ;
#1064 = DIRECTION ( 'NONE',  ( -1.176653520526904000E-016, 0.0000000000000000000, -1.000000000000000000 ) ) ;
#1065 = CARTESIAN_POINT ( 'NONE',  ( -11.25000000000000000, 0.6999999999999999600, -2.100000000000000100 ) ) ;
#1066 = CARTESIAN_POINT ( 'NONE',  ( -11.10000000000000000, 0.9000000000000000200, 1.280000000000000000 ) ) ;
#1067 = LINE ( 'NONE', #1068, #1069 ) ;
#1068 = CARTESIAN_POINT ( 'NONE',  ( -1.250000000000000000, -8.511014159065500300E-017, -10.88000000000000100 ) ) ;
#1069 = VECTOR ( 'NONE', #1070, 1000.000000000000000 ) ;
#1070 = DIRECTION ( 'NONE',  ( 1.000000000000000000, 0.0000000000000000000, 0.0000000000000000000 ) ) ;
#1071 = CARTESIAN_POINT ( 'NONE',  ( -4.850000000000000500, -3.200000000000000200, -10.20000000000000100 ) ) ;
#1072 = CARTESIAN_POINT ( 'NONE',  ( -11.10000000000000000, 0.9000000000000000200, 1.649999999999999900 ) ) ;
#1073 = LINE ( 'NONE', #1074, #1075 ) ;
#1074 = CARTESIAN_POINT ( 'NONE',  ( -11.10000000000000000, 0.9000000000000000200, -11.25000000000000000 ) ) ;
#1075 = VECTOR ( 'NONE', #1076, 1000.000000000000000 ) ;
#1076 = DIRECTION ( 'NONE',  ( 0.0000000000000000000, -1.000000000000000000, 0.0000000000000000000 ) ) ;
#1077 = FACE_OUTER_BOUND ( 'NONE', #128, .T. ) ;
#1078 = PLANE ( 'NONE',  #1082 ) ;
#1079 = ADVANCED_FACE ( 'NONE', ( #1992 ), #1993, .T. ) ;
#1080 = ORIENTED_EDGE ( 'NONE', *, *, #2201, .F. ) ;
#1081 = EDGE_CURVE ( 'NONE', #187, #422, #1998, .T. ) ;
#1082 = AXIS2_PLACEMENT_3D ( 'NONE', #1083, #1084, #1085 ) ;
#1083 = CARTESIAN_POINT ( 'NONE',  ( -4.850000000000000500, 1.754400374531754900, -10.20000000000000100 ) ) ;
#1084 = DIRECTION ( 'NONE',  ( -7.228014483236720200E-016, 0.0000000000000000000, -1.000000000000000000 ) ) ;
#1085 = DIRECTION ( 'NONE',  ( -1.000000000000000000, 0.0000000000000000000, 7.228014483236720200E-016 ) ) ;
#1086 = LINE ( 'NONE', #1087, #1088 ) ;
#1087 = CARTESIAN_POINT ( 'NONE',  ( -11.25000000000000000, -3.200000000000000200, -9.099999999999999600 ) ) ;
#1088 = VECTOR ( 'NONE', #1089, 1000.000000000000000 ) ;
#1089 = DIRECTION ( 'NONE',  ( 1.000000000000000000, 0.0000000000000000000, 2.168404344971020200E-016 ) ) ;
#1090 = CARTESIAN_POINT ( 'NONE',  ( -9.700000000000001100, -1.033567762626084000E-015, -11.25000000000000000 ) ) ;
#1091 = CARTESIAN_POINT ( 'NONE',  ( -4.850000000000000500, -3.200000000000000200, 0.5999999999999999800 ) ) ;
#1092 = CARTESIAN_POINT ( 'NONE',  ( -10.75000000000000000, 0.6999999999999999600, -3.100000000000000100 ) ) ;
#1093 = LINE ( 'NONE', #1094, #1095 ) ;
#1094 = CARTESIAN_POINT ( 'NONE',  ( -0.5999999999999999800, -3.200000000000000200, -10.20000000000000100 ) ) ;
#1095 = VECTOR ( 'NONE', #1096, 1000.000000000000000 ) ;
#1096 = DIRECTION ( 'NONE',  ( 0.0000000000000000000, 0.0000000000000000000, -1.000000000000000000 ) ) ;
#1097 = LINE ( 'NONE', #1098, #1099 ) ;
#1098 = CARTESIAN_POINT ( 'NONE',  ( -4.850000000000000500, -3.200000000000000200, -0.2000000000000000100 ) ) ;
#1099 = VECTOR ( 'NONE', #1100, 1000.000000000000000 ) ;
#1100 = DIRECTION ( 'NONE',  ( -1.000000000000000000, 0.0000000000000000000, 0.0000000000000000000 ) ) ;
#1101 = LINE ( 'NONE', #1102, #1103 ) ;
#1102 = CARTESIAN_POINT ( 'NONE',  ( 0.5999999999999999800, 2.597056274847715100, -10.20000000000000100 ) ) ;
#1103 = VECTOR ( 'NONE', #1104, 1000.000000000000000 ) ;
#1104 = DIRECTION ( 'NONE',  ( 0.0000000000000000000, -1.000000000000000000, 0.0000000000000000000 ) ) ;
#1105 = LINE ( 'NONE', #1106, #1107 ) ;
#1106 = CARTESIAN_POINT ( 'NONE',  ( 1.750000000000000000, 16.10000000000000100, -5.950000000000000200 ) ) ;
#1107 = VECTOR ( 'NONE', #1108, 1000.000000000000000 ) ;
#1108 = DIRECTION ( 'NONE',  ( 0.0000000000000000000, 1.000000000000000000, 0.0000000000000000000 ) ) ;
#1109 = FACE_OUTER_BOUND ( 'NONE', #748, .T. ) ;
#1110 = COLOUR_RGB ( '',0.9176470588235293700, 0.9058823529411764700, 0.7686274509803920900 ) ;
#1111 = FILL_AREA_STYLE_COLOUR ( '', #1110 ) ;
#1112 = FILL_AREA_STYLE ('',( #1111 ) ) ;
#1113 = SURFACE_STYLE_FILL_AREA ( #1112 ) ;
#1114 = SURFACE_SIDE_STYLE ('',( #1113 ) ) ;
#1115 = SURFACE_STYLE_USAGE ( .BOTH. , #1114 ) ;
#1116 = PRESENTATION_STYLE_ASSIGNMENT (( #1115 ) ) ;
#1117 = STYLED_ITEM ( 'NONE', ( #1116 ), #89 ) ;
#1118 = PRESENTATION_LAYER_ASSIGNMENT (  '', '', ( #1117 ) ) ;
#1119 = MECHANICAL_DESIGN_GEOMETRIC_PRESENTATION_REPRESENTATION (  '', ( #1117 ), #1124 ) ;
#1120 =( LENGTH_UNIT ( ) NAMED_UNIT ( * ) SI_UNIT ( .MILLI., .METRE. ) );
#1121 =( NAMED_UNIT ( * ) PLANE_ANGLE_UNIT ( ) SI_UNIT ( $, .RADIAN. ) );
#1122 =( NAMED_UNIT ( * ) SI_UNIT ( $, .STERADIAN. ) SOLID_ANGLE_UNIT ( ) );
#1123 = UNCERTAINTY_MEASURE_WITH_UNIT (LENGTH_MEASURE( 1.000000000000000100E-005 ), #1120, 'distance_accuracy_value', 'NONE');
#1124 =( GEOMETRIC_REPRESENTATION_CONTEXT ( 3 ) GLOBAL_UNCERTAINTY_ASSIGNED_CONTEXT ( ( #1123 ) ) GLOBAL_UNIT_ASSIGNED_CONTEXT ( ( #1120, #1121, #1122 ) ) REPRESENTATION_CONTEXT ( 'NONE', 'WORKASPACE' ) );
#1125 = PLANE ( 'NONE',  #1126 ) ;
#1126 = AXIS2_PLACEMENT_3D ( 'NONE', #1127, #1128, #1129 ) ;
#1127 = CARTESIAN_POINT ( 'NONE',  ( -11.10000000000000000, -1.033567762626084000E-015, 1.280000000000000000 ) ) ;
#1128 = DIRECTION ( 'NONE',  ( 0.0000000000000000000, -1.000000000000000000, 0.0000000000000000000 ) ) ;
#1129 = DIRECTION ( 'NONE',  ( 0.0000000000000000000, 0.0000000000000000000, -1.000000000000000000 ) ) ;
#1130 = ORIENTED_EDGE ( 'NONE', *, *, #131, .T. ) ;
#1131 = EDGE_CURVE ( 'NONE', #2436, #207, #2014, .T. ) ;
#1132 = EDGE_CURVE ( 'NONE', #334, #179, #2025, .T. ) ;
#1133 = LINE ( 'NONE', #1134, #1135 ) ;
#1134 = CARTESIAN_POINT ( 'NONE',  ( -11.25000000000000000, 0.6999999999999999600, -2.100000000000000100 ) ) ;
#1135 = VECTOR ( 'NONE', #1136, 1000.000000000000000 ) ;
#1136 = DIRECTION ( 'NONE',  ( 0.0000000000000000000, 0.0000000000000000000, -1.000000000000000000 ) ) ;
#1137 = LINE ( 'NONE', #1138, #1139 ) ;
#1138 = CARTESIAN_POINT ( 'NONE',  ( -13.15000000000000000, 0.9000000000000000200, -11.25000000000000000 ) ) ;
#1139 = VECTOR ( 'NONE', #1140, 1000.000000000000000 ) ;
#1140 = DIRECTION ( 'NONE',  ( -1.000000000000000000, 0.0000000000000000000, 0.0000000000000000000 ) ) ;
#1141 = LINE ( 'NONE', #1142, #1143 ) ;
#1142 = CARTESIAN_POINT ( 'NONE',  ( -9.700000000000001100, 0.9000000000000000200, -10.88000000000000100 ) ) ;
#1143 = VECTOR ( 'NONE', #1144, 1000.000000000000000 ) ;
#1144 = DIRECTION ( 'NONE',  ( 0.0000000000000000000, 0.0000000000000000000, -1.000000000000000000 ) ) ;
#1145 = LINE ( 'NONE', #1146, #1147 ) ;
#1146 = CARTESIAN_POINT ( 'NONE',  ( -4.850000000000000500, -3.200000000000000200, -9.400000000000000400 ) ) ;
#1147 = VECTOR ( 'NONE', #1148, 1000.000000000000000 ) ;
#1148 = DIRECTION ( 'NONE',  ( -1.000000000000000000, 0.0000000000000000000, 0.0000000000000000000 ) ) ;
#1149 = ORIENTED_EDGE ( 'NONE', *, *, #1275, .F. ) ;
#1150 = LINE ( 'NONE', #1151, #1152 ) ;
#1151 = CARTESIAN_POINT ( 'NONE',  ( -13.15000000000000000, 16.60000000000000100, -11.25000000000000000 ) ) ;
#1152 = VECTOR ( 'NONE', #1153, 1000.000000000000000 ) ;
#1153 = DIRECTION ( 'NONE',  ( -1.000000000000000000, 0.0000000000000000000, 0.0000000000000000000 ) ) ;
#1154 = LINE ( 'NONE', #1155, #1156 ) ;
#1155 = CARTESIAN_POINT ( 'NONE',  ( -10.75000000000000000, 0.6999999999999999600, -3.100000000000000100 ) ) ;
#1156 = VECTOR ( 'NONE', #1157, 1000.000000000000000 ) ;
#1157 = DIRECTION ( 'NONE',  ( 0.0000000000000000000, 1.000000000000000000, 0.0000000000000000000 ) ) ;
#1158 = LINE ( 'NONE', #1159, #1160 ) ;
#1159 = CARTESIAN_POINT ( 'NONE',  ( -1.250000000000000000, 0.9000000000000000200, -10.88000000000000100 ) ) ;
#1160 = VECTOR ( 'NONE', #1161, 1000.000000000000000 ) ;
#1161 = DIRECTION ( 'NONE',  ( 0.0000000000000000000, 0.0000000000000000000, -1.000000000000000000 ) ) ;
#1162 = LINE ( 'NONE', #1163, #1164 ) ;
#1163 = CARTESIAN_POINT ( 'NONE',  ( -11.25000000000000000, 1.754400374531754900, -2.100000000000000100 ) ) ;
#1164 = VECTOR ( 'NONE', #1165, 1000.000000000000000 ) ;
#1165 = DIRECTION ( 'NONE',  ( 0.0000000000000000000, -1.000000000000000000, 0.0000000000000000000 ) ) ;
#1166 = ORIENTED_EDGE ( 'NONE', *, *, #39, .T. ) ;
#1167 = ORIENTED_EDGE ( 'NONE', *, *, #235, .T. ) ;
#1168 = ORIENTED_EDGE ( 'NONE', *, *, #304, .T. ) ;
#1169 = LINE ( 'NONE', #1170, #1171 ) ;
#1170 = CARTESIAN_POINT ( 'NONE',  ( -11.10000000000000000, -1.033567762626084000E-015, -10.88000000000000100 ) ) ;
#1171 = VECTOR ( 'NONE', #1172, 1000.000000000000000 ) ;
#1172 = DIRECTION ( 'NONE',  ( 1.000000000000000000, 0.0000000000000000000, 0.0000000000000000000 ) ) ;
#1173 = LINE ( 'NONE', #1174, #1175 ) ;
#1174 = CARTESIAN_POINT ( 'NONE',  ( -0.5999999999999999800, 2.597056274847715100, -0.5999999999999999800 ) ) ;
#1175 = VECTOR ( 'NONE', #1176, 1000.000000000000000 ) ;
#1176 = DIRECTION ( 'NONE',  ( 0.0000000000000000000, -1.000000000000000000, 0.0000000000000000000 ) ) ;
#1177 = CARTESIAN_POINT ( 'NONE',  ( -1.250000000000000000, 0.9000000000000000200, 1.649999999999999900 ) ) ;
#1178 = FACE_OUTER_BOUND ( 'NONE', #194, .T. ) ;
#1179 = PLANE ( 'NONE',  #1180 ) ;
#1180 = AXIS2_PLACEMENT_3D ( 'NONE', #1181, #1182, #1183 ) ;
#1181 = CARTESIAN_POINT ( 'NONE',  ( -0.5999999999999999800, 2.597056274847715100, 0.5999999999999999800 ) ) ;
#1182 = DIRECTION ( 'NONE',  ( 1.000000000000000000, 0.0000000000000000000, 0.0000000000000000000 ) ) ;
#1183 = DIRECTION ( 'NONE',  ( 0.0000000000000000000, 0.0000000000000000000, -1.000000000000000000 ) ) ;
#1184 = FACE_OUTER_BOUND ( 'NONE', #524, .T. ) ;
#1185 = ORIENTED_EDGE ( 'NONE', *, *, #295, .T. ) ;
#1186 = EDGE_CURVE ( 'NONE', #230, #228, #2035, .T. ) ;
#1187 = ADVANCED_FACE ( 'NONE', ( #2054 ), #2055, .T. ) ;
#1188 = PLANE ( 'NONE',  #1189 ) ;
#1189 = AXIS2_PLACEMENT_3D ( 'NONE', #1190, #1191, #1192 ) ;
#1190 = CARTESIAN_POINT ( 'NONE',  ( -11.25000000000000000, 0.6999999999999999600, -6.500000000000000000 ) ) ;
#1191 = DIRECTION ( 'NONE',  ( 0.0000000000000000000, 0.0000000000000000000, 1.000000000000000000 ) ) ;
#1192 = DIRECTION ( 'NONE',  ( 1.000000000000000000, 0.0000000000000000000, 0.0000000000000000000 ) ) ;
#1193 = LINE ( 'NONE', #1194, #1195 ) ;
#1194 = CARTESIAN_POINT ( 'NONE',  ( 0.5999999999999999800, 2.597056274847715100, -9.000000000000000000 ) ) ;
#1195 = VECTOR ( 'NONE', #1196, 1000.000000000000000 ) ;
#1196 = DIRECTION ( 'NONE',  ( 0.0000000000000000000, -1.000000000000000000, 0.0000000000000000000 ) ) ;
#1197 = LINE ( 'NONE', #1198, #1199 ) ;
#1198 = CARTESIAN_POINT ( 'NONE',  ( -9.700000000000001100, 0.9000000000000000200, -10.88000000000000100 ) ) ;
#1199 = VECTOR ( 'NONE', #1200, 1000.000000000000000 ) ;
#1200 = DIRECTION ( 'NONE',  ( 0.0000000000000000000, 1.000000000000000000, 0.0000000000000000000 ) ) ;
#1201 = CARTESIAN_POINT ( 'NONE',  ( -11.25000000000000000, 0.9000000000000000200, -0.5000000000000000000 ) ) ;
#1202 = LINE ( 'NONE', #1203, #1207 ) ;
#1203 = CARTESIAN_POINT ( 'NONE',  ( -0.5999999999999999800, 0.9000000000000000200, -9.000000000000000000 ) ) ;
#1204 = ADVANCED_FACE ( 'NONE', ( #2060 ), #2076, .F. ) ;
#1205 = ORIENTED_EDGE ( 'NONE', *, *, #85, .F. ) ;
#1206 = EDGE_CURVE ( 'NONE', #488, #885, #2081, .T. ) ;
#1207 = VECTOR ( 'NONE', #1208, 1000.000000000000000 ) ;
#1208 = DIRECTION ( 'NONE',  ( -1.000000000000000000, 0.0000000000000000000, 0.0000000000000000000 ) ) ;
#1209 = CARTESIAN_POINT ( 'NONE',  ( -5.150000000000000400, -3.200000000000000200, -9.400000000000000400 ) ) ;
#1210 = CARTESIAN_POINT ( 'NONE',  ( -4.850000000000000500, 0.9000000000000000200, -9.400000000000000400 ) ) ;
#1211 = LINE ( 'NONE', #1212, #1213 ) ;
#1212 = CARTESIAN_POINT ( 'NONE',  ( -11.25000000000000000, 0.6999999999999999600, -3.100000000000000100 ) ) ;
#1213 = VECTOR ( 'NONE', #1214, 1000.000000000000000 ) ;
#1214 = DIRECTION ( 'NONE',  ( 1.000000000000000000, 0.0000000000000000000, 0.0000000000000000000 ) ) ;
#1215 = LINE ( 'NONE', #1216, #1217 ) ;
#1216 = CARTESIAN_POINT ( 'NONE',  ( -9.700000000000001100, 0.9000000000000000200, -11.25000000000000000 ) ) ;
#1217 = VECTOR ( 'NONE', #1218, 1000.000000000000000 ) ;
#1218 = DIRECTION ( 'NONE',  ( 0.0000000000000000000, 1.000000000000000000, 0.0000000000000000000 ) ) ;
#1219 = LINE ( 'NONE', #1220, #1221 ) ;
#1220 = CARTESIAN_POINT ( 'NONE',  ( -1.250000000000000000, -8.511014159065500300E-017, 1.280000000000000000 ) ) ;
#1221 = VECTOR ( 'NONE', #1222, 1000.000000000000000 ) ;
#1222 = DIRECTION ( 'NONE',  ( 0.0000000000000000000, 0.0000000000000000000, 1.000000000000000000 ) ) ;
#1223 = VERTEX_POINT ( 'NONE', #2090 ) ;
#1224 = EDGE_LOOP ( 'NONE', ( #212, #400, #61, #407 ) ) ;
#1225 = CARTESIAN_POINT ( 'NONE',  ( -1.250000000000000000, 0.9000000000000000200, 1.280000000000000000 ) ) ;
#1226 = FACE_OUTER_BOUND ( 'NONE', #1916, .T. ) ;
#1227 = COLOUR_RGB ( '',0.9176470588235293700, 0.9058823529411764700, 0.7686274509803920900 ) ;
#1228 = FILL_AREA_STYLE_COLOUR ( '', #1227 ) ;
#1229 = FILL_AREA_STYLE ('',( #1228 ) ) ;
#1230 = SURFACE_STYLE_FILL_AREA ( #1229 ) ;
#1231 = SURFACE_SIDE_STYLE ('',( #1230 ) ) ;
#1232 = SURFACE_STYLE_USAGE ( .BOTH. , #1231 ) ;
#1233 = PRESENTATION_STYLE_ASSIGNMENT (( #1232 ) ) ;
#1234 = STYLED_ITEM ( 'NONE', ( #1233 ), #298 ) ;
#1235 = PRESENTATION_LAYER_ASSIGNMENT (  '', '', ( #1234 ) ) ;
#1236 = MECHANICAL_DESIGN_GEOMETRIC_PRESENTATION_REPRESENTATION (  '', ( #1234 ), #1243 ) ;
#1237 =( LENGTH_UNIT ( ) NAMED_UNIT ( * ) SI_UNIT ( .MILLI., .METRE. ) );
#1238 =( NAMED_UNIT ( * ) PLANE_ANGLE_UNIT ( ) SI_UNIT ( $, .RADIAN. ) );
#1239 =( NAMED_UNIT ( * ) SI_UNIT ( $, .STERADIAN. ) SOLID_ANGLE_UNIT ( ) );
#1240 = UNCERTAINTY_MEASURE_WITH_UNIT (LENGTH_MEASURE( 1.000000000000000100E-005 ), #1237, 'distance_accuracy_value', 'NONE');
#1241 = EDGE_CURVE ( 'NONE', #189, #50, #2097, .T. ) ;
#1242 = ORIENTED_EDGE ( 'NONE', *, *, #29, .T. ) ;
#1243 =( GEOMETRIC_REPRESENTATION_CONTEXT ( 3 ) GLOBAL_UNCERTAINTY_ASSIGNED_CONTEXT ( ( #1240 ) ) GLOBAL_UNIT_ASSIGNED_CONTEXT ( ( #1237, #1238, #1239 ) ) REPRESENTATION_CONTEXT ( 'NONE', 'WORKASPACE' ) );
#1244 = PLANE ( 'NONE',  #1245 ) ;
#1245 = AXIS2_PLACEMENT_3D ( 'NONE', #1246, #1247, #1248 ) ;
#1246 = CARTESIAN_POINT ( 'NONE',  ( -1.250000000000000000, 0.9000000000000000200, 1.280000000000000000 ) ) ;
#1247 = DIRECTION ( 'NONE',  ( 1.000000000000000000, 0.0000000000000000000, 0.0000000000000000000 ) ) ;
#1248 = DIRECTION ( 'NONE',  ( 0.0000000000000000000, 0.0000000000000000000, -1.000000000000000000 ) ) ;
#1249 = LINE ( 'NONE', #1250, #1251 ) ;
#1250 = CARTESIAN_POINT ( 'NONE',  ( 0.5999999999999999800, 2.597056274847715100, 0.5999999999999999800 ) ) ;
#1251 = VECTOR ( 'NONE', #1252, 1000.000000000000000 ) ;
#1252 = DIRECTION ( 'NONE',  ( 0.0000000000000000000, -1.000000000000000000, 0.0000000000000000000 ) ) ;
#1253 = CARTESIAN_POINT ( 'NONE',  ( -2.649999999999999900, -8.511014159065500300E-017, -11.25000000000000000 ) ) ;
#1254 = CARTESIAN_POINT ( 'NONE',  ( -11.25000000000000000, -3.200000000000000200, -2.100000000000000100 ) ) ;
#1255 = LINE ( 'NONE', #1256, #1257 ) ;
#1256 = CARTESIAN_POINT ( 'NONE',  ( 0.4500000000000000100, 16.10000000000000100, -3.649999999999999900 ) ) ;
#1257 = VECTOR ( 'NONE', #1258, 1000.000000000000000 ) ;
#1258 = DIRECTION ( 'NONE',  ( 0.0000000000000000000, 1.000000000000000000, 0.0000000000000000000 ) ) ;
#1259 = LINE ( 'NONE', #1260, #1261 ) ;
#1260 = CARTESIAN_POINT ( 'NONE',  ( 0.4500000000000000100, 16.10000000000000100, -5.950000000000000200 ) ) ;
#1261 = VECTOR ( 'NONE', #1262, 1000.000000000000000 ) ;
#1262 = DIRECTION ( 'NONE',  ( -1.000000000000000000, 0.0000000000000000000, 0.0000000000000000000 ) ) ;
#1263 = CARTESIAN_POINT ( 'NONE',  ( 0.5999999999999999800, 0.9000000000000000200, 0.5999999999999999800 ) ) ;
#1264 = LINE ( 'NONE', #1265, #1266 ) ;
#1265 = CARTESIAN_POINT ( 'NONE',  ( -5.150000000000000400, 1.754400374531754900, 0.5999999999999999800 ) ) ;
#1266 = VECTOR ( 'NONE', #1267, 1000.000000000000000 ) ;
#1267 = DIRECTION ( 'NONE',  ( 0.0000000000000000000, -1.000000000000000000, 0.0000000000000000000 ) ) ;
#1268 = FACE_OUTER_BOUND ( 'NONE', #153, .T. ) ;
#1269 = PLANE ( 'NONE',  #1270 ) ;
#1270 = AXIS2_PLACEMENT_3D ( 'NONE', #1271, #1272, #1273 ) ;
#1271 = CARTESIAN_POINT ( 'NONE',  ( -11.25000000000000000, 0.6999999999999999600, -3.100000000000000100 ) ) ;
#1272 = DIRECTION ( 'NONE',  ( 0.0000000000000000000, -1.000000000000000000, 0.0000000000000000000 ) ) ;
#1273 = DIRECTION ( 'NONE',  ( 0.0000000000000000000, 0.0000000000000000000, -1.000000000000000000 ) ) ;
#1274 = LINE ( 'NONE', #1277, #1278 ) ;
#1275 = EDGE_CURVE ( 'NONE', #285, #546, #2118, .T. ) ;
#1276 = ORIENTED_EDGE ( 'NONE', *, *, #1379, .T. ) ;
#1277 = CARTESIAN_POINT ( 'NONE',  ( -5.150000000000000400, 1.754400374531754900, -0.2000000000000000100 ) ) ;
#1278 = VECTOR ( 'NONE', #1279, 1000.000000000000000 ) ;
#1279 = DIRECTION ( 'NONE',  ( 0.0000000000000000000, -1.000000000000000000, 0.0000000000000000000 ) ) ;
#1280 = LINE ( 'NONE', #1281, #1282 ) ;
#1281 = CARTESIAN_POINT ( 'NONE',  ( -0.5999999999999999800, 2.597056274847715100, -10.20000000000000100 ) ) ;
#1282 = VECTOR ( 'NONE', #1283, 1000.000000000000000 ) ;
#1283 = DIRECTION ( 'NONE',  ( 0.0000000000000000000, -1.000000000000000000, 0.0000000000000000000 ) ) ;
#1284 = CARTESIAN_POINT ( 'NONE',  ( -0.5999999999999999800, 0.9000000000000000200, -10.20000000000000100 ) ) ;
#1285 = CARTESIAN_POINT ( 'NONE',  ( 0.4500000000000000100, 16.10000000000000100, -5.349999999999999600 ) ) ;
#1286 = CARTESIAN_POINT ( 'NONE',  ( 1.750000000000000000, 16.60000000000000100, 1.649999999999999900 ) ) ;
#1287 = CARTESIAN_POINT ( 'NONE',  ( -5.150000000000000400, -3.200000000000000200, -0.2000000000000000100 ) ) ;
#1288 = LINE ( 'NONE', #1289, #1290 ) ;
#1289 = CARTESIAN_POINT ( 'NONE',  ( -10.75000000000000000, 1.754400374531754900, -0.5000000000000000000 ) ) ;
#1290 = VECTOR ( 'NONE', #1291, 1000.000000000000000 ) ;
#1291 = DIRECTION ( 'NONE',  ( 0.0000000000000000000, -1.000000000000000000, 0.0000000000000000000 ) ) ;
#1292 = CARTESIAN_POINT ( 'NONE',  ( -0.5999999999999999800, -3.200000000000000200, -0.5999999999999999800 ) ) ;
#1293 = LINE ( 'NONE', #1294, #1295 ) ;
#1294 = CARTESIAN_POINT ( 'NONE',  ( 0.5999999999999999800, 2.597056274847715100, -0.5999999999999999800 ) ) ;
#1295 = VECTOR ( 'NONE', #1296, 1000.000000000000000 ) ;
#1296 = DIRECTION ( 'NONE',  ( 0.0000000000000000000, -1.000000000000000000, 0.0000000000000000000 ) ) ;
#1297 = FACE_OUTER_BOUND ( 'NONE', #288, .T. ) ;
#1298 = PLANE ( 'NONE',  #1299 ) ;
#1299 = AXIS2_PLACEMENT_3D ( 'NONE', #1300, #1301, #1302 ) ;
#1300 = CARTESIAN_POINT ( 'NONE',  ( -0.5999999999999999800, -3.200000000000000200, -9.000000000000000000 ) ) ;
#1301 = DIRECTION ( 'NONE',  ( 0.0000000000000000000, -1.000000000000000000, 0.0000000000000000000 ) ) ;
#1302 = DIRECTION ( 'NONE',  ( 0.0000000000000000000, 0.0000000000000000000, 1.000000000000000000 ) ) ;
#1303 = CARTESIAN_POINT ( 'NONE',  ( 0.5999999999999999800, -3.200000000000000200, -9.000000000000000000 ) ) ;
#1304 = CARTESIAN_POINT ( 'NONE',  ( -11.10000000000000000, -1.033567762626084000E-015, 1.649999999999999900 ) ) ;
#1305 = CARTESIAN_POINT ( 'NONE',  ( -1.250000000000000000, -8.511014159065500300E-017, 1.280000000000000000 ) ) ;
#1306 = LINE ( 'NONE', #1307, #1308 ) ;
#1307 = CARTESIAN_POINT ( 'NONE',  ( 1.750000000000000000, 16.60000000000000100, -11.25000000000000000 ) ) ;
#1308 = VECTOR ( 'NONE', #1310, 1000.000000000000000 ) ;
#1309 = EDGE_CURVE ( 'NONE', #2389, #1729, #2155, .T. ) ;
#1310 = DIRECTION ( 'NONE',  ( 0.0000000000000000000, -1.000000000000000000, 0.0000000000000000000 ) ) ;
#1311 = CARTESIAN_POINT ( 'NONE',  ( -5.150000000000000400, 0.9000000000000000200, 0.5999999999999999800 ) ) ;
#1312 = FACE_OUTER_BOUND ( 'NONE', #2271, .T. ) ;
#1313 = PLANE ( 'NONE',  #1314 ) ;
#1314 = AXIS2_PLACEMENT_3D ( 'NONE', #1315, #1316, #1317 ) ;
#1315 = CARTESIAN_POINT ( 'NONE',  ( -5.150000000000000400, 1.754400374531754900, -10.20000000000000100 ) ) ;
#1316 = DIRECTION ( 'NONE',  ( -1.000000000000000000, 0.0000000000000000000, 0.0000000000000000000 ) ) ;
#1317 = DIRECTION ( 'NONE',  ( 0.0000000000000000000, 0.0000000000000000000, 1.000000000000000000 ) ) ;
#1318 = LINE ( 'NONE', #1319, #1320 ) ;
#1319 = CARTESIAN_POINT ( 'NONE',  ( -5.150000000000000400, 0.9000000000000000200, 0.5999999999999999800 ) ) ;
#1320 = VECTOR ( 'NONE', #1321, 1000.000000000000000 ) ;
#1321 = DIRECTION ( 'NONE',  ( 0.0000000000000000000, 0.0000000000000000000, 1.000000000000000000 ) ) ;
#1322 = LINE ( 'NONE', #1323, #1324 ) ;
#1323 = CARTESIAN_POINT ( 'NONE',  ( -11.25000000000000000, 0.9000000000000000200, -3.100000000000000100 ) ) ;
#1324 = VECTOR ( 'NONE', #1325, 1000.000000000000000 ) ;
#1325 = DIRECTION ( 'NONE',  ( 1.000000000000000000, 0.0000000000000000000, 0.0000000000000000000 ) ) ;
#1326 = EDGE_LOOP ( 'NONE', ( #1783, #70, #558, #55, #193, #71, #79, #2451, #26, #2472, #448, #300, #2390, #343, #487, #122, #316, #549, #56, #1539 ) ) ;
#1327 = ORIENTED_EDGE ( 'NONE', *, *, #1397, .F. ) ;
#1328 = LINE ( 'NONE', #1329, #1330 ) ;
#1329 = CARTESIAN_POINT ( 'NONE',  ( 1.750000000000000000, 16.60000000000000100, -11.25000000000000000 ) ) ;
#1330 = VECTOR ( 'NONE', #1331, 1000.000000000000000 ) ;
#1331 = DIRECTION ( 'NONE',  ( -1.176653520526904000E-016, 0.0000000000000000000, -1.000000000000000000 ) ) ;
#1332 = FACE_OUTER_BOUND ( 'NONE', #78, .T. ) ;
#1333 = COLOUR_RGB ( '',0.9176470588235293700, 0.9058823529411764700, 0.7686274509803920900 ) ;
#1334 = FILL_AREA_STYLE_COLOUR ( '', #1333 ) ;
#1335 = FILL_AREA_STYLE ('',( #1334 ) ) ;
#1336 = SURFACE_STYLE_FILL_AREA ( #1335 ) ;
#1337 = SURFACE_SIDE_STYLE ('',( #1336 ) ) ;
#1338 = SURFACE_STYLE_USAGE ( .BOTH. , #1337 ) ;
#1339 = PRESENTATION_STYLE_ASSIGNMENT (( #1338 ) ) ;
#1340 = STYLED_ITEM ( 'NONE', ( #1339 ), #521 ) ;
#1341 = PRESENTATION_LAYER_ASSIGNMENT (  '', '', ( #1340 ) ) ;
#1342 = MECHANICAL_DESIGN_GEOMETRIC_PRESENTATION_REPRESENTATION (  '', ( #1340 ), #1347 ) ;
#1343 =( LENGTH_UNIT ( ) NAMED_UNIT ( * ) SI_UNIT ( .MILLI., .METRE. ) );
#1344 =( NAMED_UNIT ( * ) PLANE_ANGLE_UNIT ( ) SI_UNIT ( $, .RADIAN. ) );
#1345 =( NAMED_UNIT ( * ) SI_UNIT ( $, .STERADIAN. ) SOLID_ANGLE_UNIT ( ) );
#1346 = UNCERTAINTY_MEASURE_WITH_UNIT (LENGTH_MEASURE( 1.000000000000000100E-005 ), #1343, 'distance_accuracy_value', 'NONE');
#1347 =( GEOMETRIC_REPRESENTATION_CONTEXT ( 3 ) GLOBAL_UNCERTAINTY_ASSIGNED_CONTEXT ( ( #1346 ) ) GLOBAL_UNIT_ASSIGNED_CONTEXT ( ( #1343, #1344, #1345 ) ) REPRESENTATION_CONTEXT ( 'NONE', 'WORKASPACE' ) );
#1348 = PLANE ( 'NONE',  #1349 ) ;
#1349 = AXIS2_PLACEMENT_3D ( 'NONE', #1350, #1351, #1352 ) ;
#1350 = CARTESIAN_POINT ( 'NONE',  ( -11.10000000000000000, -1.033567762626084000E-015, -10.88000000000000100 ) ) ;
#1351 = DIRECTION ( 'NONE',  ( 0.0000000000000000000, 1.000000000000000000, 0.0000000000000000000 ) ) ;
#1352 = DIRECTION ( 'NONE',  ( 0.0000000000000000000, 0.0000000000000000000, 1.000000000000000000 ) ) ;
#1353 = CARTESIAN_POINT ( 'NONE',  ( -10.75000000000000000, -3.200000000000000200, -2.100000000000000100 ) ) ;
#1354 = LINE ( 'NONE', #1355, #1356 ) ;
#1355 = CARTESIAN_POINT ( 'NONE',  ( 1.750000000000000000, 16.60000000000000100, 1.649999999999999900 ) ) ;
#1356 = VECTOR ( 'NONE', #1357, 1000.000000000000000 ) ;
#1357 = DIRECTION ( 'NONE',  ( 0.0000000000000000000, -1.000000000000000000, 0.0000000000000000000 ) ) ;
#1358 = FACE_OUTER_BOUND ( 'NONE', #164, .T. ) ;
#1359 = COLOUR_RGB ( '',0.9176470588235293700, 0.9058823529411764700, 0.7686274509803920900 ) ;
#1360 = ORIENTED_EDGE ( 'NONE', *, *, #332, .T. ) ;
#1361 = FILL_AREA_STYLE_COLOUR ( '', #1359 ) ;
#1362 = FILL_AREA_STYLE ('',( #1361 ) ) ;
#1363 = SURFACE_STYLE_FILL_AREA ( #1362 ) ;
#1364 = SURFACE_SIDE_STYLE ('',( #1363 ) ) ;
#1365 = SURFACE_STYLE_USAGE ( .BOTH. , #1364 ) ;
#1366 = PRESENTATION_STYLE_ASSIGNMENT (( #1365 ) ) ;
#1367 = STYLED_ITEM ( 'NONE', ( #1366 ), #133 ) ;
#1368 = PRESENTATION_LAYER_ASSIGNMENT (  '', '', ( #1367 ) ) ;
#1369 = MECHANICAL_DESIGN_GEOMETRIC_PRESENTATION_REPRESENTATION (  '', ( #1367 ), #1374 ) ;
#1370 =( LENGTH_UNIT ( ) NAMED_UNIT ( * ) SI_UNIT ( .MILLI., .METRE. ) );
#1371 =( NAMED_UNIT ( * ) PLANE_ANGLE_UNIT ( ) SI_UNIT ( $, .RADIAN. ) );
#1372 =( NAMED_UNIT ( * ) SI_UNIT ( $, .STERADIAN. ) SOLID_ANGLE_UNIT ( ) );
#1373 = UNCERTAINTY_MEASURE_WITH_UNIT (LENGTH_MEASURE( 1.000000000000000100E-005 ), #1370, 'distance_accuracy_value', 'NONE');
#1374 =( GEOMETRIC_REPRESENTATION_CONTEXT ( 3 ) GLOBAL_UNCERTAINTY_ASSIGNED_CONTEXT ( ( #1373 ) ) GLOBAL_UNIT_ASSIGNED_CONTEXT ( ( #1370, #1371, #1372 ) ) REPRESENTATION_CONTEXT ( 'NONE', 'WORKASPACE' ) );
#1375 = PLANE ( 'NONE',  #1376 ) ;
#1376 = AXIS2_PLACEMENT_3D ( 'NONE', #1380, #1381, #1382 ) ;
#1377 = EDGE_LOOP ( 'NONE', ( #593, #376, #550, #268 ) ) ;
#1378 = ORIENTED_EDGE ( 'NONE', *, *, #111, .T. ) ;
#1379 = EDGE_CURVE ( 'NONE', #885, #397, #2179, .T. ) ;
#1380 = CARTESIAN_POINT ( 'NONE',  ( 0.4500000000000000100, 16.10000000000000100, -4.799999999999999800 ) ) ;
#1381 = DIRECTION ( 'NONE',  ( 0.0000000000000000000, 1.000000000000000000, 0.0000000000000000000 ) ) ;
#1382 = DIRECTION ( 'NONE',  ( 0.0000000000000000000, 0.0000000000000000000, 1.000000000000000000 ) ) ;
#1383 = CARTESIAN_POINT ( 'NONE',  ( -1.250000000000000000, -8.511014159065500300E-017, 1.649999999999999900 ) ) ;
#1384 = CARTESIAN_POINT ( 'NONE',  ( -0.5999999999999999800, -3.200000000000000200, -10.20000000000000100 ) ) ;
#1385 = LINE ( 'NONE', #1386, #1387 ) ;
#1386 = CARTESIAN_POINT ( 'NONE',  ( -11.25000000000000000, -3.200000000000000200, -7.500000000000000000 ) ) ;
#1387 = VECTOR ( 'NONE', #1388, 1000.000000000000000 ) ;
#1388 = DIRECTION ( 'NONE',  ( 0.0000000000000000000, 0.0000000000000000000, -1.000000000000000000 ) ) ;
#1389 = CARTESIAN_POINT ( 'NONE',  ( -13.15000000000000000, 16.60000000000000100, -11.25000000000000000 ) ) ;
#1390 = LINE ( 'NONE', #1391, #1392 ) ;
#1391 = CARTESIAN_POINT ( 'NONE',  ( -11.25000000000000000, 0.6999999999999999600, -2.100000000000000100 ) ) ;
#1392 = VECTOR ( 'NONE', #1393, 1000.000000000000000 ) ;
#1393 = DIRECTION ( 'NONE',  ( -1.000000000000000000, 0.0000000000000000000, 0.0000000000000000000 ) ) ;
#1394 = FACE_OUTER_BOUND ( 'NONE', #64, .T. ) ;
#1395 = PLANE ( 'NONE',  #1398 ) ;
#1396 = ORIENTED_EDGE ( 'NONE', *, *, #1521, .F. ) ;
#1397 = EDGE_CURVE ( 'NONE', #223, #349, #2184, .T. ) ;
#1398 = AXIS2_PLACEMENT_3D ( 'NONE', #1399, #1400, #1401 ) ;
#1399 = CARTESIAN_POINT ( 'NONE',  ( -4.850000000000000500, 1.754400374531754900, 0.5999999999999999800 ) ) ;
#1400 = DIRECTION ( 'NONE',  ( 7.228014483236720200E-016, 0.0000000000000000000, -1.000000000000000000 ) ) ;
#1401 = DIRECTION ( 'NONE',  ( -1.000000000000000000, 0.0000000000000000000, -7.228014483236720200E-016 ) ) ;
#1402 = LINE ( 'NONE', #1403, #1404 ) ;
#1403 = CARTESIAN_POINT ( 'NONE',  ( -11.10000000000000000, 0.9000000000000000200, 1.280000000000000000 ) ) ;
#1404 = VECTOR ( 'NONE', #1405, 1000.000000000000000 ) ;
#1405 = DIRECTION ( 'NONE',  ( -1.000000000000000000, 0.0000000000000000000, 0.0000000000000000000 ) ) ;
#1406 = LINE ( 'NONE', #1407, #1408 ) ;
#1407 = CARTESIAN_POINT ( 'NONE',  ( -10.75000000000000000, 1.754400374531754900, -2.100000000000000100 ) ) ;
#1408 = VECTOR ( 'NONE', #1409, 1000.000000000000000 ) ;
#1409 = DIRECTION ( 'NONE',  ( 0.0000000000000000000, -1.000000000000000000, 0.0000000000000000000 ) ) ;
#1410 = LINE ( 'NONE', #1411, #1412 ) ;
#1411 = CARTESIAN_POINT ( 'NONE',  ( -0.5999999999999999800, -3.200000000000000200, 0.5999999999999999800 ) ) ;
#1412 = VECTOR ( 'NONE', #1413, 1000.000000000000000 ) ;
#1413 = DIRECTION ( 'NONE',  ( 0.0000000000000000000, 0.0000000000000000000, 1.000000000000000000 ) ) ;
#1414 = ORIENTED_EDGE ( 'NONE', *, *, #269, .F. ) ;
#1415 = EDGE_CURVE ( 'NONE', #168, #83, #2213, .T. ) ;
#1416 = LINE ( 'NONE', #1417, #1418 ) ;
#1417 = CARTESIAN_POINT ( 'NONE',  ( -10.75000000000000000, 0.6999999999999999600, -7.500000000000000000 ) ) ;
#1418 = VECTOR ( 'NONE', #1419, 1000.000000000000000 ) ;
#1419 = DIRECTION ( 'NONE',  ( 1.734723475976805100E-015, 0.0000000000000000000, -1.000000000000000000 ) ) ;
#1420 = FACE_OUTER_BOUND ( 'NONE', #66, .T. ) ;
#1421 = COLOUR_RGB ( '',0.9176470588235293700, 0.9058823529411764700, 0.7686274509803920900 ) ;
#1422 = FILL_AREA_STYLE_COLOUR ( '', #1421 ) ;
#1423 = FILL_AREA_STYLE ('',( #1422 ) ) ;
#1424 = SURFACE_STYLE_FILL_AREA ( #1423 ) ;
#1425 = SURFACE_SIDE_STYLE ('',( #1424 ) ) ;
#1426 = SURFACE_STYLE_USAGE ( .BOTH. , #1425 ) ;
#1427 = PRESENTATION_STYLE_ASSIGNMENT (( #1426 ) ) ;
#1428 = STYLED_ITEM ( 'NONE', ( #1427 ), #142 ) ;
#1429 = PRESENTATION_LAYER_ASSIGNMENT (  '', '', ( #1428 ) ) ;
#1430 = MECHANICAL_DESIGN_GEOMETRIC_PRESENTATION_REPRESENTATION (  '', ( #1428 ), #1439 ) ;
#1431 =( LENGTH_UNIT ( ) NAMED_UNIT ( * ) SI_UNIT ( .MILLI., .METRE. ) );
#1432 = EDGE_CURVE ( 'NONE', #488, #84, #2227, .T. ) ;
#1433 = ORIENTED_EDGE ( 'NONE', *, *, #1575, .T. ) ;
#1434 = VERTEX_POINT ( 'NONE', #2237 ) ;
#1435 = ORIENTED_EDGE ( 'NONE', *, *, #15, .F. ) ;
#1436 =( NAMED_UNIT ( * ) PLANE_ANGLE_UNIT ( ) SI_UNIT ( $, .RADIAN. ) );
#1437 =( NAMED_UNIT ( * ) SI_UNIT ( $, .STERADIAN. ) SOLID_ANGLE_UNIT ( ) );
#1438 = UNCERTAINTY_MEASURE_WITH_UNIT (LENGTH_MEASURE( 1.000000000000000100E-005 ), #1431, 'distance_accuracy_value', 'NONE');
#1439 =( GEOMETRIC_REPRESENTATION_CONTEXT ( 3 ) GLOBAL_UNCERTAINTY_ASSIGNED_CONTEXT ( ( #1438 ) ) GLOBAL_UNIT_ASSIGNED_CONTEXT ( ( #1431, #1436, #1437 ) ) REPRESENTATION_CONTEXT ( 'NONE', 'WORKASPACE' ) );
#1440 = PLANE ( 'NONE',  #1441 ) ;
#1441 = AXIS2_PLACEMENT_3D ( 'NONE', #1442, #1443, #1444 ) ;
#1442 = CARTESIAN_POINT ( 'NONE',  ( -13.15000000000000000, 16.60000000000000100, -11.25000000000000000 ) ) ;
#1443 = DIRECTION ( 'NONE',  ( 0.0000000000000000000, 0.0000000000000000000, 1.000000000000000000 ) ) ;
#1444 = DIRECTION ( 'NONE',  ( 1.000000000000000000, 0.0000000000000000000, 0.0000000000000000000 ) ) ;
#1445 = LINE ( 'NONE', #1446, #1447 ) ;
#1446 = CARTESIAN_POINT ( 'NONE',  ( -11.25000000000000000, 0.6999999999999999600, -7.500000000000000000 ) ) ;
#1447 = VECTOR ( 'NONE', #1448, 1000.000000000000000 ) ;
#1448 = DIRECTION ( 'NONE',  ( 0.0000000000000000000, 0.0000000000000000000, 1.000000000000000000 ) ) ;
#1449 = CARTESIAN_POINT ( 'NONE',  ( -9.700000000000001100, 0.9000000000000000200, 1.649999999999999900 ) ) ;
#1450 = CARTESIAN_POINT ( 'NONE',  ( 0.4500000000000000700, 16.10000000000000100, -4.249999999999999100 ) ) ;
#1451 = LINE ( 'NONE', #1453, #1454 ) ;
#1452 = ORIENTED_EDGE ( 'NONE', *, *, #409, .F. ) ;
#1453 = CARTESIAN_POINT ( 'NONE',  ( -5.150000000000000400, 1.754400374531754900, -10.20000000000000100 ) ) ;
#1454 = VECTOR ( 'NONE', #1455, 1000.000000000000000 ) ;
#1455 = DIRECTION ( 'NONE',  ( 0.0000000000000000000, -1.000000000000000000, 0.0000000000000000000 ) ) ;
#1456 = FACE_OUTER_BOUND ( 'NONE', #575, .T. ) ;
#1457 = PLANE ( 'NONE',  #1458 ) ;
#1458 = AXIS2_PLACEMENT_3D ( 'NONE', #1459, #1460, #1461 ) ;
#1459 = CARTESIAN_POINT ( 'NONE',  ( -11.25000000000000000, 0.6999999999999999600, -6.500000000000000000 ) ) ;
#1460 = DIRECTION ( 'NONE',  ( 0.0000000000000000000, -1.000000000000000000, 0.0000000000000000000 ) ) ;
#1461 = DIRECTION ( 'NONE',  ( 0.0000000000000000000, 0.0000000000000000000, 1.000000000000000000 ) ) ;
#1462 = LINE ( 'NONE', #1463, #1464 ) ;
#1463 = CARTESIAN_POINT ( 'NONE',  ( -0.5999999999999999800, -3.200000000000000200, -0.5999999999999999800 ) ) ;
#1464 = VECTOR ( 'NONE', #1465, 1000.000000000000000 ) ;
#1465 = DIRECTION ( 'NONE',  ( -1.000000000000000000, 0.0000000000000000000, 0.0000000000000000000 ) ) ;
#1466 = CIRCLE ( 'NONE', #1467, 0.2500000000000002200 ) ;
#1467 = AXIS2_PLACEMENT_3D ( 'NONE', #1468, #1471, #1472 ) ;
#1468 = CARTESIAN_POINT ( 'NONE',  ( 0.4500000000000000100, 16.10000000000000100, -4.799999999999999800 ) ) ;
#1469 = ORIENTED_EDGE ( 'NONE', *, *, #246, .F. ) ;
#1470 = ORIENTED_EDGE ( 'NONE', *, *, #445, .T. ) ;
#1471 = DIRECTION ( 'NONE',  ( 0.0000000000000000000, -1.000000000000000000, 0.0000000000000000000 ) ) ;
#1472 = DIRECTION ( 'NONE',  ( 0.0000000000000000000, 0.0000000000000000000, 1.000000000000000000 ) ) ;
#1473 = FACE_OUTER_BOUND ( 'NONE', #350, .T. ) ;
#1474 = PLANE ( 'NONE',  #1475 ) ;
#1475 = AXIS2_PLACEMENT_3D ( 'NONE', #1476, #1477, #1478 ) ;
#1476 = CARTESIAN_POINT ( 'NONE',  ( 0.5999999999999999800, 2.597056274847715100, -10.20000000000000100 ) ) ;
#1477 = DIRECTION ( 'NONE',  ( 1.000000000000000000, 0.0000000000000000000, 0.0000000000000000000 ) ) ;
#1478 = DIRECTION ( 'NONE',  ( 0.0000000000000000000, 0.0000000000000000000, -1.000000000000000000 ) ) ;
#1479 = FACE_BOUND ( 'NONE', #150, .T. ) ;
#1480 = FACE_BOUND ( 'NONE', #341, .T. ) ;
#1481 = FACE_BOUND ( 'NONE', #241, .T. ) ;
#1482 = FACE_BOUND ( 'NONE', #2469, .T. ) ;
#1483 = FACE_OUTER_BOUND ( 'NONE', #1326, .T. ) ;
#1484 = FACE_BOUND ( 'NONE', #196, .T. ) ;
#1485 = FACE_BOUND ( 'NONE', #629, .T. ) ;
#1486 = COLOUR_RGB ( '',0.9176470588235293700, 0.9058823529411764700, 0.7686274509803920900 ) ;
#1487 = ORIENTED_EDGE ( 'NONE', *, *, #976, .T. ) ;
#1488 = EDGE_LOOP ( 'NONE', ( #474, #1593, #2001, #215 ) ) ;
#1489 = FILL_AREA_STYLE_COLOUR ( '', #1486 ) ;
#1490 = FILL_AREA_STYLE ('',( #1489 ) ) ;
#1491 = SURFACE_STYLE_FILL_AREA ( #1490 ) ;
#1492 = SURFACE_SIDE_STYLE ('',( #1491 ) ) ;
#1493 = SURFACE_STYLE_USAGE ( .BOTH. , #1492 ) ;
#1494 = PRESENTATION_STYLE_ASSIGNMENT (( #1493 ) ) ;
#1495 = STYLED_ITEM ( 'NONE', ( #1494 ), #152 ) ;
#1496 = PRESENTATION_LAYER_ASSIGNMENT (  '', '', ( #1495 ) ) ;
#1497 = MECHANICAL_DESIGN_GEOMETRIC_PRESENTATION_REPRESENTATION (  '', ( #1495 ), #1502 ) ;
#1498 =( LENGTH_UNIT ( ) NAMED_UNIT ( * ) SI_UNIT ( .MILLI., .METRE. ) );
#1499 =( NAMED_UNIT ( * ) PLANE_ANGLE_UNIT ( ) SI_UNIT ( $, .RADIAN. ) );
#1500 =( NAMED_UNIT ( * ) SI_UNIT ( $, .STERADIAN. ) SOLID_ANGLE_UNIT ( ) );
#1501 = UNCERTAINTY_MEASURE_WITH_UNIT (LENGTH_MEASURE( 1.000000000000000100E-005 ), #1498, 'distance_accuracy_value', 'NONE');
#1502 =( GEOMETRIC_REPRESENTATION_CONTEXT ( 3 ) GLOBAL_UNCERTAINTY_ASSIGNED_CONTEXT ( ( #1501 ) ) GLOBAL_UNIT_ASSIGNED_CONTEXT ( ( #1498, #1499, #1500 ) ) REPRESENTATION_CONTEXT ( 'NONE', 'WORKASPACE' ) );
#1503 = PLANE ( 'NONE',  #1504 ) ;
#1504 = AXIS2_PLACEMENT_3D ( 'NONE', #1505, #1506, #1507 ) ;
#1505 = CARTESIAN_POINT ( 'NONE',  ( -13.15000000000000000, 0.9000000000000000200, 1.649999999999999900 ) ) ;
#1506 = DIRECTION ( 'NONE',  ( 0.0000000000000000000, 1.000000000000000000, 0.0000000000000000000 ) ) ;
#1507 = DIRECTION ( 'NONE',  ( 0.0000000000000000000, 0.0000000000000000000, 1.000000000000000000 ) ) ;
#1508 = LINE ( 'NONE', #1509, #1510 ) ;
#1509 = CARTESIAN_POINT ( 'NONE',  ( -11.10000000000000000, -1.033567762626084000E-015, 1.649999999999999900 ) ) ;
#1510 = VECTOR ( 'NONE', #1511, 1000.000000000000000 ) ;
#1511 = DIRECTION ( 'NONE',  ( 1.000000000000000000, 0.0000000000000000000, 0.0000000000000000000 ) ) ;
#1512 = FACE_OUTER_BOUND ( 'NONE', #278, .T. ) ;
#1513 = COLOUR_RGB ( '',0.9176470588235293700, 0.9058823529411764700, 0.7686274509803920900 ) ;
#1514 = FILL_AREA_STYLE_COLOUR ( '', #1513 ) ;
#1515 = FILL_AREA_STYLE ('',( #1514 ) ) ;
#1516 = SURFACE_STYLE_FILL_AREA ( #1515 ) ;
#1517 = SURFACE_SIDE_STYLE ('',( #1516 ) ) ;
#1518 = SURFACE_STYLE_USAGE ( .BOTH. , #1517 ) ;
#1519 = PRESENTATION_STYLE_ASSIGNMENT (( #1518 ) ) ;
#1520 = STYLED_ITEM ( 'NONE', ( #1519 ), #539 ) ;
#1521 = EDGE_CURVE ( 'NONE', #179, #696, #2245, .T. ) ;
#1522 = PRESENTATION_LAYER_ASSIGNMENT (  '', '', ( #1520 ) ) ;
#1523 = MECHANICAL_DESIGN_GEOMETRIC_PRESENTATION_REPRESENTATION (  '', ( #1520 ), #1528 ) ;
#1524 =( LENGTH_UNIT ( ) NAMED_UNIT ( * ) SI_UNIT ( .MILLI., .METRE. ) );
#1525 =( NAMED_UNIT ( * ) PLANE_ANGLE_UNIT ( ) SI_UNIT ( $, .RADIAN. ) );
#1526 =( NAMED_UNIT ( * ) SI_UNIT ( $, .STERADIAN. ) SOLID_ANGLE_UNIT ( ) );
#1527 = UNCERTAINTY_MEASURE_WITH_UNIT (LENGTH_MEASURE( 1.000000000000000100E-005 ), #1524, 'distance_accuracy_value', 'NONE');
#1528 =( GEOMETRIC_REPRESENTATION_CONTEXT ( 3 ) GLOBAL_UNCERTAINTY_ASSIGNED_CONTEXT ( ( #1527 ) ) GLOBAL_UNIT_ASSIGNED_CONTEXT ( ( #1524, #1525, #1526 ) ) REPRESENTATION_CONTEXT ( 'NONE', 'WORKASPACE' ) );
#1529 = CYLINDRICAL_SURFACE ( 'NONE', #1530, 1.149999999999999900 ) ;
#1530 = AXIS2_PLACEMENT_3D ( 'NONE', #1531, #1532, #1533 ) ;
#1531 = CARTESIAN_POINT ( 'NONE',  ( 0.4500000000000000100, 16.10000000000000100, -4.799999999999999800 ) ) ;
#1532 = DIRECTION ( 'NONE',  ( 0.0000000000000000000, 1.000000000000000000, 0.0000000000000000000 ) ) ;
#1533 = DIRECTION ( 'NONE',  ( 0.0000000000000000000, 0.0000000000000000000, 1.000000000000000000 ) ) ;
#1534 = LINE ( 'NONE', #1535, #1536 ) ;
#1535 = CARTESIAN_POINT ( 'NONE',  ( 0.4500000000000000700, 15.39289321881345000, -5.049999999999999800 ) ) ;
#1536 = VECTOR ( 'NONE', #1537, 1000.000000000000000 ) ;
#1537 = DIRECTION ( 'NONE',  ( 0.0000000000000000000, 1.000000000000000000, 0.0000000000000000000 ) ) ;
#1538 = EDGE_CURVE ( 'NONE', #50, #11, #2250, .T. ) ;
#1539 = ORIENTED_EDGE ( 'NONE', *, *, #1241, .F. ) ;
#1540 = ADVANCED_FACE ( 'NONE', ( #2255 ), #2256, .T. ) ;
#1541 = LINE ( 'NONE', #1542, #1543 ) ;
#1542 = CARTESIAN_POINT ( 'NONE',  ( -0.5999999999999999800, 2.597056274847715100, 0.5999999999999999800 ) ) ;
#1543 = VECTOR ( 'NONE', #1544, 1000.000000000000000 ) ;
#1544 = DIRECTION ( 'NONE',  ( 0.0000000000000000000, -1.000000000000000000, 0.0000000000000000000 ) ) ;
#1545 = LINE ( 'NONE', #1546, #1547 ) ;
#1546 = CARTESIAN_POINT ( 'NONE',  ( 0.4500000000000000100, 16.60000000000000100, -3.649999999999999900 ) ) ;
#1547 = VECTOR ( 'NONE', #1548, 1000.000000000000000 ) ;
#1548 = DIRECTION ( 'NONE',  ( 1.000000000000000000, 0.0000000000000000000, 0.0000000000000000000 ) ) ;
#1549 = LINE ( 'NONE', #1550, #1551 ) ;
#1550 = CARTESIAN_POINT ( 'NONE',  ( -11.25000000000000000, 1.754400374531754900, -7.500000000000000000 ) ) ;
#1551 = VECTOR ( 'NONE', #1552, 1000.000000000000000 ) ;
#1552 = DIRECTION ( 'NONE',  ( 0.0000000000000000000, -1.000000000000000000, 0.0000000000000000000 ) ) ;
#1553 = LINE ( 'NONE', #1554, #1555 ) ;
#1554 = CARTESIAN_POINT ( 'NONE',  ( -2.649999999999999900, 0.9000000000000000200, -11.25000000000000000 ) ) ;
#1555 = VECTOR ( 'NONE', #1556, 1000.000000000000000 ) ;
#1556 = DIRECTION ( 'NONE',  ( 0.0000000000000000000, -1.000000000000000000, 0.0000000000000000000 ) ) ;
#1557 = VERTEX_POINT ( 'NONE', #2261 ) ;
#1558 = ORIENTED_EDGE ( 'NONE', *, *, #431, .T. ) ;
#1559 = CIRCLE ( 'NONE', #1560, 1.149999999999999900 ) ;
#1560 = AXIS2_PLACEMENT_3D ( 'NONE', #1561, #1562, #1563 ) ;
#1561 = CARTESIAN_POINT ( 'NONE',  ( 0.4500000000000000100, 16.60000000000000100, -4.799999999999999800 ) ) ;
#1562 = DIRECTION ( 'NONE',  ( 0.0000000000000000000, 1.000000000000000000, 0.0000000000000000000 ) ) ;
#1563 = DIRECTION ( 'NONE',  ( 0.0000000000000000000, 0.0000000000000000000, 1.000000000000000000 ) ) ;
#1564 = CARTESIAN_POINT ( 'NONE',  ( -10.75000000000000000, 0.6999999999999999600, -7.500000000000000000 ) ) ;
#1565 = CIRCLE ( 'NONE', #1566, 0.2500000000000002200 ) ;
#1566 = AXIS2_PLACEMENT_3D ( 'NONE', #1567, #1568, #1569 ) ;
#1567 = CARTESIAN_POINT ( 'NONE',  ( 0.4500000000000000100, 16.60000000000000100, -4.799999999999999800 ) ) ;
#1568 = DIRECTION ( 'NONE',  ( 0.0000000000000000000, 1.000000000000000000, 0.0000000000000000000 ) ) ;
#1569 = DIRECTION ( 'NONE',  ( 0.0000000000000000000, 0.0000000000000000000, 1.000000000000000000 ) ) ;
#1570 = FACE_OUTER_BOUND ( 'NONE', #232, .T. ) ;
#1571 = PLANE ( 'NONE',  #1572 ) ;
#1572 = AXIS2_PLACEMENT_3D ( 'NONE', #1573, #1574, #1577 ) ;
#1573 = CARTESIAN_POINT ( 'NONE',  ( -4.850000000000000500, 1.754400374531754900, 0.5999999999999999800 ) ) ;
#1574 = DIRECTION ( 'NONE',  ( -1.000000000000000000, 0.0000000000000000000, -1.084202172485504000E-015 ) ) ;
#1575 = EDGE_CURVE ( 'NONE', #542, #1782, #2263, .T. ) ;
#1576 = ORIENTED_EDGE ( 'NONE', *, *, #45, .T. ) ;
#1577 = DIRECTION ( 'NONE',  ( -1.084202172485504000E-015, 0.0000000000000000000, 1.000000000000000000 ) ) ;
#1578 = CARTESIAN_POINT ( 'NONE',  ( 0.5999999999999999800, -3.200000000000000200, 0.5999999999999999800 ) ) ;
#1579 = CARTESIAN_POINT ( 'NONE',  ( -11.25000000000000000, 0.9000000000000000200, -6.500000000000000000 ) ) ;
#1580 = LINE ( 'NONE', #1581, #1582 ) ;
#1581 = CARTESIAN_POINT ( 'NONE',  ( -1.250000000000000000, -8.511014159065500300E-017, -10.88000000000000100 ) ) ;
#1582 = VECTOR ( 'NONE', #1583, 1000.000000000000000 ) ;
#1583 = DIRECTION ( 'NONE',  ( 0.0000000000000000000, 0.0000000000000000000, -1.000000000000000000 ) ) ;
#1584 = LINE ( 'NONE', #1585, #1586 ) ;
#1585 = CARTESIAN_POINT ( 'NONE',  ( -11.10000000000000000, -1.033567762626084000E-015, -11.25000000000000000 ) ) ;
#1586 = VECTOR ( 'NONE', #1587, 1000.000000000000000 ) ;
#1587 = DIRECTION ( 'NONE',  ( 1.000000000000000000, 0.0000000000000000000, 0.0000000000000000000 ) ) ;
#1588 = CARTESIAN_POINT ( 'NONE',  ( -10.75000000000000000, 0.6999999999999999600, -2.100000000000000100 ) ) ;
#1589 = LINE ( 'NONE', #1590, #1591 ) ;
#1590 = CARTESIAN_POINT ( 'NONE',  ( -2.649999999999999900, 0.9000000000000000200, -10.88000000000000100 ) ) ;
#1591 = VECTOR ( 'NONE', #1592, 1000.000000000000000 ) ;
#1592 = DIRECTION ( 'NONE',  ( 0.0000000000000000000, -1.000000000000000000, 0.0000000000000000000 ) ) ;
#1593 = ORIENTED_EDGE ( 'NONE', *, *, #362, .T. ) ;
#1594 = LINE ( 'NONE', #1595, #1596 ) ;
#1595 = CARTESIAN_POINT ( 'NONE',  ( -0.5999999999999999800, 2.597056274847715100, -9.000000000000000000 ) ) ;
#1596 = VECTOR ( 'NONE', #1597, 1000.000000000000000 ) ;
#1597 = DIRECTION ( 'NONE',  ( 0.0000000000000000000, -1.000000000000000000, 0.0000000000000000000 ) ) ;
#1598 = CARTESIAN_POINT ( 'NONE',  ( -0.5999999999999999800, -3.200000000000000200, 0.5999999999999999800 ) ) ;
#1599 = LINE ( 'NONE', #1600, #1601 ) ;
#1600 = CARTESIAN_POINT ( 'NONE',  ( -13.15000000000000000, 0.9000000000000000200, -11.25000000000000000 ) ) ;
#1601 = VECTOR ( 'NONE', #1602, 1000.000000000000000 ) ;
#1602 = DIRECTION ( 'NONE',  ( -1.000000000000000000, 0.0000000000000000000, 0.0000000000000000000 ) ) ;
#1603 = FACE_OUTER_BOUND ( 'NONE', #1224, .T. ) ;
#1604 = COLOUR_RGB ( '',0.9176470588235293700, 0.9058823529411764700, 0.7686274509803920900 ) ;
#1605 = FILL_AREA_STYLE_COLOUR ( '', #1604 ) ;
#1606 = FILL_AREA_STYLE ('',( #1605 ) ) ;
#1607 = SURFACE_STYLE_FILL_AREA ( #1606 ) ;
#1608 = SURFACE_SIDE_STYLE ('',( #1607 ) ) ;
#1609 = SURFACE_STYLE_USAGE ( .BOTH. , #1608 ) ;
#1610 = PRESENTATION_STYLE_ASSIGNMENT (( #1609 ) ) ;
#1611 = STYLED_ITEM ( 'NONE', ( #1610 ), #340 ) ;
#1612 = PRESENTATION_LAYER_ASSIGNMENT (  '', '', ( #1611 ) ) ;
#1613 = MECHANICAL_DESIGN_GEOMETRIC_PRESENTATION_REPRESENTATION (  '', ( #1611 ), #1618 ) ;
#1614 =( LENGTH_UNIT ( ) NAMED_UNIT ( * ) SI_UNIT ( .MILLI., .METRE. ) );
#1615 =( NAMED_UNIT ( * ) PLANE_ANGLE_UNIT ( ) SI_UNIT ( $, .RADIAN. ) );
#1616 =( NAMED_UNIT ( * ) SI_UNIT ( $, .STERADIAN. ) SOLID_ANGLE_UNIT ( ) );
#1617 = UNCERTAINTY_MEASURE_WITH_UNIT (LENGTH_MEASURE( 1.000000000000000100E-005 ), #1614, 'distance_accuracy_value', 'NONE');
#1618 =( GEOMETRIC_REPRESENTATION_CONTEXT ( 3 ) GLOBAL_UNCERTAINTY_ASSIGNED_CONTEXT ( ( #1617 ) ) GLOBAL_UNIT_ASSIGNED_CONTEXT ( ( #1614, #1615, #1616 ) ) REPRESENTATION_CONTEXT ( 'NONE', 'WORKASPACE' ) );
#1619 = PLANE ( 'NONE',  #1620 ) ;
#1620 = AXIS2_PLACEMENT_3D ( 'NONE', #1621, #1622, #1623 ) ;
#1621 = CARTESIAN_POINT ( 'NONE',  ( -1.250000000000000000, -8.511014159065500300E-017, -10.88000000000000100 ) ) ;
#1622 = DIRECTION ( 'NONE',  ( 0.0000000000000000000, 1.000000000000000000, 0.0000000000000000000 ) ) ;
#1623 = DIRECTION ( 'NONE',  ( 0.0000000000000000000, 0.0000000000000000000, 1.000000000000000000 ) ) ;
#1624 = LINE ( 'NONE', #1625, #1626 ) ;
#1625 = CARTESIAN_POINT ( 'NONE',  ( -11.25000000000000000, 0.6999999999999999600, -7.500000000000000000 ) ) ;
#1626 = VECTOR ( 'NONE', #1627, 1000.000000000000000 ) ;
#1627 = DIRECTION ( 'NONE',  ( -1.000000000000000000, 0.0000000000000000000, 0.0000000000000000000 ) ) ;
#1628 = CARTESIAN_POINT ( 'NONE',  ( -11.25000000000000000, 0.6999999999999999600, -6.500000000000000000 ) ) ;
#1629 = LINE ( 'NONE', #1630, #1631 ) ;
#1630 = CARTESIAN_POINT ( 'NONE',  ( -11.10000000000000000, 0.9000000000000000200, 1.649999999999999900 ) ) ;
#1631 = VECTOR ( 'NONE', #1632, 1000.000000000000000 ) ;
#1632 = DIRECTION ( 'NONE',  ( 0.0000000000000000000, -1.000000000000000000, 0.0000000000000000000 ) ) ;
#1633 = LINE ( 'NONE', #1634, #1635 ) ;
#1634 = CARTESIAN_POINT ( 'NONE',  ( -4.850000000000000500, -3.200000000000000200, 0.5999999999999999800 ) ) ;
#1635 = VECTOR ( 'NONE', #1636, 1000.000000000000000 ) ;
#1636 = DIRECTION ( 'NONE',  ( 1.084202172485504000E-015, 0.0000000000000000000, -1.000000000000000000 ) ) ;
#1637 = LINE ( 'NONE', #1638, #1639 ) ;
#1638 = CARTESIAN_POINT ( 'NONE',  ( -0.5999999999999999800, 0.9000000000000000200, -0.5999999999999999800 ) ) ;
#1639 = VECTOR ( 'NONE', #1640, 1000.000000000000000 ) ;
#1640 = DIRECTION ( 'NONE',  ( -1.000000000000000000, 0.0000000000000000000, 0.0000000000000000000 ) ) ;
#1641 = FACE_OUTER_BOUND ( 'NONE', #210, .T. ) ;
#1642 = PLANE ( 'NONE',  #1643 ) ;
#1643 = AXIS2_PLACEMENT_3D ( 'NONE', #1644, #1645, #1646 ) ;
#1644 = CARTESIAN_POINT ( 'NONE',  ( 0.5999999999999999800, 2.597056274847715100, 0.5999999999999999800 ) ) ;
#1645 = DIRECTION ( 'NONE',  ( -1.000000000000000000, 0.0000000000000000000, 0.0000000000000000000 ) ) ;
#1646 = DIRECTION ( 'NONE',  ( 0.0000000000000000000, 0.0000000000000000000, 1.000000000000000000 ) ) ;
#1647 = LINE ( 'NONE', #1648, #1649 ) ;
#1648 = CARTESIAN_POINT ( 'NONE',  ( 0.5999999999999999800, -3.200000000000000200, -10.20000000000000100 ) ) ;
#1649 = VECTOR ( 'NONE', #1650, 1000.000000000000000 ) ;
#1650 = DIRECTION ( 'NONE',  ( 0.0000000000000000000, 0.0000000000000000000, 1.000000000000000000 ) ) ;
#1651 = CARTESIAN_POINT ( 'NONE',  ( -11.25000000000000000, 0.6999999999999999600, -7.500000000000000000 ) ) ;
#1652 = CARTESIAN_POINT ( 'NONE',  ( -5.150000000000000400, 0.9000000000000000200, -0.2000000000000000100 ) ) ;
#1653 = CARTESIAN_POINT ( 'NONE',  ( -10.75000000000000000, 0.9000000000000000200, -9.099999999999999600 ) ) ;
#1654 = CARTESIAN_POINT ( 'NONE',  ( -5.150000000000000400, -3.200000000000000200, -10.20000000000000100 ) ) ;
#1655 = CARTESIAN_POINT ( 'NONE',  ( 0.5999999999999999800, 0.9000000000000000200, -10.20000000000000100 ) ) ;
#1656 = CARTESIAN_POINT ( 'NONE',  ( 1.750000000000000000, 16.10000000000000100, -5.950000000000000200 ) ) ;
#1657 = LINE ( 'NONE', #1662, #1663 ) ;
#1658 = ORIENTED_EDGE ( 'NONE', *, *, #17, .F. ) ;
#1659 = ADVANCED_FACE ( 'NONE', ( #2310 ), #2327, .T. ) ;
#1660 = ADVANCED_FACE ( 'NONE', ( #2332 ), #2333, .T. ) ;
#1661 = ADVANCED_FACE ( 'NONE', ( #2339 ), #2340, .F. ) ;
#1662 = CARTESIAN_POINT ( 'NONE',  ( -11.25000000000000000, 0.9000000000000000200, -9.099999999999999600 ) ) ;
#1663 = VECTOR ( 'NONE', #1664, 1000.000000000000000 ) ;
#1664 = DIRECTION ( 'NONE',  ( 1.000000000000000000, 0.0000000000000000000, 2.168404344971020200E-016 ) ) ;
#1665 = LINE ( 'NONE', #1666, #1667 ) ;
#1666 = CARTESIAN_POINT ( 'NONE',  ( -2.649999999999999900, -8.511014159065500300E-017, -10.88000000000000100 ) ) ;
#1667 = VECTOR ( 'NONE', #1668, 1000.000000000000000 ) ;
#1668 = DIRECTION ( 'NONE',  ( 0.0000000000000000000, 0.0000000000000000000, -1.000000000000000000 ) ) ;
#1669 = CARTESIAN_POINT ( 'NONE',  ( 0.4500000000000000100, 16.60000000000000100, -3.649999999999999900 ) ) ;
#1670 = CARTESIAN_POINT ( 'NONE',  ( -2.649999999999999900, 0.9000000000000000200, 1.280000000000000000 ) ) ;
#1671 = CARTESIAN_POINT ( 'NONE',  ( 0.5999999999999999800, 0.9000000000000000200, -9.000000000000000000 ) ) ;
#1672 = CARTESIAN_POINT ( 'NONE',  ( 0.4500000000000000100, 16.60000000000000100, -5.349999999999999600 ) ) ;
#1673 = CARTESIAN_POINT ( 'NONE',  ( -4.850000000000000500, -3.200000000000000200, -0.2000000000000000100 ) ) ;
#1674 = CIRCLE ( 'NONE', #1675, 0.2500000000000002200 ) ;
#1675 = AXIS2_PLACEMENT_3D ( 'NONE', #1676, #1677, #1679 ) ;
#1676 = CARTESIAN_POINT ( 'NONE',  ( 0.4500000000000000100, 16.10000000000000100, -4.799999999999999800 ) ) ;
#1677 = DIRECTION ( 'NONE',  ( 0.0000000000000000000, -1.000000000000000000, 0.0000000000000000000 ) ) ;
#1678 = ORIENTED_EDGE ( 'NONE', *, *, #1027, .T. ) ;
#1679 = DIRECTION ( 'NONE',  ( 0.0000000000000000000, 0.0000000000000000000, 1.000000000000000000 ) ) ;
#1680 = CARTESIAN_POINT ( 'NONE',  ( -10.75000000000000000, -3.200000000000000200, -7.500000000000000000 ) ) ;
#1681 = FACE_OUTER_BOUND ( 'NONE', #205, .T. ) ;
#1682 = PLANE ( 'NONE',  #1683 ) ;
#1683 = AXIS2_PLACEMENT_3D ( 'NONE', #1684, #1685, #1686 ) ;
#1684 = CARTESIAN_POINT ( 'NONE',  ( -0.5999999999999999800, -3.200000000000000200, -0.5999999999999999800 ) ) ;
#1685 = DIRECTION ( 'NONE',  ( 0.0000000000000000000, -1.000000000000000000, 0.0000000000000000000 ) ) ;
#1686 = DIRECTION ( 'NONE',  ( 0.0000000000000000000, 0.0000000000000000000, -1.000000000000000000 ) ) ;
#1687 = CARTESIAN_POINT ( 'NONE',  ( -11.10000000000000000, -1.033567762626084000E-015, -11.25000000000000000 ) ) ;
#1688 = LINE ( 'NONE', #1689, #1690 ) ;
#1689 = CARTESIAN_POINT ( 'NONE',  ( -11.25000000000000000, 1.754400374531754900, -9.099999999999999600 ) ) ;
#1690 = VECTOR ( 'NONE', #1691, 1000.000000000000000 ) ;
#1691 = DIRECTION ( 'NONE',  ( 0.0000000000000000000, -1.000000000000000000, 0.0000000000000000000 ) ) ;
#1692 = CARTESIAN_POINT ( 'NONE',  ( -9.700000000000001100, 0.9000000000000000200, -11.25000000000000000 ) ) ;
#1693 = FACE_OUTER_BOUND ( 'NONE', #2455, .T. ) ;
#1694 = COLOUR_RGB ( '',0.9176470588235293700, 0.9058823529411764700, 0.7686274509803920900 ) ;
#1695 = FILL_AREA_STYLE_COLOUR ( '', #1694 ) ;
#1696 = FILL_AREA_STYLE ('',( #1695 ) ) ;
#1697 = SURFACE_STYLE_FILL_AREA ( #1696 ) ;
#1698 = SURFACE_SIDE_STYLE ('',( #1697 ) ) ;
#1699 = SURFACE_STYLE_USAGE ( .BOTH. , #1698 ) ;
#1700 = PRESENTATION_STYLE_ASSIGNMENT (( #1699 ) ) ;
#1701 = STYLED_ITEM ( 'NONE', ( #1700 ), #354 ) ;
#1702 = PRESENTATION_LAYER_ASSIGNMENT (  '', '', ( #1701 ) ) ;
#1703 = MECHANICAL_DESIGN_GEOMETRIC_PRESENTATION_REPRESENTATION (  '', ( #1701 ), #1708 ) ;
#1704 =( LENGTH_UNIT ( ) NAMED_UNIT ( * ) SI_UNIT ( .MILLI., .METRE. ) );
#1705 =( NAMED_UNIT ( * ) PLANE_ANGLE_UNIT ( ) SI_UNIT ( $, .RADIAN. ) );
#1706 =( NAMED_UNIT ( * ) SI_UNIT ( $, .STERADIAN. ) SOLID_ANGLE_UNIT ( ) );
#1707 = UNCERTAINTY_MEASURE_WITH_UNIT (LENGTH_MEASURE( 1.000000000000000100E-005 ), #1704, 'distance_accuracy_value', 'NONE');
#1708 =( GEOMETRIC_REPRESENTATION_CONTEXT ( 3 ) GLOBAL_UNCERTAINTY_ASSIGNED_CONTEXT ( ( #1707 ) ) GLOBAL_UNIT_ASSIGNED_CONTEXT ( ( #1704, #1705, #1706 ) ) REPRESENTATION_CONTEXT ( 'NONE', 'WORKASPACE' ) );
#1709 = CYLINDRICAL_SURFACE ( 'NONE', #1710, 0.2500000000000002200 ) ;
#1710 = AXIS2_PLACEMENT_3D ( 'NONE', #1712, #1713, #1714 ) ;
#1711 = VERTEX_POINT ( 'NONE', #2357 ) ;
#1712 = CARTESIAN_POINT ( 'NONE',  ( 0.4500000000000000100, 15.39289321881345000, -4.799999999999999800 ) ) ;
#1713 = DIRECTION ( 'NONE',  ( 0.0000000000000000000, 1.000000000000000000, 0.0000000000000000000 ) ) ;
#1714 = DIRECTION ( 'NONE',  ( 0.0000000000000000000, 0.0000000000000000000, 1.000000000000000000 ) ) ;
#1715 = LINE ( 'NONE', #1716, #1717 ) ;
#1716 = CARTESIAN_POINT ( 'NONE',  ( -13.15000000000000000, 16.60000000000000100, 1.649999999999999900 ) ) ;
#1717 = VECTOR ( 'NONE', #1718, 1000.000000000000000 ) ;
#1718 = DIRECTION ( 'NONE',  ( 1.000000000000000000, 0.0000000000000000000, 0.0000000000000000000 ) ) ;
#1719 = LINE ( 'NONE', #1720, #1721 ) ;
#1720 = CARTESIAN_POINT ( 'NONE',  ( -4.850000000000000500, 0.9000000000000000200, -10.20000000000000100 ) ) ;
#1721 = VECTOR ( 'NONE', #1722, 1000.000000000000000 ) ;
#1722 = DIRECTION ( 'NONE',  ( 1.084202172485504000E-015, 0.0000000000000000000, 1.000000000000000000 ) ) ;
#1723 = FACE_OUTER_BOUND ( 'NONE', #358, .T. ) ;
#1724 = COLOUR_RGB ( '',0.9176470588235293700, 0.9058823529411764700, 0.7686274509803920900 ) ;
#1725 = FILL_AREA_STYLE_COLOUR ( '', #1724 ) ;
#1726 = FILL_AREA_STYLE ('',( #1725 ) ) ;
#1727 = SURFACE_STYLE_FILL_AREA ( #1726 ) ;
#1728 = VERTEX_POINT ( 'NONE', #2358 ) ;
#1729 = VERTEX_POINT ( 'NONE', #2359 ) ;
#1730 = SURFACE_SIDE_STYLE ('',( #1727 ) ) ;
#1731 = SURFACE_STYLE_USAGE ( .BOTH. , #1730 ) ;
#1732 = PRESENTATION_STYLE_ASSIGNMENT (( #1731 ) ) ;
#1733 = STYLED_ITEM ( 'NONE', ( #1732 ), #355 ) ;
#1734 = PRESENTATION_LAYER_ASSIGNMENT (  '', '', ( #1733 ) ) ;
#1735 = MECHANICAL_DESIGN_GEOMETRIC_PRESENTATION_REPRESENTATION (  '', ( #1733 ), #1740 ) ;
#1736 =( LENGTH_UNIT ( ) NAMED_UNIT ( * ) SI_UNIT ( .MILLI., .METRE. ) );
#1737 =( NAMED_UNIT ( * ) PLANE_ANGLE_UNIT ( ) SI_UNIT ( $, .RADIAN. ) );
#1738 =( NAMED_UNIT ( * ) SI_UNIT ( $, .STERADIAN. ) SOLID_ANGLE_UNIT ( ) );
#1739 = UNCERTAINTY_MEASURE_WITH_UNIT (LENGTH_MEASURE( 1.000000000000000100E-005 ), #1736, 'distance_accuracy_value', 'NONE');
#1740 =( GEOMETRIC_REPRESENTATION_CONTEXT ( 3 ) GLOBAL_UNCERTAINTY_ASSIGNED_CONTEXT ( ( #1739 ) ) GLOBAL_UNIT_ASSIGNED_CONTEXT ( ( #1736, #1737, #1738 ) ) REPRESENTATION_CONTEXT ( 'NONE', 'WORKASPACE' ) );
#1741 = CYLINDRICAL_SURFACE ( 'NONE', #1742, 0.5500000000000001600 ) ;
#1742 = AXIS2_PLACEMENT_3D ( 'NONE', #1743, #1744, #1745 ) ;
#1743 = CARTESIAN_POINT ( 'NONE',  ( 0.4500000000000000100, 18.15563491861039900, -4.799999999999999800 ) ) ;
#1744 = DIRECTION ( 'NONE',  ( 0.0000000000000000000, -1.000000000000000000, 0.0000000000000000000 ) ) ;
#1745 = DIRECTION ( 'NONE',  ( 0.0000000000000000000, 0.0000000000000000000, -1.000000000000000000 ) ) ;
#1746 = ORIENTED_EDGE ( 'NONE', *, *, #102, .T. ) ;
#1747 = VERTEX_POINT ( 'NONE', #2360 ) ;
#1748 = EDGE_LOOP ( 'NONE', ( #106, #156, #511, #464 ) ) ;
#1749 = CARTESIAN_POINT ( 'NONE',  ( -11.25000000000000000, -3.200000000000000200, -7.500000000000000000 ) ) ;
#1750 = CARTESIAN_POINT ( 'NONE',  ( -11.10000000000000000, 0.9000000000000000200, -10.88000000000000100 ) ) ;
#1751 = FACE_OUTER_BOUND ( 'NONE', #382, .T. ) ;
#1752 = COLOUR_RGB ( '',0.9176470588235293700, 0.9058823529411764700, 0.7686274509803920900 ) ;
#1753 = FILL_AREA_STYLE_COLOUR ( '', #1752 ) ;
#1754 = FILL_AREA_STYLE ('',( #1753 ) ) ;
#1755 = SURFACE_STYLE_FILL_AREA ( #1754 ) ;
#1756 = SURFACE_SIDE_STYLE ('',( #1755 ) ) ;
#1757 = SURFACE_STYLE_USAGE ( .BOTH. , #1756 ) ;
#1758 = PRESENTATION_STYLE_ASSIGNMENT (( #1757 ) ) ;
#1759 = STYLED_ITEM ( 'NONE', ( #1758 ), #697 ) ;
#1760 = PRESENTATION_LAYER_ASSIGNMENT (  '', '', ( #1759 ) ) ;
#1761 = MECHANICAL_DESIGN_GEOMETRIC_PRESENTATION_REPRESENTATION (  '', ( #1759 ), #1766 ) ;
#1762 =( LENGTH_UNIT ( ) NAMED_UNIT ( * ) SI_UNIT ( .MILLI., .METRE. ) );
#1763 =( NAMED_UNIT ( * ) PLANE_ANGLE_UNIT ( ) SI_UNIT ( $, .RADIAN. ) );
#1764 =( NAMED_UNIT ( * ) SI_UNIT ( $, .STERADIAN. ) SOLID_ANGLE_UNIT ( ) );
#1765 = UNCERTAINTY_MEASURE_WITH_UNIT (LENGTH_MEASURE( 1.000000000000000100E-005 ), #1762, 'distance_accuracy_value', 'NONE');
#1766 =( GEOMETRIC_REPRESENTATION_CONTEXT ( 3 ) GLOBAL_UNCERTAINTY_ASSIGNED_CONTEXT ( ( #1765 ) ) GLOBAL_UNIT_ASSIGNED_CONTEXT ( ( #1762, #1763, #1764 ) ) REPRESENTATION_CONTEXT ( 'NONE', 'WORKASPACE' ) );
#1767 = PLANE ( 'NONE',  #1768 ) ;
#1768 = AXIS2_PLACEMENT_3D ( 'NONE', #1769, #1770, #1771 ) ;
#1769 = CARTESIAN_POINT ( 'NONE',  ( -2.649999999999999900, 0.9000000000000000200, -10.88000000000000100 ) ) ;
#1770 = DIRECTION ( 'NONE',  ( 1.000000000000000000, 0.0000000000000000000, 0.0000000000000000000 ) ) ;
#1771 = DIRECTION ( 'NONE',  ( 0.0000000000000000000, 0.0000000000000000000, -1.000000000000000000 ) ) ;
#1772 = CARTESIAN_POINT ( 'NONE',  ( 0.5999999999999999800, -3.200000000000000200, -10.20000000000000100 ) ) ;
#1773 = LINE ( 'NONE', #1774, #1775 ) ;
#1774 = CARTESIAN_POINT ( 'NONE',  ( -0.5999999999999999800, 0.9000000000000000200, -10.20000000000000100 ) ) ;
#1775 = VECTOR ( 'NONE', #1776, 1000.000000000000000 ) ;
#1776 = DIRECTION ( 'NONE',  ( 1.000000000000000000, 0.0000000000000000000, 0.0000000000000000000 ) ) ;
#1777 = CARTESIAN_POINT ( 'NONE',  ( -11.10000000000000000, 0.9000000000000000200, -11.25000000000000000 ) ) ;
#1778 = LINE ( 'NONE', #1779, #1780 ) ;
#1779 = CARTESIAN_POINT ( 'NONE',  ( -4.850000000000000500, -3.200000000000000200, -10.20000000000000100 ) ) ;
#1780 = VECTOR ( 'NONE', #1784, 1000.000000000000000 ) ;
#1781 = ORIENTED_EDGE ( 'NONE', *, *, #14, .T. ) ;
#1782 = VERTEX_POINT ( 'NONE', #2367 ) ;
#1783 = ORIENTED_EDGE ( 'NONE', *, *, #65, .F. ) ;
#1784 = DIRECTION ( 'NONE',  ( 1.084202172485504000E-015, 0.0000000000000000000, 1.000000000000000000 ) ) ;
#1785 = CARTESIAN_POINT ( 'NONE',  ( -2.649999999999999900, 0.9000000000000000200, -11.25000000000000000 ) ) ;
#1786 = FACE_OUTER_BOUND ( 'NONE', #2462, .T. ) ;
#1787 = COLOUR_RGB ( '',0.9176470588235293700, 0.9058823529411764700, 0.7686274509803920900 ) ;
#1788 = FILL_AREA_STYLE_COLOUR ( '', #1787 ) ;
#1789 = FILL_AREA_STYLE ('',( #1788 ) ) ;
#1790 = SURFACE_STYLE_FILL_AREA ( #1789 ) ;
#1791 = SURFACE_SIDE_STYLE ('',( #1790 ) ) ;
#1792 = SURFACE_STYLE_USAGE ( .BOTH. , #1791 ) ;
#1793 = PRESENTATION_STYLE_ASSIGNMENT (( #1792 ) ) ;
#1794 = STYLED_ITEM ( 'NONE', ( #1793 ), #798 ) ;
#1795 = PRESENTATION_LAYER_ASSIGNMENT (  '', '', ( #1794 ) ) ;
#1796 = MECHANICAL_DESIGN_GEOMETRIC_PRESENTATION_REPRESENTATION (  '', ( #1794 ), #1802 ) ;
#1797 =( LENGTH_UNIT ( ) NAMED_UNIT ( * ) SI_UNIT ( .MILLI., .METRE. ) );
#1798 =( NAMED_UNIT ( * ) PLANE_ANGLE_UNIT ( ) SI_UNIT ( $, .RADIAN. ) );
#1799 =( NAMED_UNIT ( * ) SI_UNIT ( $, .STERADIAN. ) SOLID_ANGLE_UNIT ( ) );
#1800 = ORIENTED_EDGE ( 'NONE', *, *, #23, .T. ) ;
#1801 = UNCERTAINTY_MEASURE_WITH_UNIT (LENGTH_MEASURE( 1.000000000000000100E-005 ), #1797, 'distance_accuracy_value', 'NONE');
#1802 =( GEOMETRIC_REPRESENTATION_CONTEXT ( 3 ) GLOBAL_UNCERTAINTY_ASSIGNED_CONTEXT ( ( #1801 ) ) GLOBAL_UNIT_ASSIGNED_CONTEXT ( ( #1797, #1798, #1799 ) ) REPRESENTATION_CONTEXT ( 'NONE', 'WORKASPACE' ) );
#1803 = PLANE ( 'NONE',  #1804 ) ;
#1804 = AXIS2_PLACEMENT_3D ( 'NONE', #1805, #1806, #1807 ) ;
#1805 = CARTESIAN_POINT ( 'NONE',  ( -1.250000000000000000, -8.511014159065500300E-017, -10.88000000000000100 ) ) ;
#1806 = DIRECTION ( 'NONE',  ( 0.0000000000000000000, 0.0000000000000000000, 1.000000000000000000 ) ) ;
#1807 = DIRECTION ( 'NONE',  ( -1.000000000000000000, 0.0000000000000000000, 0.0000000000000000000 ) ) ;
#1808 = FACE_OUTER_BOUND ( 'NONE', #2418, .T. ) ;
#1809 = COLOUR_RGB ( '',0.9176470588235293700, 0.9058823529411764700, 0.7686274509803920900 ) ;
#1810 = FILL_AREA_STYLE_COLOUR ( '', #1809 ) ;
#1811 = FILL_AREA_STYLE ('',( #1810 ) ) ;
#1812 = SURFACE_STYLE_FILL_AREA ( #1811 ) ;
#1813 = SURFACE_SIDE_STYLE ('',( #1812 ) ) ;
#1814 = SURFACE_STYLE_USAGE ( .BOTH. , #1813 ) ;
#1815 = PRESENTATION_STYLE_ASSIGNMENT (( #1814 ) ) ;
#1816 = STYLED_ITEM ( 'NONE', ( #1815 ), #815 ) ;
#1817 = PRESENTATION_LAYER_ASSIGNMENT (  '', '', ( #1816 ) ) ;
#1818 = MECHANICAL_DESIGN_GEOMETRIC_PRESENTATION_REPRESENTATION (  '', ( #1816 ), #1823 ) ;
#1819 =( LENGTH_UNIT ( ) NAMED_UNIT ( * ) SI_UNIT ( .MILLI., .METRE. ) );
#1820 =( NAMED_UNIT ( * ) PLANE_ANGLE_UNIT ( ) SI_UNIT ( $, .RADIAN. ) );
#1821 =( NAMED_UNIT ( * ) SI_UNIT ( $, .STERADIAN. ) SOLID_ANGLE_UNIT ( ) );
#1822 = UNCERTAINTY_MEASURE_WITH_UNIT (LENGTH_MEASURE( 1.000000000000000100E-005 ), #1819, 'distance_accuracy_value', 'NONE');
#1823 =( GEOMETRIC_REPRESENTATION_CONTEXT ( 3 ) GLOBAL_UNCERTAINTY_ASSIGNED_CONTEXT ( ( #1822 ) ) GLOBAL_UNIT_ASSIGNED_CONTEXT ( ( #1819, #1820, #1821 ) ) REPRESENTATION_CONTEXT ( 'NONE', 'WORKASPACE' ) );
#1824 = PLANE ( 'NONE',  #1825 ) ;
#1825 = AXIS2_PLACEMENT_3D ( 'NONE', #1826, #1827, #1828 ) ;
#1826 = CARTESIAN_POINT ( 'NONE',  ( -9.700000000000001100, 0.9000000000000000200, -10.88000000000000100 ) ) ;
#1827 = DIRECTION ( 'NONE',  ( -1.000000000000000000, 0.0000000000000000000, 0.0000000000000000000 ) ) ;
#1828 = DIRECTION ( 'NONE',  ( 0.0000000000000000000, 0.0000000000000000000, 1.000000000000000000 ) ) ;
#1829 = FACE_OUTER_BOUND ( 'NONE', #2465, .T. ) ;
#1830 = PLANE ( 'NONE',  #1831 ) ;
#1831 = AXIS2_PLACEMENT_3D ( 'NONE', #1832, #1833, #1834 ) ;
#1832 = CARTESIAN_POINT ( 'NONE',  ( -11.25000000000000000, 1.754400374531754900, -9.099999999999999600 ) ) ;
#1833 = DIRECTION ( 'NONE',  ( 2.168404344971020200E-016, 0.0000000000000000000, -1.000000000000000000 ) ) ;
#1834 = DIRECTION ( 'NONE',  ( -1.000000000000000000, 0.0000000000000000000, -2.168404344971020200E-016 ) ) ;
#1835 = CIRCLE ( 'NONE', #1836, 0.2500000000000002200 ) ;
#1836 = AXIS2_PLACEMENT_3D ( 'NONE', #1837, #1838, #1839 ) ;
#1837 = CARTESIAN_POINT ( 'NONE',  ( 0.4500000000000000100, 16.60000000000000100, -4.799999999999999800 ) ) ;
#1838 = DIRECTION ( 'NONE',  ( 0.0000000000000000000, 1.000000000000000000, 0.0000000000000000000 ) ) ;
#1839 = DIRECTION ( 'NONE',  ( 0.0000000000000000000, 0.0000000000000000000, 1.000000000000000000 ) ) ;
#1840 = LINE ( 'NONE', #1841, #1842 ) ;
#1841 = CARTESIAN_POINT ( 'NONE',  ( -13.15000000000000000, 0.9000000000000000200, 1.649999999999999900 ) ) ;
#1842 = VECTOR ( 'NONE', #1843, 1000.000000000000000 ) ;
#1843 = DIRECTION ( 'NONE',  ( 1.000000000000000000, 0.0000000000000000000, 0.0000000000000000000 ) ) ;
#1844 = LINE ( 'NONE', #1845, #1846 ) ;
#1845 = CARTESIAN_POINT ( 'NONE',  ( -1.250000000000000000, 0.9000000000000000200, 1.280000000000000000 ) ) ;
#1846 = VECTOR ( 'NONE', #1847, 1000.000000000000000 ) ;
#1847 = DIRECTION ( 'NONE',  ( 0.0000000000000000000, 1.000000000000000000, 0.0000000000000000000 ) ) ;
#1848 = LINE ( 'NONE', #1849, #1850 ) ;
#1849 = CARTESIAN_POINT ( 'NONE',  ( 0.5999999999999999800, 0.9000000000000000200, -10.20000000000000100 ) ) ;
#1850 = VECTOR ( 'NONE', #1851, 1000.000000000000000 ) ;
#1851 = DIRECTION ( 'NONE',  ( 0.0000000000000000000, 0.0000000000000000000, 1.000000000000000000 ) ) ;
#1852 = CARTESIAN_POINT ( 'NONE',  ( -11.25000000000000000, -3.200000000000000200, -9.099999999999999600 ) ) ;
#1853 = CARTESIAN_POINT ( 'NONE',  ( -11.10000000000000000, -1.033567762626084000E-015, 1.280000000000000000 ) ) ;
#1854 = CIRCLE ( 'NONE', #1855, 0.5500000000000001600 ) ;
#1855 = AXIS2_PLACEMENT_3D ( 'NONE', #1856, #1857, #1858 ) ;
#1856 = CARTESIAN_POINT ( 'NONE',  ( 0.4500000000000000100, 16.10000000000000100, -4.799999999999999800 ) ) ;
#1857 = DIRECTION ( 'NONE',  ( 0.0000000000000000000, 1.000000000000000000, 0.0000000000000000000 ) ) ;
#1858 = DIRECTION ( 'NONE',  ( 0.0000000000000000000, 0.0000000000000000000, 1.000000000000000000 ) ) ;
#1859 = CARTESIAN_POINT ( 'NONE',  ( 1.750000000000000000, 16.60000000000000100, -11.25000000000000000 ) ) ;
#1860 = LINE ( 'NONE', #1861, #1862 ) ;
#1861 = CARTESIAN_POINT ( 'NONE',  ( -4.850000000000000500, 1.754400374531754900, -9.400000000000000400 ) ) ;
#1862 = VECTOR ( 'NONE', #1863, 1000.000000000000000 ) ;
#1863 = DIRECTION ( 'NONE',  ( 0.0000000000000000000, -1.000000000000000000, 0.0000000000000000000 ) ) ;
#1864 = FACE_OUTER_BOUND ( 'NONE', #2253, .T. ) ;
#1865 = COLOUR_RGB ( '',0.9176470588235293700, 0.9058823529411764700, 0.7686274509803920900 ) ;
#1866 = FILL_AREA_STYLE_COLOUR ( '', #1865 ) ;
#1867 = FILL_AREA_STYLE ('',( #1866 ) ) ;
#1868 = SURFACE_STYLE_FILL_AREA ( #1867 ) ;
#1869 = SURFACE_SIDE_STYLE ('',( #1868 ) ) ;
#1870 = SURFACE_STYLE_USAGE ( .BOTH. , #1869 ) ;
#1871 = PRESENTATION_STYLE_ASSIGNMENT (( #1870 ) ) ;
#1872 = STYLED_ITEM ( 'NONE', ( #1871 ), #202 ) ;
#1873 = PRESENTATION_LAYER_ASSIGNMENT (  '', '', ( #1872 ) ) ;
#1874 = MECHANICAL_DESIGN_GEOMETRIC_PRESENTATION_REPRESENTATION (  '', ( #1872 ), #1879 ) ;
#1875 =( LENGTH_UNIT ( ) NAMED_UNIT ( * ) SI_UNIT ( .MILLI., .METRE. ) );
#1876 =( NAMED_UNIT ( * ) PLANE_ANGLE_UNIT ( ) SI_UNIT ( $, .RADIAN. ) );
#1877 =( NAMED_UNIT ( * ) SI_UNIT ( $, .STERADIAN. ) SOLID_ANGLE_UNIT ( ) );
#1878 = UNCERTAINTY_MEASURE_WITH_UNIT (LENGTH_MEASURE( 1.000000000000000100E-005 ), #1875, 'distance_accuracy_value', 'NONE');
#1879 =( GEOMETRIC_REPRESENTATION_CONTEXT ( 3 ) GLOBAL_UNCERTAINTY_ASSIGNED_CONTEXT ( ( #1878 ) ) GLOBAL_UNIT_ASSIGNED_CONTEXT ( ( #1875, #1876, #1877 ) ) REPRESENTATION_CONTEXT ( 'NONE', 'WORKASPACE' ) );
#1880 = PLANE ( 'NONE',  #1882 ) ;
#1881 = ORIENTED_EDGE ( 'NONE', *, *, #198, .F. ) ;
#1882 = AXIS2_PLACEMENT_3D ( 'NONE', #1883, #1884, #1885 ) ;
#1883 = CARTESIAN_POINT ( 'NONE',  ( -11.10000000000000000, 0.9000000000000000200, 1.280000000000000000 ) ) ;
#1884 = DIRECTION ( 'NONE',  ( -1.000000000000000000, 0.0000000000000000000, 0.0000000000000000000 ) ) ;
#1885 = DIRECTION ( 'NONE',  ( 0.0000000000000000000, 0.0000000000000000000, 1.000000000000000000 ) ) ;
#1886 = CARTESIAN_POINT ( 'NONE',  ( -0.5999999999999999800, 0.9000000000000000200, -9.000000000000000000 ) ) ;
#1887 = LINE ( 'NONE', #1888, #1889 ) ;
#1888 = CARTESIAN_POINT ( 'NONE',  ( -11.25000000000000000, 0.6999999999999999600, -6.500000000000000000 ) ) ;
#1889 = VECTOR ( 'NONE', #1890, 1000.000000000000000 ) ;
#1890 = DIRECTION ( 'NONE',  ( 0.0000000000000000000, 1.000000000000000000, 0.0000000000000000000 ) ) ;
#1891 = FACE_OUTER_BOUND ( 'NONE', #216, .T. ) ;
#1892 = PLANE ( 'NONE',  #1893 ) ;
#1893 = AXIS2_PLACEMENT_3D ( 'NONE', #1894, #1895, #1896 ) ;
#1894 = CARTESIAN_POINT ( 'NONE',  ( -0.5999999999999999800, -3.200000000000000200, -0.5999999999999999800 ) ) ;
#1895 = DIRECTION ( 'NONE',  ( 0.0000000000000000000, -1.000000000000000000, 0.0000000000000000000 ) ) ;
#1896 = DIRECTION ( 'NONE',  ( 0.0000000000000000000, 0.0000000000000000000, -1.000000000000000000 ) ) ;
#1897 = LINE ( 'NONE', #1900, #1901 ) ;
#1898 = VERTEX_POINT ( 'NONE', #836 ) ;
#1899 = ORIENTED_EDGE ( 'NONE', *, *, #2083, .T. ) ;
#1900 = CARTESIAN_POINT ( 'NONE',  ( -2.649999999999999900, 0.9000000000000000200, 1.280000000000000000 ) ) ;
#1901 = VECTOR ( 'NONE', #1902, 1000.000000000000000 ) ;
#1902 = DIRECTION ( 'NONE',  ( 0.0000000000000000000, 0.0000000000000000000, 1.000000000000000000 ) ) ;
#1903 = CARTESIAN_POINT ( 'NONE',  ( -10.75000000000000000, 0.9000000000000000200, -3.100000000000000100 ) ) ;
#1904 = LINE ( 'NONE', #1905, #1906 ) ;
#1905 = CARTESIAN_POINT ( 'NONE',  ( -4.850000000000000500, 0.9000000000000000200, 0.5999999999999999800 ) ) ;
#1906 = VECTOR ( 'NONE', #1907, 1000.000000000000000 ) ;
#1907 = DIRECTION ( 'NONE',  ( 1.000000000000000000, 0.0000000000000000000, 7.228014483236720200E-016 ) ) ;
#1908 = LINE ( 'NONE', #1909, #1910 ) ;
#1909 = CARTESIAN_POINT ( 'NONE',  ( -1.250000000000000000, 0.9000000000000000200, -10.88000000000000100 ) ) ;
#1910 = VECTOR ( 'NONE', #1911, 1000.000000000000000 ) ;
#1911 = DIRECTION ( 'NONE',  ( 0.0000000000000000000, 1.000000000000000000, 0.0000000000000000000 ) ) ;
#1912 = LINE ( 'NONE', #1913, #1914 ) ;
#1913 = CARTESIAN_POINT ( 'NONE',  ( -2.649999999999999900, 0.9000000000000000200, 1.649999999999999900 ) ) ;
#1914 = VECTOR ( 'NONE', #1915, 1000.000000000000000 ) ;
#1915 = DIRECTION ( 'NONE',  ( 0.0000000000000000000, -1.000000000000000000, 0.0000000000000000000 ) ) ;
#1916 = EDGE_LOOP ( 'NONE', ( #2442, #91, #2441, #1167 ) ) ;
#1917 = LINE ( 'NONE', #1918, #1919 ) ;
#1918 = CARTESIAN_POINT ( 'NONE',  ( -11.25000000000000000, 0.6999999999999999600, -3.100000000000000100 ) ) ;
#1919 = VECTOR ( 'NONE', #1920, 1000.000000000000000 ) ;
#1920 = DIRECTION ( 'NONE',  ( 0.0000000000000000000, 1.000000000000000000, 0.0000000000000000000 ) ) ;
#1921 = LINE ( 'NONE', #1922, #1923 ) ;
#1922 = CARTESIAN_POINT ( 'NONE',  ( -1.250000000000000000, -8.511014159065500300E-017, 1.649999999999999900 ) ) ;
#1923 = VECTOR ( 'NONE', #1924, 1000.000000000000000 ) ;
#1924 = DIRECTION ( 'NONE',  ( 1.000000000000000000, 0.0000000000000000000, 0.0000000000000000000 ) ) ;
#1925 = LINE ( 'NONE', #1926, #1927 ) ;
#1926 = CARTESIAN_POINT ( 'NONE',  ( -10.75000000000000000, -3.200000000000000200, -2.100000000000000100 ) ) ;
#1927 = VECTOR ( 'NONE', #1928, 1000.000000000000000 ) ;
#1928 = DIRECTION ( 'NONE',  ( 0.0000000000000000000, 0.0000000000000000000, -1.000000000000000000 ) ) ;
#1929 = LINE ( 'NONE', #1930, #1931 ) ;
#1930 = CARTESIAN_POINT ( 'NONE',  ( -11.10000000000000000, -1.033567762626084000E-015, 1.280000000000000000 ) ) ;
#1931 = VECTOR ( 'NONE', #1932, 1000.000000000000000 ) ;
#1932 = DIRECTION ( 'NONE',  ( 0.0000000000000000000, 0.0000000000000000000, 1.000000000000000000 ) ) ;
#1933 = FACE_OUTER_BOUND ( 'NONE', #2461, .T. ) ;
#1934 = COLOUR_RGB ( '',0.9176470588235293700, 0.9058823529411764700, 0.7686274509803920900 ) ;
#1935 = FILL_AREA_STYLE_COLOUR ( '', #1934 ) ;
#1936 = FILL_AREA_STYLE ('',( #1935 ) ) ;
#1937 = SURFACE_STYLE_FILL_AREA ( #1936 ) ;
#1938 = SURFACE_SIDE_STYLE ('',( #1937 ) ) ;
#1939 = SURFACE_STYLE_USAGE ( .BOTH. , #1938 ) ;
#1940 = PRESENTATION_STYLE_ASSIGNMENT (( #1939 ) ) ;
#1941 = STYLED_ITEM ( 'NONE', ( #1940 ), #993 ) ;
#1942 = PRESENTATION_LAYER_ASSIGNMENT (  '', '', ( #1941 ) ) ;
#1943 = MECHANICAL_DESIGN_GEOMETRIC_PRESENTATION_REPRESENTATION (  '', ( #1941 ), #1948 ) ;
#1944 =( LENGTH_UNIT ( ) NAMED_UNIT ( * ) SI_UNIT ( .MILLI., .METRE. ) );
#1945 =( NAMED_UNIT ( * ) PLANE_ANGLE_UNIT ( ) SI_UNIT ( $, .RADIAN. ) );
#1946 =( NAMED_UNIT ( * ) SI_UNIT ( $, .STERADIAN. ) SOLID_ANGLE_UNIT ( ) );
#1947 = UNCERTAINTY_MEASURE_WITH_UNIT (LENGTH_MEASURE( 1.000000000000000100E-005 ), #1944, 'distance_accuracy_value', 'NONE');
#1948 =( GEOMETRIC_REPRESENTATION_CONTEXT ( 3 ) GLOBAL_UNCERTAINTY_ASSIGNED_CONTEXT ( ( #1947 ) ) GLOBAL_UNIT_ASSIGNED_CONTEXT ( ( #1944, #1945, #1946 ) ) REPRESENTATION_CONTEXT ( 'NONE', 'WORKASPACE' ) );
#1949 = EDGE_LOOP ( 'NONE', ( #2420, #388, #437, #353 ) ) ;
#1950 = PLANE ( 'NONE',  #1951 ) ;
#1951 = AXIS2_PLACEMENT_3D ( 'NONE', #1952, #1953, #1954 ) ;
#1952 = CARTESIAN_POINT ( 'NONE',  ( -11.10000000000000000, 0.9000000000000000200, -10.88000000000000100 ) ) ;
#1953 = DIRECTION ( 'NONE',  ( 1.000000000000000000, 0.0000000000000000000, 0.0000000000000000000 ) ) ;
#1954 = DIRECTION ( 'NONE',  ( 0.0000000000000000000, 0.0000000000000000000, -1.000000000000000000 ) ) ;
#1955 = LINE ( 'NONE', #1956, #1957 ) ;
#1956 = CARTESIAN_POINT ( 'NONE',  ( -11.25000000000000000, -3.200000000000000200, -2.100000000000000100 ) ) ;
#1957 = VECTOR ( 'NONE', #1958, 1000.000000000000000 ) ;
#1958 = DIRECTION ( 'NONE',  ( 0.0000000000000000000, 0.0000000000000000000, 1.000000000000000000 ) ) ;
#1959 = LINE ( 'NONE', #1960, #1961 ) ;
#1960 = CARTESIAN_POINT ( 'NONE',  ( -9.700000000000001100, -1.033567762626084000E-015, 1.280000000000000000 ) ) ;
#1961 = VECTOR ( 'NONE', #1962, 1000.000000000000000 ) ;
#1962 = DIRECTION ( 'NONE',  ( 0.0000000000000000000, 0.0000000000000000000, 1.000000000000000000 ) ) ;
#1963 = LINE ( 'NONE', #1964, #1965 ) ;
#1964 = CARTESIAN_POINT ( 'NONE',  ( -11.25000000000000000, 1.754400374531754900, -0.5000000000000000000 ) ) ;
#1965 = VECTOR ( 'NONE', #1969, 1000.000000000000000 ) ;
#1966 = ORIENTED_EDGE ( 'NONE', *, *, #442, .F. ) ;
#1967 = EDGE_LOOP ( 'NONE', ( #2355, #236, #368, #283, #1149, #311 ) ) ;
#1968 = ADVANCED_FACE ( 'NONE', ( #981 ), #999, .T. ) ;
#1969 = DIRECTION ( 'NONE',  ( 0.0000000000000000000, -1.000000000000000000, 0.0000000000000000000 ) ) ;
#1970 = LINE ( 'NONE', #1971, #1972 ) ;
#1971 = CARTESIAN_POINT ( 'NONE',  ( -9.700000000000001100, 0.9000000000000000200, 1.280000000000000000 ) ) ;
#1972 = VECTOR ( 'NONE', #1973, 1000.000000000000000 ) ;
#1973 = DIRECTION ( 'NONE',  ( 0.0000000000000000000, 1.000000000000000000, 0.0000000000000000000 ) ) ;
#1974 = CARTESIAN_POINT ( 'NONE',  ( 0.4500000000000000700, 16.60000000000000100, -4.249999999999999100 ) ) ;
#1975 = CARTESIAN_POINT ( 'NONE',  ( -4.850000000000000500, -3.200000000000000200, -9.400000000000000400 ) ) ;
#1976 = LINE ( 'NONE', #1977, #1978 ) ;
#1977 = CARTESIAN_POINT ( 'NONE',  ( -11.25000000000000000, -3.200000000000000200, -0.5000000000000000000 ) ) ;
#1978 = VECTOR ( 'NONE', #1979, 1000.000000000000000 ) ;
#1979 = DIRECTION ( 'NONE',  ( 1.000000000000000000, 0.0000000000000000000, -2.168404344971020200E-016 ) ) ;
#1980 = FACE_OUTER_BOUND ( 'NONE', #411, .T. ) ;
#1981 = PLANE ( 'NONE',  #1982 ) ;
#1982 = AXIS2_PLACEMENT_3D ( 'NONE', #1983, #1984, #1985 ) ;
#1983 = CARTESIAN_POINT ( 'NONE',  ( -0.5999999999999999800, 2.597056274847715100, -10.20000000000000100 ) ) ;
#1984 = DIRECTION ( 'NONE',  ( 0.0000000000000000000, 0.0000000000000000000, -1.000000000000000000 ) ) ;
#1985 = DIRECTION ( 'NONE',  ( -1.000000000000000000, 0.0000000000000000000, 0.0000000000000000000 ) ) ;
#1986 = FACE_OUTER_BOUND ( 'NONE', #413, .T. ) ;
#1987 = PLANE ( 'NONE',  #1988 ) ;
#1988 = AXIS2_PLACEMENT_3D ( 'NONE', #1989, #1990, #1991 ) ;
#1989 = CARTESIAN_POINT ( 'NONE',  ( -0.5999999999999999800, -3.200000000000000200, -0.5999999999999999800 ) ) ;
#1990 = DIRECTION ( 'NONE',  ( 0.0000000000000000000, -1.000000000000000000, 0.0000000000000000000 ) ) ;
#1991 = DIRECTION ( 'NONE',  ( 0.0000000000000000000, 0.0000000000000000000, -1.000000000000000000 ) ) ;
#1992 = FACE_OUTER_BOUND ( 'NONE', #1377, .T. ) ;
#1993 = PLANE ( 'NONE',  #1994 ) ;
#1994 = AXIS2_PLACEMENT_3D ( 'NONE', #1995, #1996, #1997 ) ;
#1995 = CARTESIAN_POINT ( 'NONE',  ( -4.850000000000000500, 1.754400374531754900, -9.400000000000000400 ) ) ;
#1996 = DIRECTION ( 'NONE',  ( 0.0000000000000000000, 0.0000000000000000000, 1.000000000000000000 ) ) ;
#1997 = DIRECTION ( 'NONE',  ( 1.000000000000000000, 0.0000000000000000000, 0.0000000000000000000 ) ) ;
#1998 = LINE ( 'NONE', #1999, #2000 ) ;
#1999 = CARTESIAN_POINT ( 'NONE',  ( -11.10000000000000000, 0.9000000000000000200, -10.88000000000000100 ) ) ;
#2000 = VECTOR ( 'NONE', #2002, 1000.000000000000000 ) ;
#2001 = ORIENTED_EDGE ( 'NONE', *, *, #289, .T. ) ;
#2002 = DIRECTION ( 'NONE',  ( 0.0000000000000000000, -1.000000000000000000, 0.0000000000000000000 ) ) ;
#2003 = FACE_OUTER_BOUND ( 'NONE', #227, .T. ) ;
#2004 = PLANE ( 'NONE',  #2005 ) ;
#2005 = AXIS2_PLACEMENT_3D ( 'NONE', #2006, #2007, #2008 ) ;
#2006 = CARTESIAN_POINT ( 'NONE',  ( -11.25000000000000000, 1.754400374531754900, -2.100000000000000100 ) ) ;
#2007 = DIRECTION ( 'NONE',  ( 0.0000000000000000000, 0.0000000000000000000, 1.000000000000000000 ) ) ;
#2008 = DIRECTION ( 'NONE',  ( 1.000000000000000000, 0.0000000000000000000, 0.0000000000000000000 ) ) ;
#2009 = CARTESIAN_POINT ( 'NONE',  ( 0.5999999999999999800, 0.9000000000000000200, -0.5999999999999999800 ) ) ;
#2010 = LINE ( 'NONE', #2011, #2012 ) ;
#2011 = CARTESIAN_POINT ( 'NONE',  ( 1.750000000000000000, 16.60000000000000100, -11.25000000000000000 ) ) ;
#2012 = VECTOR ( 'NONE', #2013, 1000.000000000000000 ) ;
#2013 = DIRECTION ( 'NONE',  ( -1.176653520526904000E-016, 0.0000000000000000000, -1.000000000000000000 ) ) ;
#2014 = CIRCLE ( 'NONE', #2015, 0.5500000000000001600 ) ;
#2015 = AXIS2_PLACEMENT_3D ( 'NONE', #2016, #2017, #2018 ) ;
#2016 = CARTESIAN_POINT ( 'NONE',  ( 0.4500000000000000100, 16.60000000000000100, -4.799999999999999800 ) ) ;
#2017 = DIRECTION ( 'NONE',  ( 0.0000000000000000000, 1.000000000000000000, 0.0000000000000000000 ) ) ;
#2018 = DIRECTION ( 'NONE',  ( 0.0000000000000000000, 0.0000000000000000000, 1.000000000000000000 ) ) ;
#2019 = CIRCLE ( 'NONE', #2020, 0.5500000000000001600 ) ;
#2020 = AXIS2_PLACEMENT_3D ( 'NONE', #2021, #2022, #2023 ) ;
#2021 = CARTESIAN_POINT ( 'NONE',  ( 0.4500000000000000100, 16.60000000000000100, -4.799999999999999800 ) ) ;
#2022 = DIRECTION ( 'NONE',  ( 0.0000000000000000000, 1.000000000000000000, 0.0000000000000000000 ) ) ;
#2023 = DIRECTION ( 'NONE',  ( 0.0000000000000000000, 0.0000000000000000000, 1.000000000000000000 ) ) ;
#2024 = CARTESIAN_POINT ( 'NONE',  ( 0.4500000000000000100, 16.10000000000000100, -4.549999999999998900 ) ) ;
#2025 = LINE ( 'NONE', #2026, #2027 ) ;
#2026 = CARTESIAN_POINT ( 'NONE',  ( -10.75000000000000000, 1.754400374531754900, -7.500000000000000000 ) ) ;
#2027 = VECTOR ( 'NONE', #2028, 1000.000000000000000 ) ;
#2028 = DIRECTION ( 'NONE',  ( 0.0000000000000000000, -1.000000000000000000, 0.0000000000000000000 ) ) ;
#2029 = CARTESIAN_POINT ( 'NONE',  ( -1.250000000000000000, -8.511014159065500300E-017, -10.88000000000000100 ) ) ;
#2030 = LINE ( 'NONE', #2031, #2032 ) ;
#2031 = CARTESIAN_POINT ( 'NONE',  ( -2.649999999999999900, -8.511014159065500300E-017, 1.280000000000000000 ) ) ;
#2032 = VECTOR ( 'NONE', #2033, 1000.000000000000000 ) ;
#2033 = DIRECTION ( 'NONE',  ( 0.0000000000000000000, 0.0000000000000000000, 1.000000000000000000 ) ) ;
#2034 = CARTESIAN_POINT ( 'NONE',  ( 1.750000000000000000, 16.10000000000000100, -3.649999999999999900 ) ) ;
#2035 = CIRCLE ( 'NONE', #2036, 1.149999999999999900 ) ;
#2036 = AXIS2_PLACEMENT_3D ( 'NONE', #2037, #2038, #2039 ) ;
#2037 = CARTESIAN_POINT ( 'NONE',  ( 0.4500000000000000100, 16.10000000000000100, -4.799999999999999800 ) ) ;
#2038 = DIRECTION ( 'NONE',  ( 0.0000000000000000000, 1.000000000000000000, 0.0000000000000000000 ) ) ;
#2039 = DIRECTION ( 'NONE',  ( 0.0000000000000000000, 0.0000000000000000000, 1.000000000000000000 ) ) ;
#2040 = LINE ( 'NONE', #2041, #2042 ) ;
#2041 = CARTESIAN_POINT ( 'NONE',  ( -13.15000000000000000, 0.9000000000000000200, 1.649999999999999900 ) ) ;
#2042 = VECTOR ( 'NONE', #2043, 1000.000000000000000 ) ;
#2043 = DIRECTION ( 'NONE',  ( 1.000000000000000000, 0.0000000000000000000, 0.0000000000000000000 ) ) ;
#2044 = LINE ( 'NONE', #2045, #2046 ) ;
#2045 = CARTESIAN_POINT ( 'NONE',  ( -10.75000000000000000, -3.200000000000000200, -7.500000000000000000 ) ) ;
#2046 = VECTOR ( 'NONE', #2047, 1000.000000000000000 ) ;
#2047 = DIRECTION ( 'NONE',  ( 0.0000000000000000000, 0.0000000000000000000, 1.000000000000000000 ) ) ;
#2048 = LINE ( 'NONE', #2049, #2051 ) ;
#2049 = CARTESIAN_POINT ( 'NONE',  ( -11.25000000000000000, 0.6999999999999999600, -6.500000000000000000 ) ) ;
#2050 = ORIENTED_EDGE ( 'NONE', *, *, #2468, .T. ) ;
#2051 = VECTOR ( 'NONE', #2052, 1000.000000000000000 ) ;
#2052 = DIRECTION ( 'NONE',  ( 1.000000000000000000, 0.0000000000000000000, 0.0000000000000000000 ) ) ;
#2053 = CARTESIAN_POINT ( 'NONE',  ( -11.25000000000000000, 0.6999999999999999600, -3.100000000000000100 ) ) ;
#2054 = FACE_OUTER_BOUND ( 'NONE', #1488, .T. ) ;
#2055 = PLANE ( 'NONE',  #2056 ) ;
#2056 = AXIS2_PLACEMENT_3D ( 'NONE', #2057, #2058, #2059 ) ;
#2057 = CARTESIAN_POINT ( 'NONE',  ( -0.5999999999999999800, -3.200000000000000200, -0.5999999999999999800 ) ) ;
#2058 = DIRECTION ( 'NONE',  ( 0.0000000000000000000, -1.000000000000000000, 0.0000000000000000000 ) ) ;
#2059 = DIRECTION ( 'NONE',  ( 0.0000000000000000000, 0.0000000000000000000, -1.000000000000000000 ) ) ;
#2060 = FACE_OUTER_BOUND ( 'NONE', #482, .T. ) ;
#2061 = COLOUR_RGB ( '',0.9176470588235293700, 0.9058823529411764700, 0.7686274509803920900 ) ;
#2062 = FILL_AREA_STYLE_COLOUR ( '', #2061 ) ;
#2063 = FILL_AREA_STYLE ('',( #2062 ) ) ;
#2064 = SURFACE_STYLE_FILL_AREA ( #2063 ) ;
#2065 = SURFACE_SIDE_STYLE ('',( #2064 ) ) ;
#2066 = SURFACE_STYLE_USAGE ( .BOTH. , #2065 ) ;
#2067 = PRESENTATION_STYLE_ASSIGNMENT (( #2066 ) ) ;
#2068 = STYLED_ITEM ( 'NONE', ( #2067 ), #1204 ) ;
#2069 = PRESENTATION_LAYER_ASSIGNMENT (  '', '', ( #2068 ) ) ;
#2070 = MECHANICAL_DESIGN_GEOMETRIC_PRESENTATION_REPRESENTATION (  '', ( #2068 ), #2075 ) ;
#2071 =( LENGTH_UNIT ( ) NAMED_UNIT ( * ) SI_UNIT ( .MILLI., .METRE. ) );
#2072 =( NAMED_UNIT ( * ) PLANE_ANGLE_UNIT ( ) SI_UNIT ( $, .RADIAN. ) );
#2073 =( NAMED_UNIT ( * ) SI_UNIT ( $, .STERADIAN. ) SOLID_ANGLE_UNIT ( ) );
#2074 = UNCERTAINTY_MEASURE_WITH_UNIT (LENGTH_MEASURE( 1.000000000000000100E-005 ), #2071, 'distance_accuracy_value', 'NONE');
#2075 =( GEOMETRIC_REPRESENTATION_CONTEXT ( 3 ) GLOBAL_UNCERTAINTY_ASSIGNED_CONTEXT ( ( #2074 ) ) GLOBAL_UNIT_ASSIGNED_CONTEXT ( ( #2071, #2072, #2073 ) ) REPRESENTATION_CONTEXT ( 'NONE', 'WORKASPACE' ) );
#2076 = PLANE ( 'NONE',  #2077 ) ;
#2077 = AXIS2_PLACEMENT_3D ( 'NONE', #2078, #2079, #2080 ) ;
#2078 = CARTESIAN_POINT ( 'NONE',  ( -13.15000000000000000, 16.60000000000000100, -11.25000000000000000 ) ) ;
#2079 = DIRECTION ( 'NONE',  ( 1.000000000000000000, 0.0000000000000000000, 1.344746880602176000E-016 ) ) ;
#2080 = DIRECTION ( 'NONE',  ( 1.344746880602176000E-016, 0.0000000000000000000, -1.000000000000000000 ) ) ;
#2081 = LINE ( 'NONE', #2082, #2084 ) ;
#2082 = CARTESIAN_POINT ( 'NONE',  ( -11.10000000000000000, 0.9000000000000000200, 1.280000000000000000 ) ) ;
#2083 = EDGE_CURVE ( 'NONE', #458, #441, #1060, .T. ) ;
#2084 = VECTOR ( 'NONE', #2085, 1000.000000000000000 ) ;
#2085 = DIRECTION ( 'NONE',  ( 0.0000000000000000000, -1.000000000000000000, 0.0000000000000000000 ) ) ;
#2086 = LINE ( 'NONE', #2087, #2088 ) ;
#2087 = CARTESIAN_POINT ( 'NONE',  ( -5.150000000000000400, -3.200000000000000200, -10.20000000000000100 ) ) ;
#2088 = VECTOR ( 'NONE', #2089, 1000.000000000000000 ) ;
#2089 = DIRECTION ( 'NONE',  ( 0.0000000000000000000, 0.0000000000000000000, -1.000000000000000000 ) ) ;
#2090 = CARTESIAN_POINT ( 'NONE',  ( -11.25000000000000000, -3.200000000000000200, -0.5000000000000000000 ) ) ;
#2091 = FACE_OUTER_BOUND ( 'NONE', #444, .T. ) ;
#2092 = PLANE ( 'NONE',  #2093 ) ;
#2093 = AXIS2_PLACEMENT_3D ( 'NONE', #2094, #2095, #2096 ) ;
#2094 = CARTESIAN_POINT ( 'NONE',  ( -11.25000000000000000, 1.754400374531754900, -0.5000000000000000000 ) ) ;
#2095 = DIRECTION ( 'NONE',  ( -2.168404344971020200E-016, 0.0000000000000000000, -1.000000000000000000 ) ) ;
#2096 = DIRECTION ( 'NONE',  ( -1.000000000000000000, 0.0000000000000000000, 2.168404344971020200E-016 ) ) ;
#2097 = LINE ( 'NONE', #2098, #2099 ) ;
#2098 = CARTESIAN_POINT ( 'NONE',  ( -13.15000000000000000, 0.9000000000000000200, -11.25000000000000000 ) ) ;
#2099 = VECTOR ( 'NONE', #2100, 1000.000000000000000 ) ;
#2100 = DIRECTION ( 'NONE',  ( -1.000000000000000000, 0.0000000000000000000, 0.0000000000000000000 ) ) ;
#2101 = LINE ( 'NONE', #2102, #2103 ) ;
#2102 = CARTESIAN_POINT ( 'NONE',  ( -2.649999999999999900, 0.9000000000000000200, 1.280000000000000000 ) ) ;
#2103 = VECTOR ( 'NONE', #2104, 1000.000000000000000 ) ;
#2104 = DIRECTION ( 'NONE',  ( 0.0000000000000000000, -1.000000000000000000, 0.0000000000000000000 ) ) ;
#2105 = CARTESIAN_POINT ( 'NONE',  ( -9.700000000000001100, -1.033567762626084000E-015, 1.280000000000000000 ) ) ;
#2106 = FACE_OUTER_BOUND ( 'NONE', #1967, .T. ) ;
#2107 = PLANE ( 'NONE',  #2108 ) ;
#2108 = AXIS2_PLACEMENT_3D ( 'NONE', #2109, #2110, #2111 ) ;
#2109 = CARTESIAN_POINT ( 'NONE',  ( -10.75000000000000000, 1.754400374531754900, -2.100000000000000100 ) ) ;
#2110 = DIRECTION ( 'NONE',  ( -1.000000000000000000, 0.0000000000000000000, 0.0000000000000000000 ) ) ;
#2111 = DIRECTION ( 'NONE',  ( 0.0000000000000000000, 0.0000000000000000000, 1.000000000000000000 ) ) ;
#2112 = CARTESIAN_POINT ( 'NONE',  ( -9.700000000000001100, 0.9000000000000000200, -10.88000000000000100 ) ) ;
#2113 = LINE ( 'NONE', #2114, #2115 ) ;
#2114 = CARTESIAN_POINT ( 'NONE',  ( -11.10000000000000000, -1.033567762626084000E-015, -10.88000000000000100 ) ) ;
#2115 = VECTOR ( 'NONE', #2117, 1000.000000000000000 ) ;
#2116 = ORIENTED_EDGE ( 'NONE', *, *, #1309, .F. ) ;
#2117 = DIRECTION ( 'NONE',  ( 0.0000000000000000000, 0.0000000000000000000, -1.000000000000000000 ) ) ;
#2118 = LINE ( 'NONE', #2119, #2120 ) ;
#2119 = CARTESIAN_POINT ( 'NONE',  ( -10.75000000000000000, 0.6999999999999999600, -2.100000000000000100 ) ) ;
#2120 = VECTOR ( 'NONE', #2121, 1000.000000000000000 ) ;
#2121 = DIRECTION ( 'NONE',  ( 1.734723475976805100E-015, 0.0000000000000000000, 1.000000000000000000 ) ) ;
#2122 = LINE ( 'NONE', #2123, #2124 ) ;
#2123 = CARTESIAN_POINT ( 'NONE',  ( -1.250000000000000000, 0.9000000000000000200, -11.25000000000000000 ) ) ;
#2124 = VECTOR ( 'NONE', #2125, 1000.000000000000000 ) ;
#2125 = DIRECTION ( 'NONE',  ( 0.0000000000000000000, 1.000000000000000000, 0.0000000000000000000 ) ) ;
#2126 = LINE ( 'NONE', #2127, #2128 ) ;
#2127 = CARTESIAN_POINT ( 'NONE',  ( -11.25000000000000000, 0.9000000000000000200, -0.5000000000000000000 ) ) ;
#2128 = VECTOR ( 'NONE', #2129, 1000.000000000000000 ) ;
#2129 = DIRECTION ( 'NONE',  ( 1.000000000000000000, 0.0000000000000000000, -2.168404344971020200E-016 ) ) ;
#2130 = CARTESIAN_POINT ( 'NONE',  ( -1.250000000000000000, 0.9000000000000000200, -11.25000000000000000 ) ) ;
#2131 = FACE_OUTER_BOUND ( 'NONE', #959, .T. ) ;
#2132 = COLOUR_RGB ( '',0.9176470588235293700, 0.9058823529411764700, 0.7686274509803920900 ) ;
#2133 = EDGE_CURVE ( 'NONE', #170, #416, #1105, .T. ) ;
#2134 = EDGE_CURVE ( 'NONE', #441, #222, #1137, .T. ) ;
#2135 = FILL_AREA_STYLE_COLOUR ( '', #2132 ) ;
#2136 = FILL_AREA_STYLE ('',( #2135 ) ) ;
#2137 = SURFACE_STYLE_FILL_AREA ( #2136 ) ;
#2138 = SURFACE_SIDE_STYLE ('',( #2137 ) ) ;
#2139 = SURFACE_STYLE_USAGE ( .BOTH. , #2138 ) ;
#2140 = PRESENTATION_STYLE_ASSIGNMENT (( #2139 ) ) ;
#2141 = STYLED_ITEM ( 'NONE', ( #2140 ), #410 ) ;
#2142 = PRESENTATION_LAYER_ASSIGNMENT (  '', '', ( #2141 ) ) ;
#2143 = MECHANICAL_DESIGN_GEOMETRIC_PRESENTATION_REPRESENTATION (  '', ( #2141 ), #2148 ) ;
#2144 =( LENGTH_UNIT ( ) NAMED_UNIT ( * ) SI_UNIT ( .MILLI., .METRE. ) );
#2145 =( NAMED_UNIT ( * ) PLANE_ANGLE_UNIT ( ) SI_UNIT ( $, .RADIAN. ) );
#2146 =( NAMED_UNIT ( * ) SI_UNIT ( $, .STERADIAN. ) SOLID_ANGLE_UNIT ( ) );
#2147 = UNCERTAINTY_MEASURE_WITH_UNIT (LENGTH_MEASURE( 1.000000000000000100E-005 ), #2144, 'distance_accuracy_value', 'NONE');
#2148 =( GEOMETRIC_REPRESENTATION_CONTEXT ( 3 ) GLOBAL_UNCERTAINTY_ASSIGNED_CONTEXT ( ( #2147 ) ) GLOBAL_UNIT_ASSIGNED_CONTEXT ( ( #2144, #2145, #2146 ) ) REPRESENTATION_CONTEXT ( 'NONE', 'WORKASPACE' ) );
#2149 = PLANE ( 'NONE',  #2150 ) ;
#2150 = AXIS2_PLACEMENT_3D ( 'NONE', #2151, #2152, #2153 ) ;
#2151 = CARTESIAN_POINT ( 'NONE',  ( -1.250000000000000000, -8.511014159065500300E-017, 1.280000000000000000 ) ) ;
#2152 = DIRECTION ( 'NONE',  ( 0.0000000000000000000, -1.000000000000000000, 0.0000000000000000000 ) ) ;
#2153 = DIRECTION ( 'NONE',  ( 0.0000000000000000000, 0.0000000000000000000, -1.000000000000000000 ) ) ;
#2154 = CARTESIAN_POINT ( 'NONE',  ( -4.850000000000000500, 0.9000000000000000200, -0.2000000000000000100 ) ) ;
#2155 = LINE ( 'NONE', #2156, #2157 ) ;
#2156 = CARTESIAN_POINT ( 'NONE',  ( -0.5999999999999999800, -3.200000000000000200, -9.000000000000000000 ) ) ;
#2157 = VECTOR ( 'NONE', #2158, 1000.000000000000000 ) ;
#2158 = DIRECTION ( 'NONE',  ( -1.000000000000000000, 0.0000000000000000000, 0.0000000000000000000 ) ) ;
#2159 = CARTESIAN_POINT ( 'NONE',  ( -9.700000000000001100, -1.033567762626084000E-015, -10.88000000000000100 ) ) ;
#2160 = LINE ( 'NONE', #2161, #2162 ) ;
#2161 = CARTESIAN_POINT ( 'NONE',  ( -10.75000000000000000, 0.9000000000000000200, -7.500000000000000000 ) ) ;
#2162 = VECTOR ( 'NONE', #2163, 1000.000000000000000 ) ;
#2163 = DIRECTION ( 'NONE',  ( 0.0000000000000000000, 0.0000000000000000000, 1.000000000000000000 ) ) ;
#2164 = CARTESIAN_POINT ( 'NONE',  ( 1.750000000000000000, 16.60000000000000100, -5.950000000000000200 ) ) ;
#2165 = LINE ( 'NONE', #2166, #2168 ) ;
#2166 = CARTESIAN_POINT ( 'NONE',  ( 0.4500000000000000100, 16.10000000000000100, -5.950000000000000200 ) ) ;
#2167 = EDGE_CURVE ( 'NONE', #247, #2372, #1173, .T. ) ;
#2168 = VECTOR ( 'NONE', #2169, 1000.000000000000000 ) ;
#2169 = DIRECTION ( 'NONE',  ( 0.0000000000000000000, 1.000000000000000000, 0.0000000000000000000 ) ) ;
#2170 = CARTESIAN_POINT ( 'NONE',  ( -11.10000000000000000, -1.033567762626084000E-015, -10.88000000000000100 ) ) ;
#2171 = FACE_OUTER_BOUND ( 'NONE', #251, .T. ) ;
#2172 = PLANE ( 'NONE',  #2173 ) ;
#2173 = AXIS2_PLACEMENT_3D ( 'NONE', #2174, #2175, #2176 ) ;
#2174 = CARTESIAN_POINT ( 'NONE',  ( -11.25000000000000000, 1.754400374531754900, -7.500000000000000000 ) ) ;
#2175 = DIRECTION ( 'NONE',  ( -1.000000000000000000, 0.0000000000000000000, 0.0000000000000000000 ) ) ;
#2176 = DIRECTION ( 'NONE',  ( 0.0000000000000000000, 0.0000000000000000000, 1.000000000000000000 ) ) ;
#2177 = CARTESIAN_POINT ( 'NONE',  ( -2.649999999999999900, -8.511014159065500300E-017, 1.280000000000000000 ) ) ;
#2178 = CARTESIAN_POINT ( 'NONE',  ( 0.4500000000000000100, 16.10000000000000100, -3.649999999999999900 ) ) ;
#2179 = LINE ( 'NONE', #2180, #2181 ) ;
#2180 = CARTESIAN_POINT ( 'NONE',  ( -11.10000000000000000, -1.033567762626084000E-015, 1.280000000000000000 ) ) ;
#2181 = VECTOR ( 'NONE', #2182, 1000.000000000000000 ) ;
#2182 = DIRECTION ( 'NONE',  ( 1.000000000000000000, 0.0000000000000000000, 0.0000000000000000000 ) ) ;
#2183 = CARTESIAN_POINT ( 'NONE',  ( 0.4500000000000000100, 16.60000000000000100, -5.950000000000000200 ) ) ;
#2184 = LINE ( 'NONE', #2185, #2186 ) ;
#2185 = CARTESIAN_POINT ( 'NONE',  ( -4.850000000000000500, 1.754400374531754900, -0.2000000000000000100 ) ) ;
#2186 = VECTOR ( 'NONE', #2187, 1000.000000000000000 ) ;
#2187 = DIRECTION ( 'NONE',  ( 0.0000000000000000000, -1.000000000000000000, 0.0000000000000000000 ) ) ;
#2188 = FACE_OUTER_BOUND ( 'NONE', #190, .T. ) ;
#2189 = COLOUR_RGB ( '',0.9176470588235293700, 0.9058823529411764700, 0.7686274509803920900 ) ;
#2190 = FILL_AREA_STYLE_COLOUR ( '', #2189 ) ;
#2191 = FILL_AREA_STYLE ('',( #2190 ) ) ;
#2192 = SURFACE_STYLE_FILL_AREA ( #2191 ) ;
#2193 = SURFACE_SIDE_STYLE ('',( #2192 ) ) ;
#2194 = SURFACE_STYLE_USAGE ( .BOTH. , #2193 ) ;
#2195 = PRESENTATION_STYLE_ASSIGNMENT (( #2194 ) ) ;
#2196 = STYLED_ITEM ( 'NONE', ( #2195 ), #429 ) ;
#2197 = PRESENTATION_LAYER_ASSIGNMENT (  '', '', ( #2196 ) ) ;
#2198 = MECHANICAL_DESIGN_GEOMETRIC_PRESENTATION_REPRESENTATION (  '', ( #2196 ), #2207 ) ;
#2199 =( LENGTH_UNIT ( ) NAMED_UNIT ( * ) SI_UNIT ( .MILLI., .METRE. ) );
#2200 = EDGE_CURVE ( 'NONE', #175, #2389, #1193, .T. ) ;
#2201 = EDGE_CURVE ( 'NONE', #224, #399, #1197, .T. ) ;
#2202 = ORIENTED_EDGE ( 'NONE', *, *, #264, .T. ) ;
#2203 = EDGE_CURVE ( 'NONE', #175, #2450, #1202, .T. ) ;
#2204 =( NAMED_UNIT ( * ) PLANE_ANGLE_UNIT ( ) SI_UNIT ( $, .RADIAN. ) );
#2205 =( NAMED_UNIT ( * ) SI_UNIT ( $, .STERADIAN. ) SOLID_ANGLE_UNIT ( ) );
#2206 = UNCERTAINTY_MEASURE_WITH_UNIT (LENGTH_MEASURE( 1.000000000000000100E-005 ), #2199, 'distance_accuracy_value', 'NONE');
#2207 =( GEOMETRIC_REPRESENTATION_CONTEXT ( 3 ) GLOBAL_UNCERTAINTY_ASSIGNED_CONTEXT ( ( #2206 ) ) GLOBAL_UNIT_ASSIGNED_CONTEXT ( ( #2199, #2204, #2205 ) ) REPRESENTATION_CONTEXT ( 'NONE', 'WORKASPACE' ) );
#2208 = PLANE ( 'NONE',  #2209 ) ;
#2209 = AXIS2_PLACEMENT_3D ( 'NONE', #2210, #2211, #2212 ) ;
#2210 = CARTESIAN_POINT ( 'NONE',  ( -2.649999999999999900, 0.9000000000000000200, 1.280000000000000000 ) ) ;
#2211 = DIRECTION ( 'NONE',  ( -1.000000000000000000, 0.0000000000000000000, 0.0000000000000000000 ) ) ;
#2212 = DIRECTION ( 'NONE',  ( 0.0000000000000000000, 0.0000000000000000000, 1.000000000000000000 ) ) ;
#2213 = LINE ( 'NONE', #2214, #2215 ) ;
#2214 = CARTESIAN_POINT ( 'NONE',  ( -4.850000000000000500, -3.200000000000000200, -10.20000000000000100 ) ) ;
#2215 = VECTOR ( 'NONE', #2216, 1000.000000000000000 ) ;
#2216 = DIRECTION ( 'NONE',  ( 1.000000000000000000, 0.0000000000000000000, -7.228014483236720200E-016 ) ) ;
#2217 = LINE ( 'NONE', #2218, #2219 ) ;
#2218 = CARTESIAN_POINT ( 'NONE',  ( -0.5999999999999999800, 0.9000000000000000200, 0.5999999999999999800 ) ) ;
#2219 = VECTOR ( 'NONE', #2221, 1000.000000000000000 ) ;
#2220 = ORIENTED_EDGE ( 'NONE', *, *, #545, .T. ) ;
#2221 = DIRECTION ( 'NONE',  ( 0.0000000000000000000, 0.0000000000000000000, 1.000000000000000000 ) ) ;
#2222 = LINE ( 'NONE', #2223, #2224 ) ;
#2223 = CARTESIAN_POINT ( 'NONE',  ( 0.5999999999999999800, 0.9000000000000000200, 0.5999999999999999800 ) ) ;
#2224 = VECTOR ( 'NONE', #2225, 1000.000000000000000 ) ;
#2225 = DIRECTION ( 'NONE',  ( 0.0000000000000000000, 0.0000000000000000000, -1.000000000000000000 ) ) ;
#2226 = CARTESIAN_POINT ( 'NONE',  ( 0.4500000000000000100, 16.10000000000000100, -5.950000000000000200 ) ) ;
#2227 = LINE ( 'NONE', #2228, #2229 ) ;
#2228 = CARTESIAN_POINT ( 'NONE',  ( -11.10000000000000000, 0.9000000000000000200, 1.280000000000000000 ) ) ;
#2229 = VECTOR ( 'NONE', #2230, 1000.000000000000000 ) ;
#2230 = DIRECTION ( 'NONE',  ( 0.0000000000000000000, 0.0000000000000000000, 1.000000000000000000 ) ) ;
#2231 = FACE_OUTER_BOUND ( 'NONE', #197, .T. ) ;
#2232 = PLANE ( 'NONE',  #2233 ) ;
#2233 = AXIS2_PLACEMENT_3D ( 'NONE', #2234, #2235, #2236 ) ;
#2234 = CARTESIAN_POINT ( 'NONE',  ( -0.5999999999999999800, 2.597056274847715100, -9.000000000000000000 ) ) ;
#2235 = DIRECTION ( 'NONE',  ( 0.0000000000000000000, 0.0000000000000000000, 1.000000000000000000 ) ) ;
#2236 = DIRECTION ( 'NONE',  ( 1.000000000000000000, 0.0000000000000000000, 0.0000000000000000000 ) ) ;
#2237 = CARTESIAN_POINT ( 'NONE',  ( -2.649999999999999900, -8.511014159065500300E-017, 1.649999999999999900 ) ) ;
#2238 = CARTESIAN_POINT ( 'NONE',  ( -4.850000000000000500, 0.9000000000000000200, -10.20000000000000100 ) ) ;
#2239 = LINE ( 'NONE', #2240, #2241 ) ;
#2240 = CARTESIAN_POINT ( 'NONE',  ( -1.250000000000000000, 0.9000000000000000200, 1.280000000000000000 ) ) ;
#2241 = VECTOR ( 'NONE', #2242, 1000.000000000000000 ) ;
#2242 = DIRECTION ( 'NONE',  ( 0.0000000000000000000, 0.0000000000000000000, 1.000000000000000000 ) ) ;
#2243 = CARTESIAN_POINT ( 'NONE',  ( 1.750000000000000000, 0.9000000000000000200, -11.25000000000000000 ) ) ;
#2244 = CARTESIAN_POINT ( 'NONE',  ( -2.649999999999999900, -8.511014159065500300E-017, -10.88000000000000100 ) ) ;
#2245 = LINE ( 'NONE', #2246, #2247 ) ;
#2246 = CARTESIAN_POINT ( 'NONE',  ( -11.25000000000000000, -3.200000000000000200, -7.500000000000000000 ) ) ;
#2247 = VECTOR ( 'NONE', #2248, 1000.000000000000000 ) ;
#2248 = DIRECTION ( 'NONE',  ( -1.000000000000000000, 0.0000000000000000000, 0.0000000000000000000 ) ) ;
#2249 = CARTESIAN_POINT ( 'NONE',  ( -5.150000000000000400, 0.9000000000000000200, -9.400000000000000400 ) ) ;
#2250 = LINE ( 'NONE', #2251, #2252 ) ;
#2251 = CARTESIAN_POINT ( 'NONE',  ( -13.15000000000000000, 0.9000000000000000200, -11.25000000000000000 ) ) ;
#2252 = VECTOR ( 'NONE', #2254, 1000.000000000000000 ) ;
#2253 = EDGE_LOOP ( 'NONE', ( #67, #121, #54, #1487 ) ) ;
#2254 = DIRECTION ( 'NONE',  ( -1.344746880602176000E-016, 0.0000000000000000000, 1.000000000000000000 ) ) ;
#2255 = FACE_OUTER_BOUND ( 'NONE', #1748, .T. ) ;
#2256 = PLANE ( 'NONE',  #2257 ) ;
#2257 = AXIS2_PLACEMENT_3D ( 'NONE', #2258, #2259, #2260 ) ;
#2258 = CARTESIAN_POINT ( 'NONE',  ( -0.5999999999999999800, 2.597056274847715100, -10.20000000000000100 ) ) ;
#2259 = DIRECTION ( 'NONE',  ( -1.000000000000000000, 0.0000000000000000000, 0.0000000000000000000 ) ) ;
#2260 = DIRECTION ( 'NONE',  ( 0.0000000000000000000, 0.0000000000000000000, 1.000000000000000000 ) ) ;
#2261 = CARTESIAN_POINT ( 'NONE',  ( 1.750000000000000000, 16.60000000000000100, -3.649999999999999900 ) ) ;
#2262 = CARTESIAN_POINT ( 'NONE',  ( -5.150000000000000400, 0.9000000000000000200, -10.20000000000000100 ) ) ;
#2263 = LINE ( 'NONE', #2264, #2265 ) ;
#2264 = CARTESIAN_POINT ( 'NONE',  ( 0.5999999999999999800, -3.200000000000000200, 0.5999999999999999800 ) ) ;
#2265 = VECTOR ( 'NONE', #2266, 1000.000000000000000 ) ;
#2266 = DIRECTION ( 'NONE',  ( 0.0000000000000000000, 0.0000000000000000000, -1.000000000000000000 ) ) ;
#2267 = FACE_OUTER_BOUND ( 'NONE', #177, .T. ) ;
#2268 = COLOUR_RGB ( '',0.9176470588235293700, 0.9058823529411764700, 0.7686274509803920900 ) ;
#2269 = FILL_AREA_STYLE_COLOUR ( '', #2268 ) ;
#2270 = EDGE_LOOP ( 'NONE', ( #5, #191 ) ) ;
#2271 = EDGE_LOOP ( 'NONE', ( #2430, #471, #502, #201 ) ) ;
#2272 = FILL_AREA_STYLE ('',( #2269 ) ) ;
#2273 = SURFACE_STYLE_FILL_AREA ( #2272 ) ;
#2274 = SURFACE_SIDE_STYLE ('',( #2273 ) ) ;
#2275 = SURFACE_STYLE_USAGE ( .BOTH. , #2274 ) ;
#2276 = PRESENTATION_STYLE_ASSIGNMENT (( #2275 ) ) ;
#2277 = STYLED_ITEM ( 'NONE', ( #2276 ), #244 ) ;
#2278 = PRESENTATION_LAYER_ASSIGNMENT (  '', '', ( #2277 ) ) ;
#2279 = MECHANICAL_DESIGN_GEOMETRIC_PRESENTATION_REPRESENTATION (  '', ( #2277 ), #2284 ) ;
#2280 =( LENGTH_UNIT ( ) NAMED_UNIT ( * ) SI_UNIT ( .MILLI., .METRE. ) );
#2281 =( NAMED_UNIT ( * ) PLANE_ANGLE_UNIT ( ) SI_UNIT ( $, .RADIAN. ) );
#2282 =( NAMED_UNIT ( * ) SI_UNIT ( $, .STERADIAN. ) SOLID_ANGLE_UNIT ( ) );
#2283 = UNCERTAINTY_MEASURE_WITH_UNIT (LENGTH_MEASURE( 1.000000000000000100E-005 ), #2280, 'distance_accuracy_value', 'NONE');
#2284 =( GEOMETRIC_REPRESENTATION_CONTEXT ( 3 ) GLOBAL_UNCERTAINTY_ASSIGNED_CONTEXT ( ( #2283 ) ) GLOBAL_UNIT_ASSIGNED_CONTEXT ( ( #2280, #2281, #2282 ) ) REPRESENTATION_CONTEXT ( 'NONE', 'WORKASPACE' ) );
#2285 = PLANE ( 'NONE',  #2286 ) ;
#2286 = AXIS2_PLACEMENT_3D ( 'NONE', #2287, #2289, #2290 ) ;
#2287 = CARTESIAN_POINT ( 'NONE',  ( -13.15000000000000000, 16.60000000000000100, 1.649999999999999900 ) ) ;
#2288 = ORIENTED_EDGE ( 'NONE', *, *, #445, .F. ) ;
#2289 = DIRECTION ( 'NONE',  ( 0.0000000000000000000, 0.0000000000000000000, -1.000000000000000000 ) ) ;
#2290 = DIRECTION ( 'NONE',  ( -1.000000000000000000, 0.0000000000000000000, 0.0000000000000000000 ) ) ;
#2291 = LINE ( 'NONE', #2292, #2293 ) ;
#2292 = CARTESIAN_POINT ( 'NONE',  ( -4.850000000000000500, -3.200000000000000200, 0.5999999999999999800 ) ) ;
#2293 = VECTOR ( 'NONE', #2294, 1000.000000000000000 ) ;
#2294 = DIRECTION ( 'NONE',  ( 1.000000000000000000, 0.0000000000000000000, 7.228014483236720200E-016 ) ) ;
#2295 = LINE ( 'NONE', #2296, #2297 ) ;
#2296 = CARTESIAN_POINT ( 'NONE',  ( -1.250000000000000000, 0.9000000000000000200, 1.280000000000000000 ) ) ;
#2297 = VECTOR ( 'NONE', #2298, 1000.000000000000000 ) ;
#2298 = DIRECTION ( 'NONE',  ( -1.000000000000000000, 0.0000000000000000000, 0.0000000000000000000 ) ) ;
#2299 = CARTESIAN_POINT ( 'NONE',  ( -0.5999999999999999800, 0.9000000000000000200, -0.5999999999999999800 ) ) ;
#2300 = LINE ( 'NONE', #2301, #2302 ) ;
#2301 = CARTESIAN_POINT ( 'NONE',  ( 0.4500000000000000700, 18.15563491861039900, -4.249999999999999100 ) ) ;
#2302 = VECTOR ( 'NONE', #2303, 1000.000000000000000 ) ;
#2303 = DIRECTION ( 'NONE',  ( 0.0000000000000000000, -1.000000000000000000, 0.0000000000000000000 ) ) ;
#2304 = FACE_OUTER_BOUND ( 'NONE', #516, .T. ) ;
#2305 = PLANE ( 'NONE',  #2306 ) ;
#2306 = AXIS2_PLACEMENT_3D ( 'NONE', #2307, #2308, #2309 ) ;
#2307 = CARTESIAN_POINT ( 'NONE',  ( -0.5999999999999999800, -3.200000000000000200, -0.5999999999999999800 ) ) ;
#2308 = DIRECTION ( 'NONE',  ( 0.0000000000000000000, -1.000000000000000000, 0.0000000000000000000 ) ) ;
#2309 = DIRECTION ( 'NONE',  ( 0.0000000000000000000, 0.0000000000000000000, -1.000000000000000000 ) ) ;
#2310 = FACE_OUTER_BOUND ( 'NONE', #1, .T. ) ;
#2311 = COLOUR_RGB ( '',0.9176470588235293700, 0.9058823529411764700, 0.7686274509803920900 ) ;
#2312 = FILL_AREA_STYLE_COLOUR ( '', #2311 ) ;
#2313 = FILL_AREA_STYLE ('',( #2312 ) ) ;
#2314 = SURFACE_STYLE_FILL_AREA ( #2313 ) ;
#2315 = SURFACE_SIDE_STYLE ('',( #2314 ) ) ;
#2316 = SURFACE_STYLE_USAGE ( .BOTH. , #2315 ) ;
#2317 = PRESENTATION_STYLE_ASSIGNMENT (( #2316 ) ) ;
#2318 = STYLED_ITEM ( 'NONE', ( #2317 ), #1659 ) ;
#2319 = PRESENTATION_LAYER_ASSIGNMENT (  '', '', ( #2318 ) ) ;
#2320 = MECHANICAL_DESIGN_GEOMETRIC_PRESENTATION_REPRESENTATION (  '', ( #2318 ), #2326 ) ;
#2321 = ORIENTED_EDGE ( 'NONE', *, *, #389, .T. ) ;
#2322 =( LENGTH_UNIT ( ) NAMED_UNIT ( * ) SI_UNIT ( .MILLI., .METRE. ) );
#2323 =( NAMED_UNIT ( * ) PLANE_ANGLE_UNIT ( ) SI_UNIT ( $, .RADIAN. ) );
#2324 =( NAMED_UNIT ( * ) SI_UNIT ( $, .STERADIAN. ) SOLID_ANGLE_UNIT ( ) );
#2325 = UNCERTAINTY_MEASURE_WITH_UNIT (LENGTH_MEASURE( 1.000000000000000100E-005 ), #2322, 'distance_accuracy_value', 'NONE');
#2326 =( GEOMETRIC_REPRESENTATION_CONTEXT ( 3 ) GLOBAL_UNCERTAINTY_ASSIGNED_CONTEXT ( ( #2325 ) ) GLOBAL_UNIT_ASSIGNED_CONTEXT ( ( #2322, #2323, #2324 ) ) REPRESENTATION_CONTEXT ( 'NONE', 'WORKASPACE' ) );
#2327 = PLANE ( 'NONE',  #2328 ) ;
#2328 = AXIS2_PLACEMENT_3D ( 'NONE', #2329, #2330, #2331 ) ;
#2329 = CARTESIAN_POINT ( 'NONE',  ( -9.700000000000001100, 0.9000000000000000200, 1.280000000000000000 ) ) ;
#2330 = DIRECTION ( 'NONE',  ( 1.000000000000000000, 0.0000000000000000000, 0.0000000000000000000 ) ) ;
#2331 = DIRECTION ( 'NONE',  ( 0.0000000000000000000, 0.0000000000000000000, -1.000000000000000000 ) ) ;
#2332 = FACE_OUTER_BOUND ( 'NONE', #1949, .T. ) ;
#2333 = PLANE ( 'NONE',  #2334 ) ;
#2334 = AXIS2_PLACEMENT_3D ( 'NONE', #2335, #2336, #2337 ) ;
#2335 = CARTESIAN_POINT ( 'NONE',  ( -4.850000000000000500, 1.754400374531754900, -10.20000000000000100 ) ) ;
#2336 = DIRECTION ( 'NONE',  ( 1.000000000000000000, 0.0000000000000000000, -1.084202172485504000E-015 ) ) ;
#2337 = DIRECTION ( 'NONE',  ( -1.084202172485504000E-015, 0.0000000000000000000, -1.000000000000000000 ) ) ;
#2338 = VERTEX_POINT ( 'NONE', #1286 ) ;
#2339 = FACE_OUTER_BOUND ( 'NONE', #348, .T. ) ;
#2340 = PLANE ( 'NONE',  #2341 ) ;
#2341 = AXIS2_PLACEMENT_3D ( 'NONE', #2342, #2343, #2344 ) ;
#2342 = CARTESIAN_POINT ( 'NONE',  ( -4.850000000000000500, 1.754400374531754900, -0.2000000000000000100 ) ) ;
#2343 = DIRECTION ( 'NONE',  ( 0.0000000000000000000, 0.0000000000000000000, 1.000000000000000000 ) ) ;
#2344 = DIRECTION ( 'NONE',  ( 1.000000000000000000, 0.0000000000000000000, 0.0000000000000000000 ) ) ;
#2345 = CARTESIAN_POINT ( 'NONE',  ( -0.5999999999999999800, 0.9000000000000000200, 0.5999999999999999800 ) ) ;
#2346 = FACE_OUTER_BOUND ( 'NONE', #147, .T. ) ;
#2347 = PLANE ( 'NONE',  #2348 ) ;
#2348 = AXIS2_PLACEMENT_3D ( 'NONE', #2349, #2350, #2351 ) ;
#2349 = CARTESIAN_POINT ( 'NONE',  ( -0.5999999999999999800, 2.597056274847715100, 0.5999999999999999800 ) ) ;
#2350 = DIRECTION ( 'NONE',  ( 0.0000000000000000000, 0.0000000000000000000, -1.000000000000000000 ) ) ;
#2351 = DIRECTION ( 'NONE',  ( -1.000000000000000000, 0.0000000000000000000, 0.0000000000000000000 ) ) ;
#2352 = LINE ( 'NONE', #2353, #2354 ) ;
#2353 = CARTESIAN_POINT ( 'NONE',  ( -11.25000000000000000, -3.200000000000000200, -2.100000000000000100 ) ) ;
#2354 = VECTOR ( 'NONE', #2356, 1000.000000000000000 ) ;
#2355 = ORIENTED_EDGE ( 'NONE', *, *, #57, .F. ) ;
#2356 = DIRECTION ( 'NONE',  ( -1.000000000000000000, 0.0000000000000000000, 0.0000000000000000000 ) ) ;
#2357 = CARTESIAN_POINT ( 'NONE',  ( -2.649999999999999900, 0.9000000000000000200, 1.649999999999999900 ) ) ;
#2358 = CARTESIAN_POINT ( 'NONE',  ( 0.4500000000000000700, 16.60000000000000100, -5.049999999999999800 ) ) ;
#2359 = CARTESIAN_POINT ( 'NONE',  ( -0.5999999999999999800, -3.200000000000000200, -9.000000000000000000 ) ) ;
#2360 = CARTESIAN_POINT ( 'NONE',  ( -2.649999999999999900, 0.9000000000000000200, -10.88000000000000100 ) ) ;
#2361 = FACE_OUTER_BOUND ( 'NONE', #282, .T. ) ;
#2362 = PLANE ( 'NONE',  #2363 ) ;
#2363 = AXIS2_PLACEMENT_3D ( 'NONE', #2364, #2365, #2366 ) ;
#2364 = CARTESIAN_POINT ( 'NONE',  ( -11.25000000000000000, 1.754400374531754900, -7.500000000000000000 ) ) ;
#2365 = DIRECTION ( 'NONE',  ( 0.0000000000000000000, 0.0000000000000000000, 1.000000000000000000 ) ) ;
#2366 = DIRECTION ( 'NONE',  ( 1.000000000000000000, 0.0000000000000000000, 0.0000000000000000000 ) ) ;
#2367 = CARTESIAN_POINT ( 'NONE',  ( 0.5999999999999999800, -3.200000000000000200, -0.5999999999999999800 ) ) ;
#2368 = FACE_OUTER_BOUND ( 'NONE', #287, .T. ) ;
#2369 = PLANE ( 'NONE',  #2370 ) ;
#2370 = AXIS2_PLACEMENT_3D ( 'NONE', #2371, #2373, #2374 ) ;
#2371 = CARTESIAN_POINT ( 'NONE',  ( -0.5999999999999999800, 2.597056274847715100, -0.5999999999999999800 ) ) ;
#2372 = VERTEX_POINT ( 'NONE', #1292 ) ;
#2373 = DIRECTION ( 'NONE',  ( 0.0000000000000000000, 0.0000000000000000000, 1.000000000000000000 ) ) ;
#2374 = DIRECTION ( 'NONE',  ( 1.000000000000000000, 0.0000000000000000000, 0.0000000000000000000 ) ) ;
#2375 = LINE ( 'NONE', #2376, #2377 ) ;
#2376 = CARTESIAN_POINT ( 'NONE',  ( -4.850000000000000500, 0.9000000000000000200, -10.20000000000000100 ) ) ;
#2377 = VECTOR ( 'NONE', #2378, 1000.000000000000000 ) ;
#2378 = DIRECTION ( 'NONE',  ( 1.000000000000000000, 0.0000000000000000000, -7.228014483236720200E-016 ) ) ;
#2379 = LINE ( 'NONE', #2380, #2381 ) ;
#2380 = CARTESIAN_POINT ( 'NONE',  ( -0.5999999999999999800, -3.200000000000000200, 0.5999999999999999800 ) ) ;
#2381 = VECTOR ( 'NONE', #2382, 1000.000000000000000 ) ;
#2382 = DIRECTION ( 'NONE',  ( 1.000000000000000000, 0.0000000000000000000, 0.0000000000000000000 ) ) ;
#2383 = LINE ( 'NONE', #2384, #2385 ) ;
#2384 = CARTESIAN_POINT ( 'NONE',  ( -9.700000000000001100, 0.9000000000000000200, 1.280000000000000000 ) ) ;
#2385 = VECTOR ( 'NONE', #2386, 1000.000000000000000 ) ;
#2386 = DIRECTION ( 'NONE',  ( 0.0000000000000000000, 0.0000000000000000000, 1.000000000000000000 ) ) ;
#2387 =( LENGTH_UNIT ( ) NAMED_UNIT ( * ) SI_UNIT ( .MILLI., .METRE. ) );
#2388 =( NAMED_UNIT ( * ) PLANE_ANGLE_UNIT ( ) SI_UNIT ( $, .RADIAN. ) );
#2389 = VERTEX_POINT ( 'NONE', #1303 ) ;
#2390 = ORIENTED_EDGE ( 'NONE', *, *, #2453, .T. ) ;
#2391 = ORIENTED_EDGE ( 'NONE', *, *, #922, .T. ) ;
#2392 = VERTEX_POINT ( 'NONE', #1311 ) ;
#2393 = EDGE_CURVE ( 'NONE', #344, #2392, #1318, .T. ) ;
#2394 = ORIENTED_EDGE ( 'NONE', *, *, #378, .F. ) ;
#2395 =( NAMED_UNIT ( * ) SI_UNIT ( $, .STERADIAN. ) SOLID_ANGLE_UNIT ( ) );
#2396 = UNCERTAINTY_MEASURE_WITH_UNIT (LENGTH_MEASURE( 1.000000000000000100E-005 ), #2387, 'distance_accuracy_value', 'NONE');
#2397 =( GEOMETRIC_REPRESENTATION_CONTEXT ( 3 ) GLOBAL_UNCERTAINTY_ASSIGNED_CONTEXT ( ( #2396 ) ) GLOBAL_UNIT_ASSIGNED_CONTEXT ( ( #2387, #2388, #2395 ) ) REPRESENTATION_CONTEXT ( 'NONE', 'WORKASPACE' ) );
#2398 = ADVANCED_BREP_SHAPE_REPRESENTATION ( 'G8PM_1AW7R', ( #31, #2399 ), #2397 ) ;
#2399 = AXIS2_PLACEMENT_3D ( 'NONE', #2400, #2401, #2402 ) ;
#2400 = CARTESIAN_POINT ( 'NONE',  ( 0.0000000000000000000, 0.0000000000000000000, 0.0000000000000000000 ) ) ;
#2401 = DIRECTION ( 'NONE',  ( 0.0000000000000000000, 0.0000000000000000000, 1.000000000000000000 ) ) ;
#2402 = DIRECTION ( 'NONE',  ( 1.000000000000000000, 0.0000000000000000000, 0.0000000000000000000 ) ) ;
#2403 = APPLICATION_CONTEXT ( 'automotive_design' ) ;
#2404 = APPLICATION_PROTOCOL_DEFINITION ( 'draft international standard', 'automotive_design', 1998, #2403 ) ;
#2405 = PRODUCT_CONTEXT ( 'NONE', #2403, 'mechanical' ) ;
#2406 = PRODUCT ( 'G8PM_1AW7R', 'G8PM_1AW7R', '', ( #2405 ) ) ;
#2407 = ORIENTED_EDGE ( 'NONE', *, *, #377, .F. ) ;
#2408 = ORIENTED_EDGE ( 'NONE', *, *, #415, .F. ) ;
#2409 = APPLICATION_CONTEXT ( 'automotive_design' ) ;
#2410 = APPLICATION_PROTOCOL_DEFINITION ( 'draft international standard', 'automotive_design', 1998, #2409 ) ;
#2411 = PRODUCT_DEFINITION_CONTEXT ( 'detailed design', #2409, 'design' ) ;
#2412 = PRODUCT_DEFINITION ( 'UNKNOWN', '', #2413, #2411 ) ;
#2413 = PRODUCT_DEFINITION_FORMATION_WITH_SPECIFIED_SOURCE ( 'ANY', '', #2406, .NOT_KNOWN. ) ;
#2414 = PRODUCT_RELATED_PRODUCT_CATEGORY ( 'part', '', ( #2406 ) ) ;
#2415 = PRODUCT_DEFINITION_SHAPE ( 'NONE', 'NONE',  #2412 ) ;
#2416 = SHAPE_DEFINITION_REPRESENTATION ( #2415, #2398 ) ;
#2417 = VERTEX_POINT ( 'NONE', #1389 ) ;
#2418 = EDGE_LOOP ( 'NONE', ( #1185, #428, #1080, #412 ) ) ;
#2419 = ORIENTED_EDGE ( 'NONE', *, *, #2425, .F. ) ;
#2420 = ORIENTED_EDGE ( 'NONE', *, *, #53, .F. ) ;
#2421 = ORIENTED_EDGE ( 'NONE', *, *, #2426, .F. ) ;
#2422 = EDGE_LOOP ( 'NONE', ( #274, #440, #547, #419 ) ) ;
#2423 = EDGE_CURVE ( 'NONE', #1782, #2372, #1462, .T. ) ;
#2424 = ORIENTED_EDGE ( 'NONE', *, *, #469, .T. ) ;
#2425 = EDGE_CURVE ( 'NONE', #252, #162, #1541, .T. ) ;
#2426 = EDGE_CURVE ( 'NONE', #2435, #1557, #1545, .T. ) ;
#2427 = CLOSED_SHELL ( 'NONE', ( #2463, #152, #1540, #517, #324, #443, #253, #292, #1660, #498, #798, #1659, #1079, #225, #202, #86, #1968, #993, #2445, #530, #456, #398, #1204, #272, #271, #142, #815, #473, #336, #429, #478, #298, #697, #231, #394, #1661, #244, #313, #470, #273, #259, #554, #340, #250, #1187, #537, #89, #383, #257, #521, #180, #49, #480, #8, #51, #203, #114, #211, #410, #539, #9, #355, #459, #354, #452, #133 ) ) ;
#2428 = EDGE_LOOP ( 'NONE', ( #851, #2447, #73, #242, #265, #2449 ) ) ;
#2429 = ORIENTED_EDGE ( 'NONE', *, *, #2434, .F. ) ;
#2430 = ORIENTED_EDGE ( 'NONE', *, *, #479, .F. ) ;
#2431 = ORIENTED_EDGE ( 'NONE', *, *, #88, .F. ) ;
#2432 = EDGE_CURVE ( 'NONE', #84, #518, #1629, .T. ) ;
#2433 = ORIENTED_EDGE ( 'NONE', *, *, #2, .T. ) ;
#2434 = EDGE_CURVE ( 'NONE', #237, #506, #1665, .T. ) ;
#2435 = VERTEX_POINT ( 'NONE', #1669 ) ;
#2436 = VERTEX_POINT ( 'NONE', #1672 ) ;
#2437 = ORIENTED_EDGE ( 'NONE', *, *, #254, .F. ) ;
#2438 = ORIENTED_EDGE ( 'NONE', *, *, #208, .F. ) ;
#2439 = ORIENTED_EDGE ( 'NONE', *, *, #20, .T. ) ;
#2440 = ORIENTED_EDGE ( 'NONE', *, *, #131, .F. ) ;
#2441 = ORIENTED_EDGE ( 'NONE', *, *, #2448, .T. ) ;
#2442 = ORIENTED_EDGE ( 'NONE', *, *, #4, .F. ) ;
#2443 = VERTEX_POINT ( 'NONE', #1785 ) ;
#2444 = ORIENTED_EDGE ( 'NONE', *, *, #90, .T. ) ;
#2445 = ADVANCED_FACE ( 'NONE', ( #1829 ), #1830, .T. ) ;
#2446 = ORIENTED_EDGE ( 'NONE', *, *, #905, .F. ) ;
#2447 = ORIENTED_EDGE ( 'NONE', *, *, #2456, .F. ) ;
#2448 = EDGE_CURVE ( 'NONE', #127, #104, #1844, .T. ) ;
#2449 = ORIENTED_EDGE ( 'NONE', *, *, #379, .F. ) ;
#2450 = VERTEX_POINT ( 'NONE', #1886 ) ;
#2451 = ORIENTED_EDGE ( 'NONE', *, *, #2134, .F. ) ;
#2452 = ORIENTED_EDGE ( 'NONE', *, *, #2423, .F. ) ;
#2453 = EDGE_CURVE ( 'NONE', #592, #1711, #1897, .T. ) ;
#2454 = EDGE_CURVE ( 'NONE', #1711, #1434, #1912, .T. ) ;
#2455 = EDGE_LOOP ( 'NONE', ( #370, #942, #483, #1966 ) ) ;
#2456 = EDGE_CURVE ( 'NONE', #391, #36, #1917, .T. ) ;
#2457 = EDGE_CURVE ( 'NONE', #1434, #134, #1921, .T. ) ;
#2458 = ORIENTED_EDGE ( 'NONE', *, *, #198, .T. ) ;
#2459 = ORIENTED_EDGE ( 'NONE', *, *, #1521, .T. ) ;
#2460 = ORIENTED_EDGE ( 'NONE', *, *, #519, .T. ) ;
#2461 = EDGE_LOOP ( 'NONE', ( #195, #2467, #941, #797 ) ) ;
#2462 = EDGE_LOOP ( 'NONE', ( #436, #117, #154, #427 ) ) ;
#2463 = ADVANCED_FACE ( 'NONE', ( #1980 ), #1981, .T. ) ;
#2464 = ORIENTED_EDGE ( 'NONE', *, *, #171, .T. ) ;
#2465 = EDGE_LOOP ( 'NONE', ( #433, #2464, #421, #40 ) ) ;
#2466 = VERTEX_POINT ( 'NONE', #2009 ) ;
#2467 = ORIENTED_EDGE ( 'NONE', *, *, #401, .F. ) ;
#2468 = EDGE_CURVE ( 'NONE', #2338, #1557, #2010, .T. ) ;
#2469 = EDGE_LOOP ( 'NONE', ( #414, #503, #1558, #132 ) ) ;
#2470 = ORIENTED_EDGE ( 'NONE', *, *, #396, .T. ) ;
#2471 = EDGE_CURVE ( 'NONE', #207, #2436, #2019, .T. ) ;
#2472 = ORIENTED_EDGE ( 'NONE', *, *, #389, .F. ) ;
#2473 = EDGE_CURVE ( 'NONE', #423, #1434, #2030, .T. ) ;
ENDSEC;
END-ISO-10303-21;
